Date,Sector,Daily_Return,Cumulative_Return,Cumulative_Return_Pct
2023-05-12,Auto,,,
2023-05-15,Auto,0.002795363293661362,0.002795363293661257,0.2795363293661257
2023-05-16,Auto,0.0015379044837317433,0.004337566779136104,0.4337566779136104
2023-05-17,Auto,0.005441671086116379,0.00980284147697863,0.980284147697863
2023-05-18,Auto,-0.009600654366238236,0.0001080734179128573,0.01080734179128573
2023-05-19,Auto,-0.002919554388354167,-0.002811796496662744,-0.2811796496662744
2023-05-22,Auto,0.005397243637544236,0.002570271190129869,0.2570271190129869
2023-05-23,Auto,0.01119782924254249,0.013796881890566493,1.3796881890566493
2023-05-24,Auto,0.0038407440755981706,0.01769061625854751,1.769061625854751
2023-05-25,Auto,0.00597518061522249,0.023771501501109293,2.3771501501109293
2023-05-26,Auto,0.004927964685045971,0.028816611306063278,2.881661130606328
2023-05-29,Auto,-0.0037758978772879123,0.024931904847314224,2.4931904847314224
2023-05-30,Auto,-0.008302925530115449,0.016421971567927685,1.6421971567927685
2023-05-31,Auto,0.0075882361325488555,0.024134821498495995,2.4134821498495995
2023-06-01,Auto,0.002484521872472408,0.02667930686286968,2.667930686286968
2023-06-02,Auto,0.004732358046360087,0.031537920941733466,3.1537920941733466
2023-06-05,Auto,0.0039250188010744,0.03558672667545104,3.558672667545104
2023-06-06,Auto,0.004144237638823409,0.03987844416640529,3.987844416640529
2023-06-07,Auto,0.0083633117258693,0.04857527175198095,4.857527175198095
2023-06-08,Auto,-0.005430414393757688,0.04288107350332071,4.288107350332071
2023-06-09,Auto,-0.002363518730260836,0.04041620455266104,4.041620455266104
2023-06-12,Auto,0.00762898486725341,0.048353524032838546,4.835352403283855
2023-06-13,Auto,0.0062283528062611615,0.054883039646202336,5.488303964620234
2023-06-14,Auto,-0.003079214581576401,0.05163482840866607,5.163482840866607
2023-06-15,Auto,-0.0027837003904825908,0.048707392126179805,4.8707392126179805
2023-06-16,Auto,0.00861139015896633,0.05773822064237044,5.773822064237044
2023-06-19,Auto,-0.0054378371423303585,0.051986412459299025,5.1986412459299025
2023-06-20,Auto,0.005641422286572995,0.057921112051718904,5.79211120517189
2023-06-21,Auto,0.007695030439301229,0.06606184721133634,6.606184721133634
2023-06-22,Auto,-0.004688351258144886,0.06106377480870284,6.106377480870284
2023-06-23,Auto,-0.010062540614927278,0.05038677747966225,5.038677747966225
2023-06-26,Auto,0.009675787761177798,0.06055009700570291,6.055009700570291
2023-06-27,Auto,0.002638788354269555,0.06334866425080099,6.334866425080099
2023-06-28,Auto,0.004480140606410856,0.0681126157802836,6.81126157802836
2023-06-30,Auto,0.020787155738831824,0.09031563907111928,9.031563907111927
2023-07-03,Auto,-0.00303599116468752,0.08700545042417862,8.700545042417861
2023-07-04,Auto,-0.006220983850565625,0.08024320707161303,8.024320707161303
2023-07-05,Auto,0.021346090791011605,0.10330217664613728,10.330217664613727
2023-07-06,Auto,0.020331885913941066,0.12573439063030922,12.573439063030921
2023-07-07,Auto,-0.0044060007079471785,0.1207744041082317,12.07744041082317
2023-07-10,Auto,0.001132488165046735,0.1220436678565715,12.20436678565715
2023-07-11,Auto,0.009452404904814428,0.13264967892603496,13.264967892603497
2023-07-12,Auto,0.005504268874937577,0.13888408729995572,13.888408729995572
2023-07-13,Auto,-0.0066463459116652785,0.13131466970246897,13.131466970246898
2023-07-14,Auto,0.008723384090752025,0.14118356209378602,14.118356209378602
2023-07-17,Auto,-0.0032151060323716532,0.1375145359392549,13.75145359392549
2023-07-18,Auto,0.00029750633753710613,0.13785295372273731,13.785295372273731
2023-07-19,Auto,-0.0019301366975557313,0.13565674198033495,13.565674198033495
2023-07-20,Auto,0.006362080363129636,0.14288188143774394,14.288188143774395
2023-07-21,Auto,0.0002832960770374513,0.1432056553912724,14.320565539127239
2023-07-24,Auto,-0.0001622910561878441,0.14302012333801906,14.302012333801905
2023-07-25,Auto,0.00894456439017599,0.15324394043048284,15.324394043048283
2023-07-26,Auto,0.008661555492973396,0.16323282681745677,16.323282681745678
2023-07-27,Auto,-0.0043209421111209895,0.15820656511102293,15.820656511102293
2023-07-28,Auto,0.0015490753611725656,0.16000071436418484,16.000071436418484
2023-07-31,Auto,0.01155226924874501,0.17340135494525644,17.340135494525644
2023-08-01,Auto,0.001073024998228959,0.17466044393206848,17.466044393206847
2023-08-02,Auto,-0.016226328314206524,0.155600017911115,15.5600017911115
2023-08-03,Auto,0.004117361918878021,0.160358041418317,16.0358041418317
2023-08-04,Auto,0.005594417984161746,0.16684956931329453,16.684956931329452
2023-08-07,Auto,-0.004949189914660084,0.1610746091929236,16.10746091929236
2023-08-08,Auto,0.0006641965488937572,0.16184579094135776,16.184579094135778
2023-08-09,Auto,0.007345588379189694,0.17038023188170714,17.038023188170715
2023-08-10,Auto,-0.005415857859361532,0.16404161890442936,16.404161890442936
2023-08-11,Auto,-0.004067366177702869,0.15930703539425894,15.930703539425895
2023-08-14,Auto,-0.004678377834997509,0.15388335905591388,15.388335905591388
2023-08-16,Auto,0.008306455652147111,0.16346804000566229,16.34680400056623
2023-08-17,Auto,0.0008016928084005707,0.16440078396613855,16.440078396613856
2023-08-18,Auto,-0.0004556649027418542,0.16387020739615998,16.387020739616
2023-08-21,Auto,0.00579156740706483,0.1706108401553692,17.06108401553692
2023-08-22,Auto,0.007897009280809534,0.1798551648242923,17.985516482429233
2023-08-23,Auto,-0.0004712228912523369,0.1792991900622647,17.92991900622647
2023-08-24,Auto,-7.694269031877088e-05,0.17920845160989063,17.920845160989064
2023-08-25,Auto,-0.00722997115500831,0.17068280851900908,17.06828085190091
2023-08-28,Auto,0.004327766265944099,0.1757492500858382,17.57492500858382
2023-08-29,Auto,0.004889768309116305,0.1814983915083752,18.149839150837522
2023-08-30,Auto,0.008427244674738,0.19145516753642577,19.14551675364258
2023-08-31,Auto,-0.0026670447802302766,0.18827750325096937,18.827750325096936
2023-09-01,Auto,0.007050199775896628,0.19665509703809247,19.66550970380925
2023-09-04,Auto,0.0027323678624337857,0.1999247989676569,19.99247989676569
2023-09-05,Auto,-0.001435160526457202,0.19820271426146152,19.820271426146153
2023-09-06,Auto,0.0014392675727535702,0.19992724857368316,19.992724857368316
2023-09-07,Auto,0.0018363693476750537,0.2021307581924039,20.213075819240387
2023-09-08,Auto,0.002314097064512065,0.20491260545109657,20.491260545109657
2023-09-11,Auto,0.008371471675344367,0.214999497198896,21.4999497198896
2023-09-12,Auto,-0.020105557933879494,0.19057125441832912,19.057125441832913
2023-09-13,Auto,-0.0008160039399918717,0.18959974358388276,18.959974358388276
2023-09-14,Auto,0.011479431299535646,0.2032556721142993,20.325567211429927
2023-09-15,Auto,0.011448304555459223,0.21703090950674753,21.703090950674753
2023-09-18,Auto,0.002106756100221294,0.21959489679950872,21.95948967995087
2023-09-20,Auto,-0.00029337178185300113,0.21923710207149583,21.923710207149583
2023-09-21,Auto,-0.014742779110985501,0.2012621587917376,20.12621587917376
2023-09-22,Auto,0.002904143841334873,0.20475079689202125,20.475079689202126
2023-09-25,Auto,0.0056178227835726275,0.21151887336732855,21.151887336732855
2023-09-26,Auto,5.110955825729821e-05,0.21158079356176684,21.158079356176685
2023-09-27,Auto,0.004307454474871125,0.21679962267266228,21.679962267266227
2023-09-28,Auto,-0.01197165208905309,0.2022325209279341,20.22325209279341
2023-09-29,Auto,0.0039297332577618825,0.2069569740489876,20.69569740489876
2023-10-03,Auto,-0.005763603159109454,0.2000005530204496,20.000055302044963
2023-10-04,Auto,-0.011275646789600975,0.1864697706372651,18.64697706372651
2023-10-05,Auto,0.009209521021738696,0.1973965889316065,19.73965889316065
2023-10-06,Auto,0.003482776537215996,0.2015668536772801,20.15668536772801
2023-10-09,Auto,-0.012786377041406886,0.1862031668457056,18.62031668457056
2023-10-10,Auto,0.01376153934215076,0.20252714839403674,20.252714839403673
2023-10-11,Auto,0.019945471822936354,0.22651211974864593,22.651211974864594
2023-10-12,Auto,0.00664881192400406,0.23466696815536614,23.466696815536615
2023-10-13,Auto,-0.0013454454982109979,0.23300579104127173,23.300579104127173
2023-10-16,Auto,0.0038725055975277756,0.2377806128688631,23.77806128688631
2023-10-17,Auto,0.007775226748829671,0.24740463779922384,24.740463779922383
2023-10-18,Auto,-0.0049005033300665675,0.2412917272177484,24.12917272177484
2023-10-19,Auto,0.0034179851470019108,0.2455344439044751,24.55344439044751
2023-10-20,Auto,-0.010900544966144109,0.23195743969181315,23.195743969181315
2023-10-23,Auto,-0.019977214619995347,0.20734636151638974,20.734636151638973
2023-10-25,Auto,-0.005309569280418462,0.2009358723644572,20.09358723644572
2023-10-26,Auto,-0.004896757485565321,0.19505518064177263,19.505518064177263
2023-10-27,Auto,0.009808994296460236,0.20677747009264302,20.6777470092643
2023-10-30,Auto,-0.0023130854320824058,0.2039860907068065,20.39860907068065
2023-10-31,Auto,-0.003989015024556286,0.1991833721016203,19.91833721016203
2023-11-01,Auto,-0.003537826279785081,0.19494086965351798,19.494086965351798
2023-11-02,Auto,0.011309456310485336,0.20845500121247795,20.845500121247795
2023-11-03,Auto,0.003507677022030864,0.21269387105238913,21.269387105238913
2023-11-06,Auto,0.011028705218920028,0.2260683142770168,22.606831427701678
2023-11-07,Auto,-0.0018934704895965382,0.22374679010570397,22.374679010570397
2023-11-08,Auto,0.011538698262672712,0.23786723506664775,23.786723506664774
2023-11-09,Auto,0.0008693035000034834,0.23894331738663088,23.894331738663087
2023-11-10,Auto,-0.001367091545035183,0.23724956845265366,23.724956845265368
2023-11-13,Auto,0.0013036174490955732,0.23886246857897442,23.88624685789744
2023-11-15,Auto,0.017375369313844327,0.2603881614995949,26.038816149959487
2023-11-16,Auto,0.006110190505137996,0.26808937327677795,26.808937327677796
2023-11-17,Auto,0.008415803256998144,0.2787613639545654,27.87613639545654
2023-11-20,Auto,-0.008202109215737342,0.2682728235865448,26.82728235865448
2023-11-21,Auto,0.00498247522099065,0.2745919615035206,27.45919615035206
2023-11-22,Auto,-0.0018553794519745098,0.27222710976849496,27.222710976849495
2023-11-23,Auto,0.007870294924806108,0.2822399123337067,28.223991233370672
2023-11-24,Auto,0.0003671804606581329,0.2827107257753918,28.27107257753918
2023-11-28,Auto,0.005328075549650868,0.2895451054306708,28.95451054306708
2023-11-29,Auto,0.01060630143535055,0.30322240953334934,30.322240953334934
2023-11-30,Auto,0.0048077698950219384,0.3094880030004217,30.948800300042166
2023-12-01,Auto,0.006629687805080263,0.31816949964481234,31.816949964481232
2023-12-04,Auto,0.00856900733130407,0.3294649037511701,32.94649037511701
2023-12-05,Auto,0.006263304528666925,0.33779174730353856,33.77917473035386
2023-12-06,Auto,-0.002833230703649486,0.3340014746499893,33.40014746499893
2023-12-07,Auto,0.00693135553081146,0.3432479131494153,34.32479131494153
2023-12-08,Auto,-0.005841052812895363,0.33540193114789796,33.540193114789794
2023-12-11,Auto,0.0012591703676611493,0.337083429688517,33.7083429688517
2023-12-12,Auto,-0.005092721265941014,0.33027403647180487,33.027403647180485
2023-12-13,Auto,0.009161541723664075,0.34246139756084837,34.24613975608484
2023-12-14,Auto,0.010497788447768615,0.35655427331173795,35.6554273311738
2023-12-15,Auto,-0.00489499203829404,0.3499139509443632,34.991395094436314
2023-12-18,Auto,0.011739329040272207,0.3657610349905531,36.576103499055314
2023-12-19,Auto,-0.006677207356919334,0.3566415653599204,35.66415653599204
2023-12-20,Auto,-0.030103440234957576,0.3158019870768487,31.580198707684872
2023-12-21,Auto,0.011401667685433178,0.3308043240733316,33.08043240733316
2023-12-22,Auto,0.008068866098472412,0.34154240596754737,34.15424059675474
2023-12-26,Auto,0.009238719457804924,0.3539365398970302,35.393653989703026
2023-12-27,Auto,0.010189803123572002,0.3677328866803913,36.77328866803913
2023-12-28,Auto,0.011010844742963334,0.3827927811454741,38.27927811454741
2023-12-29,Auto,0.016834785627260453,0.40607180118298136,40.60718011829814
2024-01-01,Auto,0.0007615235331102705,0.4071425579488248,40.71425579488248
2024-01-02,Auto,-0.010647621216712248,0.39215983699387014,39.21598369938701
2024-01-03,Auto,-0.00025092702808949944,0.3918105064633477,39.18105064633477
2024-01-04,Auto,-0.0004275393427982357,0.39121545271411473,39.12154527141147
2024-01-05,Auto,0.004783663749482186,0.3978705596429828,39.787055964298276
2024-01-08,Auto,-0.002999762644845595,0.39367727975583633,39.367727975583634
2024-01-09,Auto,0.009402713519544926,0.4067816279560792,40.67816279560792
2024-01-10,Auto,-0.0019976262676269754,0.40397140402325915,40.39714040232592
2024-01-11,Auto,0.012969159826912676,0.4221797335544517,42.21797335544517
2024-01-12,Auto,-0.0010538423167970785,0.4206809803691409,42.068098036914094
2024-01-15,Auto,-7.306563703992876e-05,0.4205771774082798,42.05771774082798
2024-01-16,Auto,-0.0030363252195114462,0.4162638430982526,41.62638430982526
2024-01-17,Auto,-0.014102799396665441,0.39629055822628745,39.62905582262874
2024-01-18,Auto,0.010038470795430446,0.4103071802169773,41.03071802169773
2024-01-19,Auto,0.015114354907700942,0.43162306346765544,43.16230634676555
2024-01-23,Auto,-0.0076400904982513295,0.4206853337033787,42.06853337033787
2024-01-24,Auto,0.015464563522880103,0.44265561229245853,44.265561229245854
2024-01-25,Auto,-0.0023704716810346088,0.43923583801803345,43.923583801803346
2024-01-29,Auto,0.015110710720877127,0.46098371442544317,46.09837144254432
2024-01-30,Auto,-0.005109071565542695,0.4535194440723511,45.35194440723511
2024-01-31,Auto,0.015103093246631331,0.4754720837719677,47.54720837719677
2024-02-01,Auto,0.00039859585178067845,0.4760602008239774,47.606020082397734
2024-02-02,Auto,0.006954721553767301,0.486325788517306,48.6325788517306
2024-02-05,Auto,0.0073168931508122365,0.497201075499184,49.7201075499184
2024-02-06,Auto,0.011486350008869292,0.5143984510860233,51.439845108602334
2024-02-07,Auto,-0.0021174375847285063,0.5111918068874393,51.119180688743924
2024-02-08,Auto,-0.009226439317654754,0.4972488873838552,49.724888738385516
2024-02-09,Auto,-0.006932510755501676,0.48686919336840373,48.686919336840376
2024-02-12,Auto,-0.016415359169204256,0.46246170152163635,46.246170152163636
2024-02-13,Auto,0.0005180906797933408,0.4632193892987493,46.32193892987493
2024-02-14,Auto,0.017887547370674002,0.48939279543851955,48.93927954385195
2024-02-15,Auto,0.009430022238561288,0.5034378026214577,50.34378026214576
2024-02-16,Auto,0.01441446379251455,0.5251090523916422,52.51090523916422
2024-02-19,Auto,0.001624951170165392,0.5275872801309558,52.75872801309558
2024-02-20,Auto,-0.005782400100448676,0.5187541592888825,51.875415928888245
2024-02-21,Auto,-0.00845934719130697,0.5059064905572164,50.590649055721634
2024-02-22,Auto,0.011133867692181628,0.5226730541798781,52.26730541798781
2024-02-23,Auto,0.0057705479209766986,0.531459712007003,53.1459712007003
2024-02-26,Auto,0.0025591304476112343,0.5353789171852898,53.53789171852898
2024-02-27,Auto,9.499226784022892e-05,0.5355247663106273,53.55247663106273
2024-02-28,Auto,-0.02080425833387977,0.5035793123942307,50.35793123942307
2024-02-29,Auto,0.00911439662820186,0.5172835306093508,51.728353060935085
2024-03-01,Auto,0.012470119144839531,0.5362042370125522,53.62042370125521
2024-03-04,Auto,0.003477409110572199,0.5415462476220394,54.15462476220394
2024-03-05,Auto,0.007040120332095883,0.5523989187027893,55.23989187027893
2024-03-06,Auto,-0.0038886839763851867,0.5463621299026722,54.63621299026722
2024-03-07,Auto,-0.0060634783251542045,0.5369857966451681,53.698579664516814
2024-03-11,Auto,-0.009536882588494111,0.5223277435623801,52.23277435623801
2024-03-12,Auto,-0.005594793215813915,0.5138106346304521,51.38106346304521
2024-03-13,Auto,-0.035922437212888306,0.459430867155737,45.9430867155737
2024-03-14,Auto,0.010259189881775007,0.47440344554121117,47.44034455412112
2024-03-15,Auto,-0.009231810615284108,0.46079203216145226,46.079203216145224
2024-03-18,Auto,0.0009916927373269226,0.462240689010492,46.2240689010492
2024-03-19,Auto,-0.006687102729584159,0.452462535307701,45.2462535307701
2024-03-20,Auto,-0.00022388813286808616,0.45213734618261014,45.213734618261014
2024-03-21,Auto,0.015834430028969552,0.47513111338319214,47.51311133831921
2024-03-22,Auto,0.011122391326516589,0.4915380988841602,49.15380988841602
2024-03-26,Auto,0.0030100229027107774,0.4960276627220672,49.60276627220672
2024-03-27,Auto,0.0026787489233002595,0.5000351452128113,50.00351452128113
2024-03-28,Auto,0.010409875508524822,0.5156503243328887,51.56503243328887
2024-04-01,Auto,0.001242499319997481,0.5175335188302264,51.75335188302264
2024-04-02,Auto,0.00634091353843324,0.527156067664803,52.715606766480306
2024-04-03,Auto,-0.0009430584305640686,0.5257158702604046,52.571587026040454
2024-04-04,Auto,0.0008209895818164287,0.5269684670947006,52.69684670947006
2024-04-05,Auto,0.0023911291153333766,0.5306196458545667,53.061964585456664
2024-04-08,Auto,0.019384506645508837,0.5602899525513807,56.02899525513807
2024-04-09,Auto,-0.006498058536261114,0.5501510971061618,55.01510971061619
2024-04-10,Auto,0.00494410471717649,0.5578152064577009,55.78152064577009
2024-04-12,Auto,-0.00291073730616583,0.5532808156201521,55.32808156201521
2024-04-15,Auto,-0.007814404200218549,0.541142851490451,54.1142851490451
2024-04-16,Auto,0.012490593835749988,0.5603926408912878,56.03926408912878
2024-04-18,Auto,-0.009102735205229707,0.5461887998650652,54.61887998650652
2024-04-19,Auto,0.0009852827921770719,0.5477122330830291,54.77122330830291
2024-04-22,Auto,0.01098052406966054,0.5647069245113054,56.470692451130546
2024-04-23,Auto,0.00234282128234381,0.5683727531946812,56.83727531946812
2024-04-24,Auto,-0.0007207987979238976,0.5672422719994819,56.72422719994819
2024-04-25,Auto,0.01417777071423668,0.5894622735855499,58.94622735855499
2024-04-26,Auto,0.002558911413783702,0.5935295667392064,59.352956673920644
2024-04-29,Auto,-0.003235439577213629,0.5883737981115182,58.83737981115183
2024-04-30,Auto,0.016805567255240992,0.615067320802144,61.5067320802144
2024-05-02,Auto,0.010243700511709967,0.631611586742691,63.1611586742691
2024-05-03,Auto,-0.009112645669112055,0.6167432884830872,61.674328848308726
2024-05-06,Auto,-0.008616566807021208,0.6028125119280696,60.28125119280696
2024-05-07,Auto,-0.017721992809402454,0.5744074801168602,57.44074801168602
2024-05-08,Auto,0.01958917029146359,0.6052488163530236,60.524881635302364
2024-05-09,Auto,-0.005555704292892883,0.59633052861285,59.633052861284995
2024-05-10,Auto,0.006082376689450004,0.6060400122087422,60.60400122087422
2024-05-13,Auto,0.0009411085940304474,0.6075514702665887,60.755147026658875
2024-05-14,Auto,0.015452996227153348,0.6323929570715734,63.23929570715734
2024-05-15,Auto,-0.0006984345847852766,0.6312528373743946,63.12528373743946
2024-05-16,Auto,0.012578275047636374,0.651771184235127,65.17711842351271
2024-05-17,Auto,0.012360211872050948,0.6721874260364218,67.21874260364218
2024-05-21,Auto,0.011843212347953947,0.6919914968085497,69.19914968085496
2024-05-22,Auto,0.0014872029293849602,0.6945078315190976,69.45078315190976
2024-05-23,Auto,0.0086345761493265,0.7091391884259792,70.91391884259792
2024-05-24,Auto,0.006039588347023265,0.7194616855518374,71.94616855518375
2024-05-27,Auto,0.009738524422401954,0.7362067051699686,73.62067051699685
2024-05-28,Auto,-0.002411229070800738,0.7320203130895435,73.20203130895435
2024-05-29,Auto,-0.0006009596198519164,0.7309794388206134,73.09794388206134
2024-05-30,Auto,-0.007652503792264404,0.7177331121007069,71.77331121007069
2024-05-31,Auto,-0.0017150057150065827,0.7147871899965981,71.4787189996598
2024-06-03,Auto,0.01697351001717465,0.7438931475433281,74.38931475433282
2024-06-04,Auto,-0.04282496435414419,0.6692109856623487,66.92109856623487
2024-06-05,Auto,0.050213948874885984,0.7530286607577961,75.3028660757796
2024-06-06,Auto,0.010232842445084902,0.7709671268450486,77.09671268450487
2024-06-07,Auto,0.014636087391243335,0.7968871564805722,79.68871564805721
2024-06-10,Auto,0.007081687688342985,0.8096121501339624,80.96121501339624
2024-06-11,Auto,0.0032634392214704938,0.8155177094003592,81.55177094003592
2024-06-12,Auto,0.003911617038354649,0.8226193194058842,82.26193194058841
2024-06-13,Auto,0.004654847581050805,0.8311033345359973,83.11033345359972
2024-06-14,Auto,0.01081571956604731,0.8509080346987925,85.09080346987925
2024-06-18,Auto,0.00512669351268993,0.8603970729128685,86.03970729128685
2024-06-19,Auto,-0.011355069727087849,0.8392721344298726,83.92721344298725
2024-06-20,Auto,0.0025710646584493745,0.844001022011976,84.4001022011976
2024-06-21,Auto,-0.000581332129087237,0.8429290449718108,84.29290449718107
2024-06-24,Auto,0.002964321392565127,0.8483920789648005,84.83920789648005
2024-06-25,Auto,0.003021330762995279,0.8539766828150539,85.39766828150539
2024-06-26,Auto,-0.004810574411518837,0.8450579900251511,84.50579900251512
2024-06-27,Auto,0.002873840797467855,0.8503603929505794,85.03603929505795
2024-06-28,Auto,0.010735699259429977,0.8702253056508578,87.02253056508577
2024-07-01,Auto,0.006661715454729316,0.8826842144733378,88.26842144733378
2024-07-02,Auto,-0.005087641969018471,0.8731057912493747,87.31057912493748
2024-07-03,Auto,-0.0005264915405159276,0.8721196168957905,87.21196168957906
2024-07-04,Auto,0.0021586237939474093,0.8761608188459376,87.61608188459375
2024-07-05,Auto,0.004438238764258152,0.8844876685201217,88.44876685201217
2024-07-08,Auto,-0.005557200390627441,0.8740151929124891,87.4015192912489
2024-07-09,Auto,0.016316795554888876,0.9045931156819977,90.45931156819978
2024-07-10,Auto,-0.009611767692812677,0.8862866091047321,88.62866091047322
2024-07-11,Auto,-0.0007893357712991192,0.8847976956092432,88.47976956092431
2024-07-12,Auto,-0.007855459803965606,0.8699917430727777,86.99917430727777
2024-07-15,Auto,0.016669586817953726,0.9011637327827862,90.11637327827862
2024-07-16,Auto,0.0013026467939060457,0.9036402776239862,90.36402776239862
2024-07-18,Auto,-0.0013977954823484184,0.900979377843907,90.09793778439071
2024-07-19,Auto,-0.025477328369129155,0.8525475020116349,85.25475020116349
2024-07-22,Auto,0.009105590044073063,0.8694160401021245,86.94160401021244
2024-07-23,Auto,0.00015759044850083281,0.869710642214319,86.9710642214319
2024-07-24,Auto,0.002120649263327692,0.8736756427103667,87.36756427103667
2024-07-25,Auto,0.00018723409391394361,0.8740264586716182,87.40264586716182
2024-07-26,Auto,0.022628029829421623,0.916431985279565,91.6431985279565
2024-07-29,Auto,0.004933002820657968,0.9258857496685484,92.58857496685484
2024-07-30,Auto,-0.0005535462683189632,0.9248196827986108,92.48196827986108
2024-07-31,Auto,0.0039872852517886465,0.9324944879321861,93.24944879321862
2024-08-01,Auto,-0.007784306729992758,0.9174513580841017,91.74513580841017
2024-08-02,Auto,-0.017132754192762684,0.8846001352894677,88.46001352894677
2024-08-05,Auto,-0.03648085603878276,0.815848309063302,81.5848309063302
2024-08-06,Auto,-0.006733045168269786,0.8036221203796525,80.36221203796525
2024-08-07,Auto,0.017595598551348814,0.8353579311481854,83.53579311481853
2024-08-08,Auto,-0.006121685102715287,0.8241224478429252,82.41224478429253
2024-08-09,Auto,0.013725155925358465,0.8491588128665157,84.91588128665157
2024-08-12,Auto,-0.008273729586984357,0.8338593728854691,83.38593728854691
2024-08-13,Auto,-0.008988651030674803,0.8173754509432694,81.73754509432693
2024-08-14,Auto,-0.006725218698797059,0.805153203577851,80.5153203577851
2024-08-16,Auto,0.01587307094320599,0.8338065284415979,83.38065284415978
2024-08-19,Auto,0.0001595848996556305,0.834099176272427,83.4099176272427
2024-08-20,Auto,0.00976764305403633,0.8520140023519582,85.20140023519582
2024-08-21,Auto,0.008480466877527472,0.8677199457556213,86.77199457556213
2024-08-22,Auto,0.007121246279479539,0.8810204394704435,88.10204394704435
2024-08-23,Auto,0.003911996685646309,0.8883789851952848,88.83789851952848
2024-08-26,Auto,0.0018213199769522108,0.8918183275650775,89.18183275650775
2024-08-27,Auto,-0.000683650401849176,0.8905249852052122,89.05249852052121
2024-08-28,Auto,-0.005860360444570044,0.8794458273624441,87.94458273624441
2024-08-29,Auto,-0.0056112061994873196,0.8688998692843475,86.88998692843475
2024-08-30,Auto,0.0051094622456546905,0.8784489426073647,87.84489426073647
2024-09-02,Auto,0.002374347743054228,0.8829090336146872,88.29090336146872
2024-09-03,Auto,0.0017270938754058102,0.8861609942745892,88.61609942745892
2024-09-04,Auto,0.0041552289665906395,0.8939984250736526,89.39984250736526
2024-09-05,Auto,0.003959334576395888,0.9014973985256862,90.14973985256862
2024-09-06,Auto,-0.013917037560994931,0.8750341878082701,87.50341878082702
2024-09-09,Auto,-0.0009407067616279531,0.8732703304695153,87.32703304695153
2024-09-10,Auto,0.009298830813004453,0.8906895543395723,89.06895543395723
2024-09-11,Auto,-0.0025372177725802767,0.8858924631998699,88.589246319987
2024-09-12,Auto,0.01603946099161711,0.9161411617977488,91.61411617977488
2024-09-13,Auto,0.008591319532496595,0.9326033427881228,93.26033427881228
2024-09-16,Auto,0.00037431262083274336,0.9333267406103918,93.33267406103917
2024-09-17,Auto,0.0006664188809494943,0.9346151460533791,93.46151460533791
2024-09-18,Auto,-0.008603364185562814,0.917970947392976,91.7970947392976
2024-09-19,Auto,0.001631389071418669,0.9210999042358512,92.10999042358512
2024-09-20,Auto,0.015246068542555162,0.950389125052927,95.0389125052927
2024-09-23,Auto,0.012646388758496127,0.9750545041586898,97.50545041586898
2024-09-24,Auto,0.0036364463243835233,0.9822366838507945,98.22366838507945
2024-09-25,Auto,0.004206466028898879,0.9905748951226503,99.05748951226502
2024-09-26,Auto,0.011193415253330792,1.0128562265166137,101.28562265166137
2024-09-27,Auto,0.006736895142848414,1.0264166278522855,102.64166278522855
2024-09-30,Auto,-0.013697497361740215,0.9986597914384923,99.86597914384923
2024-10-01,Auto,0.0019496508271916488,1.0025564801541451,100.25564801541451
2024-10-03,Auto,-0.029665478822422146,0.9431496833014281,94.31496833014282
2024-10-04,Auto,-0.016782070877280023,0.9105396075910994,91.05396075910994
2024-10-07,Auto,-0.017547931153182834,0.8770135900916618,87.70135900916618
2024-10-08,Auto,0.01941538632039458,0.9134565340719221,91.3456534071922
2024-10-09,Auto,0.011282852213876149,0.9350457813635313,93.50457813635313
2024-10-10,Auto,-0.001554295323692445,0.9320381487544271,93.20381487544272
2024-10-11,Auto,0.0017495607075403861,0.9354183667849569,93.5418366784957
2024-10-14,Auto,0.0017849066104308104,0.9388729078217806,93.88729078217806
2024-10-15,Auto,-0.005698654657812028,0.9278239406947164,92.78239406947164
2024-10-16,Auto,-0.008180427010404216,0.9120535176589535,91.20535176589534
2024-10-17,Auto,-0.028802785949762703,0.8569810494653318,85.69810494653318
2024-10-18,Auto,0.006080659206082374,0.868272718379284,86.8272718379284
2024-10-21,Auto,-0.0025706648119925906,0.8634700154429404,86.34700154429405
2024-10-22,Auto,-0.02091723061310536,0.8244913833893135,82.44913833893135
2024-10-23,Auto,-0.0023067027483633404,0.8202828241008842,82.02828241008842
2024-10-24,Auto,-0.002592021056435597,0.8155646126921465,81.55646126921465
2024-10-25,Auto,-0.018989854585022066,0.7810873047074107,78.10873047074108
2024-10-28,Auto,0.0043266743036805555,0.7887934893812998,78.87934893812998
2024-10-29,Auto,-0.0022733442540163185,0.784726945980593,78.4726945980593
2024-10-30,Auto,0.005188108857984504,0.7939863036581187,79.39863036581187
2024-10-31,Auto,-0.0017457339728450167,0.7908544808210041,79.08544808210041
2024-11-01,Auto,0.0074872067398771775,0.8042629785599464,80.42629785599465
2024-11-04,Auto,-0.015598755664858318,0.7761187212022402,77.61187212022402
2024-11-05,Auto,0.005578726133395927,0.786027201128225,78.6027201128225
2024-11-06,Auto,0.015692948717480712,0.8140552344035556,81.40552344035557
2024-11-07,Auto,-0.008266118700819398,0.799060038506133,79.9060038506133
2024-11-08,Auto,-0.006896897880727078,0.7866521051392592,78.66521051392593
2024-11-11,Auto,-0.0027766913814273814,0.7816911236373101,78.169112363731
2024-11-12,Auto,-0.02026723584861622,0.7455811694251666,74.55811694251666
2024-11-13,Auto,-0.024463908019587484,0.7028774322556253,70.28774322556252
2024-11-14,Auto,0.014536478419715096,0.7276312733010291,72.7631273301029
2024-11-18,Auto,0.002595074131483657,0.732114604527115,73.21146045271149
2024-11-19,Auto,0.01371547874367151,0.7558713855671095,75.58713855671095
2024-11-21,Auto,-0.012823734978507449,0.7333545562622523,73.33545562622523
2024-11-22,Auto,0.015080529222116815,0.7594944603002545,75.94944603002544
2024-11-25,Auto,0.009598704741933386,0.7763833281197443,77.63833281197444
2024-11-26,Auto,-0.002091753428993327,0.7726675722019432,77.26675722019432
2024-11-27,Auto,0.00420469223184707,0.7801210937724279,78.0121093772428
2024-11-28,Auto,-0.009323176771971888,0.7635247101396716,76.35247101396716
2024-11-29,Auto,0.008586004336584914,0.7786663409486054,77.86663409486054
2024-12-02,Auto,0.006184939900101432,0.789667285369706,78.96672853697059
2024-12-03,Auto,0.00573638617364669,0.7999335080409284,79.99335080409284
2024-12-04,Auto,0.0006182371304556122,0.8010462937679503,80.10462937679503
2024-12-05,Auto,0.0023889236393038627,0.8053488558346131,80.53488558346132
2024-12-06,Auto,0.004391639600924331,0.8132772973633797,81.32772973633797
2024-12-09,Auto,0.0076257544009260304,0.8271049046938477,82.71049046938477
2024-12-10,Auto,-0.0076443963401624454,0.8131377906473132,81.31377906473132
2024-12-11,Auto,0.001170115491592288,0.8152593712645408,81.52593712645408
2024-12-12,Auto,-0.00632210375776467,0.8037831131721518,80.37831131721518
2024-12-13,Auto,0.002798353619929861,0.8088307361764655,80.88307361764655
2024-12-16,Auto,0.001908971946357807,0.8122837433075363,81.22837433075362
2024-12-17,Auto,-0.017673340989926734,0.7802546347415613,78.02546347415613
2024-12-18,Auto,-0.007625665573208084,0.7666790082618684,76.66790082618684
2024-12-19,Auto,-0.00562413766849205,0.7567429623033688,75.67429623033688
2024-12-20,Auto,-0.020455795481177715,0.7208073875534928,72.08073875534929
2024-12-23,Auto,0.00136701735555661,0.7231597611178486,72.31597611178486
2024-12-24,Auto,0.003920887260731014,0.72991607627342,72.991607627342
2024-12-26,Auto,0.003931470576787505,0.7367171904276006,73.67171904276006
2024-12-27,Auto,0.008090610682730722,0.7507682930813564,75.07682930813564
2024-12-30,Auto,-0.007329423512585926,0.737936170788956,73.79361707889561
2024-12-31,Auto,0.0017294762005493995,0.7409418900344094,74.09418900344093
2025-01-01,Auto,0.0025075676684860695,0.7453074196305727,74.53074196305727
2025-01-02,Auto,0.025229374374504714,0.7893404339190331,78.9340433919033
2025-01-03,Auto,-0.00856353263889214,0.7740173587110781,77.40173587110782
2025-01-06,Auto,-0.025017151496054116,0.7296364976915732,72.96364976915733
2025-01-07,Auto,-0.002110840516259211,0.7259855108938451,72.59855108938451
2025-01-08,Auto,-0.0073606287459948815,0.7132811723271892,71.32811723271892
2025-01-09,Auto,-0.006705837167905977,0.701792187762724,70.1792187762724
2025-01-10,Auto,-0.014451718294821688,0.6771983664688488,67.71983664688489
2025-01-13,Auto,-0.028750945336080764,0.628977327916739,62.8977327916739
2025-01-14,Auto,0.021363789553281998,0.6637784567374196,66.37784567374196
2025-01-15,Auto,0.0009825849764030533,0.6654132604530729,66.54132604530729
2025-01-16,Auto,0.005776048923565782,0.6750327689234052,67.50327689234052
2025-01-17,Auto,-0.0013295326101085414,0.6728057582341211,67.28057582341211
2025-01-20,Auto,-0.0018706791863416753,0.6696764753194,66.96764753194
2025-01-21,Auto,-0.014977430363027696,0.6446690121815182,64.46690121815182
2025-01-22,Auto,-0.0058166266113311195,0.6351025866384314,63.510258663843146
2025-01-23,Auto,0.011121296659529193,0.6532870475732009,65.32870475732008
2025-01-24,Auto,-0.01663988571714017,0.6257765400439548,62.57765400439548
2025-01-27,Auto,-0.02120318369480371,0.5913049014187004,59.13049014187004
2025-01-28,Auto,0.008228707128545244,0.6043992834046934,60.439928340469336
2025-01-29,Auto,0.010773936774122535,0.6216849798445432,62.16849798445432
2025-01-30,Auto,0.006276220141321318,0.6318630317779217,63.18630317779217
2025-01-31,Auto,0.013768150383079757,0.6543307674040286,65.43307674040287
2025-02-01,Auto,0.006284847619752707,0.6647279841898317,66.47279841898317
2025-02-03,Auto,-0.012537342898662504,0.6438567186190447,64.38567186190447
2025-02-04,Auto,0.012304699824113727,0.6640838820955044,66.40838820955044
2025-02-05,Auto,-0.0010264557832303017,0.662375773570947,66.23757735709471
2025-02-06,Auto,-0.0075043647844431445,0.6499006993572498,64.99006993572497
2025-02-07,Auto,0.0011062877784032451,0.6517259643365276,65.17259643365276
2025-02-10,Auto,-0.011512186621180408,0.6327109867880365,63.271098678803654
2025-02-11,Auto,-0.027117832814055307,0.5884354032146473,58.84354032146473
2025-02-12,Auto,-0.0030442348809401085,0.583599832754061,58.3599832754061
2025-02-13,Auto,-0.0016624423477605164,0.5809671893301842,58.09671893301842
2025-02-14,Auto,-0.018100612617167087,0.552350714675667,55.2350714675667
2025-02-17,Auto,0.0035534981685237327,0.5578669900971733,55.78669900971733
2025-02-18,Auto,0.0006151000620744486,0.5588252341794857,55.88252341794857
2025-02-19,Auto,0.0062221104355817645,0.5685244169363219,56.852441693632194
2025-02-20,Auto,0.014021945191760001,0.5905181803425403,59.05181803425403
2025-02-21,Auto,-0.01614649405299666,0.5648368880024566,56.48368880024566
2025-02-24,Auto,-0.0070104969175683995,0.5538666038226181,55.38666038226181
2025-02-25,Auto,0.001466605920989529,0.5561455137842124,55.61455137842124
2025-02-27,Auto,-0.01637407748435839,0.5306650665645731,53.066506656457314
2025-02-28,Auto,-0.029223810739449685,0.48593320035380283,48.59332003538028
2025-03-03,Auto,-0.0020992192794902437,0.4828139007315855,48.28139007315855
2025-03-04,Auto,-0.012378735617164885,0.4644585394849723,46.44585394849723
2025-03-05,Auto,0.029958319334200772,0.5083312560625604,50.83312560625603
2025-03-06,Auto,0.0131327489394732,0.5281397917659902,52.81397917659903
2025-03-07,Auto,0.002125260105602279,0.531387486301214,53.1387486301214
2025-03-10,Auto,-0.01589846815204137,0.5070407711218194,50.70407711218194
2025-03-11,Auto,-0.004628116838241597,0.5000660103530739,50.00660103530738
2025-03-12,Auto,0.002342624997910023,0.503580102487442,50.3580102487442
2025-03-13,Auto,-0.013804380158719277,0.4828241111536191,48.28241111536191
2025-03-17,Auto,0.0049795327437422866,0.49020788236831914,49.02078823683191
2025-03-18,Auto,0.0,0.49020788236831914,49.02078823683191
2025-03-19,Auto,0.0404899486973984,0.5505463230738712,55.054632307387116
2025-03-20,Auto,0.012090795361585503,0.5692936613648161,56.929366136481605
2025-03-21,Auto,0.009250771990583044,0.5838108392123691,58.38108392123691
2025-03-24,Auto,0.01064739103653741,0.6006742925453696,60.06742925453696
2025-03-25,Auto,-0.010357955103803156,0.5840945800873729,58.40945800873729
2025-03-26,Auto,0.0023003150837127067,0.5877384967439754,58.77384967439754
2025-03-27,Auto,-0.006501793898519909,0.5774153482734001,57.74153482734001
2025-03-28,Auto,-0.007107918106432631,0.5662032091580429,56.62032091580429
2025-04-01,Auto,0.0006351778931520329,0.5671980268126837,56.71980268126837
2025-04-02,Auto,0.010319435656079727,0.5833706260107121,58.33706260107121
2025-04-03,Auto,-0.008352353046862418,0.570145755538239,57.014575553823896
2025-04-04,Auto,-0.03183831444348163,0.5201549612513146,52.015496125131456
2025-04-07,Auto,-0.039614029139279694,0.4599354983200843,45.993549832008426
2025-04-08,Auto,0.01662572615452416,0.48420798611842275,48.42079861184227
2025-04-09,Auto,0.0026113148608922962,0.488083720489229,48.8083720489229
2025-04-11,Auto,0.02855068626575384,0.5305695319300927,53.05695319300927
2025-04-15,Auto,0.041264873147743644,0.5937282895089893,59.37282895089893
2025-04-16,Auto,0.00114319137640933,0.5955502259458954,59.55502259458954
2025-04-17,Auto,0.009214080415193955,0.6102517540342416,61.02517540342416
2025-04-21,Auto,0.018357331983794807,0.6398116800605362,63.98116800605362
2025-04-22,Auto,-0.00047431043697078305,0.639033900266017,63.903390026601706
2025-04-23,Auto,0.017021084795665838,0.6669320352654158,66.69320352654158
2025-04-24,Auto,-0.0005904879405385336,0.6659477320008942,66.59477320008942
2025-04-25,Auto,-0.018500361019889118,0.6351270975186121,63.51270975186121
2025-04-28,Auto,0.011528905650770157,0.6539783235529217,65.39783235529217
2025-04-29,Auto,0.002995171815491471,0.6589322728110614,65.89322728110614
2025-04-30,Auto,0.00259529720422971,0.6632376951006944,66.32376951006944
2025-05-02,Auto,-0.001383799124675474,0.6609361082340868,66.09361082340868
2025-05-05,Auto,0.01999788111314406,0.6941513110630801,69.41513110630801
2025-05-06,Auto,-0.0015149044944423348,0.6915848336276853,69.15848336276854
2025-05-07,Auto,0.01846715856102889,0.7228235989697196,72.28235989697195
2025-05-08,Auto,-0.016481173811018584,0.6944294437893752,69.44294437893753
2025-05-09,Auto,-0.004149656223731578,0.6873981441022807,68.73981441022808
2025-05-12,Auto,0.03570412862279361,0.7476452244771719,74.76452244771718
2025-05-13,Auto,-0.005000736875356361,0.7389057105580883,73.89057105580883
2025-05-14,Auto,0.014329129920359692,0.7638227164039304,76.38227164039304
2025-05-15,Auto,0.011626702428453976,0.7843301582641062,78.43301582641062
2025-05-16,Auto,0.008829894806988155,0.800085605862515,80.00856058625149
2025-05-19,Auto,0.0020994475163149426,0.8038647911168975,80.38647911168975
2025-05-20,Auto,-0.01603387278133884,0.7749418525413927,77.49418525413927
2025-05-21,Auto,0.012475179098960065,0.7970845700420865,79.70845700420865
2025-05-22,Auto,-0.0026252094794592794,0.7923668465934219,79.23668465934219
2025-05-23,Auto,0.0029223736678040124,0.7976048122689516,79.76048122689517
2025-05-26,Auto,0.0024715330414511274,0.8020476519579458,80.20476519579458
2025-05-27,Auto,-0.003111428191685867,0.7964407100908826,79.64407100908826
2025-05-28,Auto,-0.007050032506962203,0.7837757446879114,78.37757446879114
2025-05-29,Auto,-0.00019791587770467349,0.7834227071457731,78.34227071457731
2025-05-30,Auto,-0.006939055893621753,0.7710474372989344,77.10474372989344
2025-06-02,Auto,-0.00011915792328892616,0.7708364029642598,77.08364029642598
2025-06-03,Auto,-0.007110618364240175,0.7582446611172771,75.8244661117277
2025-06-04,Auto,0.00034464990439152395,0.7588506399716282,75.88506399716282
2025-06-05,Auto,0.002691101267393661,0.7635838851580119,76.3583885158012
2025-06-06,Auto,0.01033043761265874,0.7818024784583271,78.18024784583271
2025-06-09,Auto,0.009393671470085704,0.7985401455655492,79.85401455655492
2025-06-10,Auto,-0.003162447169981924,0.7928523573721065,79.28523573721064
2025-06-11,Auto,-7.144423493261115e-05,0.7927242684070868,79.27242684070868
2025-06-12,Auto,-0.015279684473081034,0.7653320072385914,76.53320072385914
2025-06-13,Auto,-0.006357525232830008,0.7541088644582494,75.41088644582494
2025-06-16,Auto,0.0028018101419111405,0.7590235444647049,75.90235444647048
2025-06-17,Auto,-0.007228858067759297,0.7463078129239227,74.63078129239227
2025-06-18,Auto,0.003272060163154881,0.7520218371511971,75.2021837151197
2025-06-19,Auto,-0.002906689257151096,0.7469292540988555,74.69292540988555
2025-06-20,Auto,0.002297212102681048,0.7509423211238988,75.09423211238988
2025-06-23,Auto,-0.005032219605961341,0.7421311948466316,74.21311948466315
2025-06-24,Auto,0.008244691736429364,0.7564945295125596,75.64945295125595
2025-06-25,Auto,0.009267170555627376,0.7727722638975789,77.27722638975789
2025-06-26,Auto,0.004554396916044633,0.7808461724291236,78.08461724291236
2025-06-27,Auto,0.0038096064414750996,0.787630495478886,78.7630495478886
2025-06-30,Auto,-0.002142523181266293,0.783800455702784,78.3800455702784
2025-07-01,Auto,-0.0032127815829520487,0.7780694944510407,77.80694944510407
2025-07-02,Auto,0.00999460909494427,0.7958406039917241,79.5840603991724
2025-07-03,Auto,0.00472314838425243,0.8043226256388425,80.43226256388425
2025-07-04,Auto,0.001560279257467428,0.8071378728054059,80.7137872805406
2025-07-07,Auto,-0.00010357869255010909,0.8069506918272831,80.6950691827283
2025-07-08,Auto,0.0009781420729318918,0.8087181463226725,80.87181463226725
2025-07-09,Auto,0.004022811264893024,0.8159942780567158,81.59942780567158
2025-07-10,Auto,-0.005061969695914072,0.8068017700532393,80.68017700532393
2025-07-11,Auto,-0.013882927201450242,0.7817180726121387,78.17180726121387
2025-07-14,Auto,0.007868040227046827,0.7957367020807073,79.57367020807074
2025-07-15,Auto,0.014851189529617182,0.8224055281885978,82.24055281885978
2025-07-16,Auto,-0.0008006529721780484,0.8209464137859399,82.09464137859399
2025-07-17,Auto,0.006209717204086838,0.8322539760593468,83.22539760593469
2025-07-18,Auto,-0.006799179067936318,0.819796153178181,81.9796153178181
2025-07-21,Auto,-0.0008381972567744077,0.8182708050346985,81.82708050346986
2025-07-22,Auto,-0.010827688456633684,0.7985831352279902,79.85831352279902
2025-07-23,Auto,0.007734911839627687,0.8124950172152199,81.249501721522
2025-07-24,Auto,-0.0013127191391263454,0.8101157203165503,81.01157203165504
2025-07-25,Auto,-0.014765945601753816,0.7833876500574768,78.33876500574767
2025-07-28,Auto,-0.0017320526211173513,0.7802987288037264,78.02987288037264
2025-07-29,Auto,0.013789391136092807,0.8048479643142901,80.484796431429
2025-07-30,Auto,-0.00507090111674088,0.7956957587565012,79.56957587565012
2025-07-31,Auto,-0.011205691209902748,0.7755737465769439,77.5573746576944
2025-08-01,Auto,-0.010103531505982885,0.7576341812872076,75.76341812872076
2025-08-04,Auto,0.01675335483059691,0.7870804503886979,78.70804503886978
2025-08-05,Auto,-0.0016187316959160253,0.784187646620502,78.4187646620502
2025-08-06,Auto,-0.012325093584940432,0.7621973669028097,76.21973669028097
2025-08-07,Auto,0.004174362574654848,0.7695534176403642,76.95534176403642
2025-08-08,Auto,-0.009940140112992126,0.751963808731595,75.1963808731595
2025-08-11,Auto,0.003474550969675996,0.7580510962820608,75.80510962820608
2025-08-12,Auto,-0.0009157705865827524,0.756441124798376,75.6441124798376
2025-08-13,Auto,0.008447728189864199,0.7712790620021721,77.12790620021721
2025-08-14,Auto,-0.0024339484141758915,0.7669678601381489,76.69678601381489
2025-08-18,Auto,0.03950256816128299,0.8367676284720527,83.67676284720527
2025-08-19,Auto,0.013073346242237494,0.8607803276456012,86.07803276456012
2025-08-20,Auto,-0.0006722260778101452,0.8595294625842818,85.95294625842817
2025-08-21,Auto,-0.004135608468267524,0.8518391767918252,85.18391767918251
2025-08-22,Auto,-0.004874906458147106,0.8428116340294329,84.28116340294329
2025-08-25,Auto,0.0028169619818336706,0.8480027643421746,84.80027643421747
2025-08-26,Auto,-0.008531426607673772,0.8322366643874111,83.2236664387411
2025-08-28,Auto,-0.002710461680739456,0.8272704571185432,82.72704571185432
2025-08-29,Auto,-0.0019913629140972883,0.8236316984962118,82.36316984962117
2025-09-01,Auto,0.024754650984596862,0.868775064716933,86.8775064716933
2025-09-02,Auto,0.015439783051306142,0.8976285462878533,89.76285462878533
2025-09-03,Auto,0.0007487730368926915,0.8990494393773514,89.90494393773514
2025-09-04,Auto,-0.004570274011657345,0.8903702630777126,89.03702630777126
2025-09-05,Auto,0.007619938174262684,0.9047747676088296,90.47747676088295
2025-09-08,Auto,0.02261143638204626,0.9478444610887435,94.78444610887435
2025-09-09,Auto,0.00040838858520102987,0.9486399385323994,94.86399385323993
2025-09-10,Auto,-0.005499501865583222,0.9379233895550905,93.79233895550905
2025-09-11,Auto,-0.0013051250929307923,0.9353941571112045,93.53941571112045
2025-09-12,Auto,-0.0005389119853702051,0.9343511500035218,93.43511500035217
2025-09-15,Auto,0.0016369637592161504,0.9375176127336757,93.75176127336758
2025-09-16,Auto,0.014381244845996628,0.9653815279158295,96.53815279158296
2025-09-17,Auto,0.002440355214050585,0.9701777569750778,97.01777569750777
2025-09-18,Auto,0.005204495538804328,0.9804315383219062,98.04315383219063
2025-09-19,Auto,-0.0038203587994166677,0.9728655792678358,97.28655792678357
2025-09-22,Auto,-0.0010306101176601962,0.970832324041059,97.0832324041059
2025-09-23,Auto,0.005297654541721116,0.981273112853486,98.1273112853486
2025-09-24,Auto,-0.01299605589736984,0.9555243767308861,95.5524376730886
2025-09-25,Auto,-0.008835891209741617,0.9382455760800943,93.82455760800943
2025-09-26,Auto,-0.01159989625379589,0.9157621284831863,91.57621284831863
2025-09-29,Auto,-0.005224131662631193,0.9057539348897077,90.57539348897078
2025-09-30,Auto,0.003954555215565185,0.9132903440525095,91.32903440525095
2025-10-01,Auto,0.008076833265787873,0.9287436711504635,92.87436711504635
2025-10-03,Auto,0.0044214303767058614,0.9372714770069672,93.72714770069672
2025-10-06,Auto,-0.00010686019884641956,0.9370644597917148,93.70644597917148
2025-10-07,Auto,0.0028068023988565252,0.9425014169641981,94.2501416964198
2025-10-08,Auto,-0.00472593968478806,0.93332127243001,93.332127243001
2025-10-09,Auto,0.0052456820980002665,0.9434628612184792,94.34628612184792
2025-10-10,Auto,0.005302292081839386,0.9537676689588668,95.37676689588668
2025-10-13,Auto,-0.0005728803706254233,0.9526483938125576,95.26483938125577
2025-10-14,Auto,-0.001529797548800227,0.9496612370860344,94.96612370860345
2025-10-15,Auto,0.0033139534543933677,0.9561223236775724,95.61223236775724
2025-10-16,Auto,0.017056975601356175,0.9894878544258088,98.94878544258088
2025-10-17,Auto,-0.0002563426691843087,0.9889778637988955,98.89778637988955
2025-10-20,Auto,0.01655256996737362,1.021900559052984,102.1900559052984
2025-10-21,Auto,0.003515993407896878,1.0290095480900376,102.90095480900376
2025-10-23,Auto,0.002484517864623016,1.0340506585597584,103.40506585597583
2025-10-24,Auto,-0.009949601402315612,1.0138126652749713,101.38126652749713
2025-10-27,Auto,0.0044940002833151905,1.0228627399632608,102.28627399632609
2025-10-28,Auto,0.000807467050561487,1.0244961349735897,102.44961349735897
2025-10-29,Auto,-0.004587877254410473,1.0152079952043027,101.52079952043027
2025-10-30,Auto,-0.0008508656842574748,1.0134933238745418,101.34933238745418
2025-10-31,Auto,-0.00232415645057748,1.0088136503776641,100.88136503776641
2025-11-03,Auto,0.004212785353231651,1.017276351101347,101.7276351101347
2025-11-04,Auto,-0.0016477533082740285,1.0139523773201167,101.39523773201167
2025-11-06,Auto,-0.00766310595238613,0.9985192468696527,99.85192468696526
2025-11-07,Auto,0.004215569430718281,1.0069441435134583,100.69441435134583
2025-11-10,Auto,0.001874182254740681,1.0107055226134873,101.07055226134874
2025-11-11,Auto,0.008878704763630027,1.0285579833153728,102.85579833153729
2025-11-12,Auto,0.004299489051595804,1.0372797461551642,103.72797461551642
2025-11-13,Auto,0.0022364041540037425,1.0418359270423334,104.18359270423335
2025-11-14,Auto,-0.007623548763153946,1.0262698912861663,102.62698912861663
2025-11-17,Auto,0.009481091462788829,1.0454811414537453,104.54811414537453
2025-11-18,Auto,-0.0045774016699151225,1.036118152661075,103.6118152661075
2025-11-19,Auto,0.0036904029792197237,1.043632249157699,104.3632249157699
2025-11-20,Auto,0.002443097204708342,1.048625041393068,104.8625041393068
2025-11-21,Auto,-0.004454835787137944,1.0394987532442435,103.94987532442434
2025-11-24,Auto,-0.000190972175947774,1.0391092657294938,103.91092657294938
2025-11-25,Auto,-0.0002792084478782406,1.0385399291963555,103.85399291963554
2025-11-26,Auto,0.01162985928615314,1.0622478617221138,106.22478617221138
2025-11-27,Auto,0.0035960049458593647,1.0696637152324544,106.96637152324544
2025-11-28,Auto,0.001012035106146367,1.0717582875701872,107.17582875701872
2025-12-01,Auto,0.006669156957784528,1.085575168768584,108.5575168768584
2025-12-02,Auto,0.00546415006792046,1.096971064468664,109.69710644686641
2025-12-03,Auto,-0.003996228210581715,1.0885910895440607,108.85910895440607
2025-12-04,Auto,0.0025043104518540082,1.093821570039255,109.3821570039255
2025-12-05,Auto,3.406004405210389e-05,1.0938928856941676,109.38928856941676
2025-12-08,Auto,-0.013107278332365,1.0664476488432153,106.64476488432153
2025-12-09,Auto,-0.0035898289794340757,1.0590294551889148,105.90294551889147
2025-12-10,Auto,-0.004484429364261312,1.0497958830381866,104.97958830381866
2025-12-11,Auto,0.009825269947080642,1.0699356809254512,106.99356809254512
2025-12-12,Auto,0.003661155678155158,1.0775140376970875,107.75140376970876
2025-12-15,Auto,0.00045429540297684906,1.0784578427740334,107.84578427740334
2025-12-16,Auto,-0.0029895351949762263,1.072244219901786,107.22442199017861
2025-12-17,Auto,-0.004868482863421157,1.0621555344283706,106.21555344283706
2025-12-18,Auto,-0.00496070500023563,1.0519257891574685,105.19257891574685
2025-12-19,Auto,0.017263629566216004,1.0873494758788484,108.73494758788485
2025-12-22,Auto,0.005246752973241632,1.09830128294761,109.830128294761
2025-12-23,Auto,0.0029410074771288935,1.1044724027100283,110.44724027100284
2025-12-24,Auto,-0.004115674985776863,1.095811078283937,109.5811078283937
2025-12-26,Auto,-0.006978128659008425,1.0811862389346967,108.11862389346967
2025-12-29,Auto,-0.0046932783179611985,1.0714186526838652,107.14186526838651
2025-12-30,Auto,0.0046047525964403625,1.0809570231031262,108.09570231031262
2025-12-31,Auto,0.009613200625937365,1.1009616804601698,110.09616804601698
2026-01-01,Auto,0.007899317562889443,1.1175578439615865,111.75578439615865
2026-01-02,Auto,0.014029208584085474,1.1472655046433897,114.72655046433897
2026-01-05,Auto,0.002799685096529595,1.1532771718750316,115.32771718750317
2026-01-06,Auto,-0.00017174859006456136,1.152907349556744,115.2907349556744
2026-01-07,Auto,-0.0029240143576660504,1.1466122175559152,114.66122175559153
2026-01-08,Auto,-0.008644711173828479,1.128055374932933,112.8055374932933
2026-01-09,Auto,-0.01227935046624129,1.1019242371725628,110.19242371725628
2026-01-12,Auto,-0.0005519122468868752,1.1007641594440387,110.07641594440388
2026-01-13,Auto,0.0010110543093796072,1.1028881461004345,110.28881461004345
2026-01-14,Auto,-0.0037096962777163223,1.0950870697723918,109.50870697723917
2026-01-15,Auto,0.0,1.0950870697723918,109.50870697723917
2026-01-16,Auto,-0.007039778045793582,1.0803381218145822,108.03381218145822
2026-01-19,Auto,-0.0015748399129566616,1.0770619223079034,107.70619223079035
2026-01-20,Auto,-0.021862270251840073,1.0316526332326017,103.16526332326018
2026-01-21,Auto,-0.004290430593214798,1.022935968620195,102.29359686201951
2026-01-22,Auto,0.015853007862021564,1.0550055884350975,105.50055884350975
2026-01-23,Auto,-0.013751940961538109,1.026745272907307,102.6745272907307
2026-01-27,Auto,0.003620210708406963,1.0340825178474993,103.40825178474992
2026-01-28,Auto,0.005884655214669539,1.0460523921432188,104.60523921432187
2026-01-29,Auto,-0.010743414000926758,1.0240708042268376,102.40708042268376
2026-01-30,Auto,0.008027658608954664,1.0403193536435231,104.03193536435231
2026-02-02,Auto,0.0005986553655517405,1.0415408017720207,104.15408017720208
2026-02-03,Auto,0.037771148355382644,1.1186521422693185,111.86521422693185
2026-02-04,Auto,0.012134567395638587,1.1443610694775996,114.43610694775997
2026-02-05,Auto,-0.005936787223938268,1.1316304540768143,113.16304540768142
2026-02-06,Auto,0.002575312262986863,1.1371200681253546,113.71200681253546
2026-02-09,Auto,0.01059072371844616,1.159753716320017,115.9753716320017
2026-02-10,Auto,0.011958113690311713,1.1855802968028448,118.55802968028448
2026-02-11,Auto,0.014084674129174714,1.2163634830664578,121.63634830664579
2026-02-12,Auto,-0.003029558289538634,1.209648880703703,120.96488807037029
2026-02-13,Auto,-0.008978221106498867,1.1898101644850176,118.98101644850176
2026-02-16,Auto,-0.008799286853142456,1.1705413966937868,117.05413966937867
2026-02-17,Auto,0.0032641183429637324,1.1776263006808971,117.76263006808972
2026-02-18,Auto,0.0033819565637247095,1.1849909382418247,118.49909382418247
2026-02-19,Auto,-0.019247378237925588,1.1429355912070442,114.29355912070443
2026-02-20,Auto,7.717120229893003e-05,1.1431009641230667,114.31009641230668
2026-02-23,Auto,0.006258411760869066,1.1565133724016645,115.65133724016646
2026-02-24,Auto,-0.0015402955349089259,1.1531917044831825,115.31917044831826
2026-02-25,Auto,0.016902682641691584,1.1895864205307847,118.95864205307846
2026-02-26,Auto,0.0004961763009938558,1.1906728414216299,119.06728414216299
2026-02-27,Auto,-0.02061332143624803,1.1455157979797468,114.55157979797468
2026-03-02,Auto,-0.025917809538652057,1.0899087281655384,108.99087281655385
2026-03-04,Auto,-0.03144466825373866,1.0241922415277802,102.41922415277801
2026-03-05,Auto,0.02056475562331262,1.0658192603094045,106.58192603094045
2026-03-06,Auto,-0.007587149602187056,1.0501455805303577,105.01455805303577
2026-03-09,Auto,-0.03444009552035665,0.9795383709062551,97.95383709062551
2026-03-10,Auto,0.02741952339760514,1.0338163695837763,103.38163695837763
2026-03-11,Auto,-0.01783000016014808,0.9975534233883856,99.75534233883856
2026-03-12,Auto,-0.014690287169457583,0.968208789962477,96.8208789962477
2026-03-13,Auto,-0.04053507530534443,0.8884272984447072,88.84272984447072
2026-03-16,Auto,0.005924232556147885,0.8996147809260719,89.9614780926072
2026-03-17,Auto,0.01465976917702415,0.9274626951397114,92.74626951397113
2026-03-18,Auto,0.018225670651929395,0.962591995415208,96.2591995415208
2026-03-19,Auto,-0.03719001788261326,0.8896031640094428,88.96031640094428
2026-03-20,Auto,0.008489033903847303,0.9056440693335361,90.56440693335361
2026-03-23,Auto,-0.03801966216336421,0.8331921256138566,83.31921256138565
2026-03-24,Auto,0.022825222513509713,0.8750351437910067,87.50351437910066
2026-03-25,Auto,0.024641220498654408,0.921238298211887,92.12382982118869
2026-03-27,Auto,-0.02539112663423372,0.8724558932874493,87.24558932874493
2026-03-30,Auto,-0.02843523570242699,0.8192121686194223,81.92121686194223
2026-04-01,Auto,0.021822079036536688,0.8589111603472646,85.89111603472645
2026-04-02,Auto,-0.007022039439243899,0.8458578128652554,84.58578128652555
2026-04-06,Auto,0.013323862199051104,0.8704517680029138,87.04517680029139
2026-04-07,Auto,0.0026946736637185422,0.8754920251214071,87.54920251214071
2026-04-08,Auto,0.06256699709942823,0.9928359292171791,99.28359292171791
2026-04-09,Auto,-0.000353673074291325,0.9921311168075346,99.21311168075346
2026-04-10,Auto,0.02928009358647559,1.0504609023441893,105.04609023441893
2026-04-13,Auto,-0.018600778855602462,1.012320732547626,101.2320732547626
2026-04-15,Auto,0.018747458160486938,1.050046631286543,105.0046631286543
2026-04-16,Auto,0.0012721375001786828,1.0526545724833176,105.26545724833176
2026-04-17,Auto,0.004336481742420739,1.061555871560388,106.1555871560388
2026-04-20,Auto,-0.0011405398350731362,1.0592045849666447,105.92045849666447
2026-04-21,Auto,0.005480760966177494,1.0704905930773037,107.04905930773036
2026-04-22,Auto,0.0005384445871304636,1.0716054375298505,107.16054375298505
2026-04-23,Auto,-0.021431954612659385,1.0272068838173722,102.72068838173722
2026-04-24,Auto,-0.016268516979922067,0.9942272342061744,99.42272342061744
2026-04-27,Auto,0.01480095716629117,1.0237437060795114,102.37437060795114
2026-04-28,Auto,-0.006708395928177556,1.0101676320419726,101.01676320419726
2026-04-29,Auto,0.0070010212266637395,1.0242408583030511,102.42408583030512
2026-04-30,Auto,-0.010271367197889304,1.00344913715045,100.344913715045
2026-05-01,Auto,0.0,1.00344913715045,100.344913715045
2026-05-04,Auto,-0.004003722184426079,0.9954278833946713,99.54278833946712
2026-05-05,Auto,-0.000328645501174871,0.9947720949978747,99.47720949978746
2026-05-06,Auto,0.021681071933700977,1.0380208922808634,103.80208922808633
2026-05-07,Auto,0.01566807846700409,1.0699527635385135,106.99527635385135
2026-05-08,Auto,-0.005160434422661724,1.0592709080442657,105.92709080442657
2026-05-11,Auto,-0.01898564578300591,1.0201743200128885,102.01743200128885
2026-05-12,Auto,-0.023809398555647152,0.9720751844758182,97.20751844758182
2023-05-12,Banking,,,
2023-05-15,Banking,0.006573006559417061,0.0065730065594169496,0.657300655941695
2023-05-16,Banking,0.005019814190760176,0.011625816021780144,1.1625816021780144
2023-05-17,Banking,-0.0007442052163603222,0.010872958812492062,1.0872958812492062
2023-05-18,Banking,-0.007310926554290226,0.0034825408548959658,0.3482540854895966
2023-05-19,Banking,-0.0031502864249522804,0.00032128342876425187,0.03212834287642519
2023-05-22,Banking,0.0013991465322897446,0.0017208794836491847,0.17208794836491847
2023-05-23,Banking,0.0019716402142541055,0.0036959126530971,0.36959126530971
2023-05-24,Banking,-0.0028830934439097603,0.0008021635476478384,0.08021635476478384
2023-05-25,Banking,0.0016731150288825834,0.0024766206884176967,0.24766206884176967
2023-05-26,Banking,0.009977935894026952,0.012479268144907296,1.2479268144907296
2023-05-29,Banking,0.003571745374851206,0.016095586288036534,1.6095586288036534
2023-05-30,Banking,0.00295371353550941,0.019096841574626877,1.9096841574626877
2023-05-31,Banking,0.002529444882674925,0.021674590865498056,2.1674590865498056
2023-06-01,Banking,0.007075730418314926,0.02890368484570449,2.890368484570449
2023-06-02,Banking,0.004443740282668929,0.033475865597039745,3.3475865597039745
2023-06-05,Banking,-0.0007861526205343218,0.0326633958370417,3.2663395837041698
2023-06-06,Banking,-0.0011954688578633746,0.031428878906663016,3.1428878906663016
2023-06-07,Banking,0.003998645918931614,0.03555319778397137,3.555319778397137
2023-06-08,Banking,-0.003905877061056834,0.031508454303242894,3.1508454303242894
2023-06-09,Banking,-0.006423396336206477,0.02488266667710537,2.488266667710537
2023-06-12,Banking,0.0020088231923587503,0.02694147474737285,2.694147474737285
2023-06-13,Banking,0.003928083459051151,0.03097538656774157,3.097538656774157
2023-06-14,Banking,-0.0028065038337346145,0.02808195019285309,2.808195019285309
2023-06-15,Banking,-0.014169558240204546,0.013514483123892473,1.3514483123892473
2023-06-16,Banking,0.013605806471302705,0.027304165037138617,2.7304165037138617
2023-06-19,Banking,0.0015569956503398898,0.028903673153677367,2.8903673153677367
2023-06-20,Banking,0.006413324646128783,0.035502366439206456,3.5502366439206456
2023-06-21,Banking,-0.0011278866856272499,0.034334437107164106,3.4334437107164106
2023-06-22,Banking,-0.01316124791748972,0.020721305150799507,2.0721305150799507
2023-06-23,Banking,-0.0068374524643128,0.013742171747519683,1.3742171747519683
2023-06-26,Banking,-0.0006392951248349249,0.013094091319281853,1.3094091319281853
2023-06-27,Banking,0.008469973179768409,0.02167497110133798,2.167497110133798
2023-06-28,Banking,0.0015131445446954217,0.023220913010311817,2.3220913010311817
2023-06-30,Banking,0.02227980034919021,0.04601807066529773,4.601807066529773
2023-07-03,Banking,0.018801647187138615,0.06568493338131809,6.568493338131809
2023-07-04,Banking,0.009612181156575297,0.07592849001681223,7.592849001681223
2023-07-05,Banking,0.007678460159024479,0.0841899640613657,8.41899640613657
2023-07-06,Banking,0.010748205602471823,0.09584306070723381,9.58430607072338
2023-07-07,Banking,-0.0028027026257905732,0.09277173848353537,9.277173848353538
2023-07-10,Banking,-0.0029666014685810933,0.08952992023932627,8.952992023932627
2023-07-11,Banking,0.0007652134420052262,0.09036364317976031,9.03636431797603
2023-07-12,Banking,0.008802606965632065,0.09996168578028652,9.996168578028652
2023-07-13,Banking,-0.0196111631196159,0.07839015773512159,7.839015773512159
2023-07-14,Banking,0.007736975501115991,0.08673363596616301,8.673363596616301
2023-07-17,Banking,0.014679440903480057,0.10268627815315234,10.268627815315234
2023-07-18,Banking,-0.006459988917890879,0.09556293701637264,9.556293701637264
2023-07-19,Banking,0.009968163786447475,0.10648368781091322,10.648368781091321
2023-07-20,Banking,0.0061987866280705664,0.11334254409909383,11.334254409909384
2023-07-21,Banking,0.004015509729524907,0.11781318191721768,11.781318191721768
2023-07-24,Banking,-0.0013477210148828498,0.11630668160123481,11.63066816012348
2023-07-25,Banking,-0.012325359595089659,0.10254780033209832,10.254780033209832
2023-07-26,Banking,0.01073861607885065,0.11438763786844608,11.438763786844607
2023-07-27,Banking,-0.0024527058429255387,0.11165437279776214,11.165437279776214
2023-07-28,Banking,0.0014386945305770477,0.1132537038637984,11.325370386379841
2023-07-31,Banking,0.0032388982400042114,0.11685941932592114,11.685941932592115
2023-08-01,Banking,0.005746831662097703,0.12327782239901541,12.327782239901541
2023-08-02,Banking,-0.018748527174088207,0.1022180176217169,10.22180176217169
2023-08-03,Banking,-0.0016344339959086154,0.1004165150228129,10.04165150228129
2023-08-04,Banking,0.005755417269548354,0.10674987123707158,10.674987123707158
2023-08-07,Banking,-0.004499314513222894,0.10177025547890706,10.177025547890706
2023-08-08,Banking,0.019406041937746234,0.12315125526249204,12.315125526249204
2023-08-09,Banking,-0.0017716318749154633,0.1211614446983178,12.11614446983178
2023-08-10,Banking,-0.005703187733153837,0.11476725050002945,11.476725050002944
2023-08-11,Banking,0.009919870690029373,0.1258255974744693,12.58255974744693
2023-08-14,Banking,-0.0008707417130846375,0.12484529416508994,12.484529416508995
2023-08-16,Banking,0.0009465925940867043,0.12591006439003993,12.591006439003994
2023-08-17,Banking,0.007113904731591388,0.13391968132445053,13.391968132445054
2023-08-18,Banking,0.0025258962776530305,0.1367838448266656,13.678384482666562
2023-08-21,Banking,0.00017844434568314274,0.13698669747603898,13.698669747603898
2023-08-22,Banking,0.0004560213775408431,0.13750518771606757,13.750518771606757
2023-08-23,Banking,0.020433518514551108,0.1607484210296617,16.07484210296617
2023-08-24,Banking,-0.005388780164572116,0.15449340296235858,15.449340296235858
2023-08-25,Banking,-0.01055301122045033,0.14231002112696078,14.231002112696078
2023-08-28,Banking,0.005207647623224887,0.14825876919346848,14.825876919346847
2023-08-29,Banking,-0.006815211035966168,0.14043314335751633,14.043314335751633
2023-08-30,Banking,-0.002693801640847771,0.13736104268466276,13.736104268466276
2023-08-31,Banking,-0.007046044337091965,0.1293471463506255,12.93471463506255
2023-09-01,Banking,0.012051274100863,0.14295721836632436,14.295721836632435
2023-09-04,Banking,0.026656975891097955,0.1734250013808718,17.342500138087182
2023-09-05,Banking,0.01363937956741546,0.18942979036860041,18.94297903686004
2023-09-06,Banking,-0.007463391121549555,0.18055261063145678,18.05526106314568
2023-09-07,Banking,0.010958523461660152,0.19348972411278598,19.3489724112786
2023-09-08,Banking,0.004714401820844161,0.19911631424130216,19.911631424130217
2023-09-11,Banking,0.019192258279447014,0.22213006425131976,22.213006425131976
2023-09-12,Banking,-0.031688861510159795,0.18340215389785697,18.340215389785698
2023-09-13,Banking,0.02951699779827974,0.21833263266893943,21.833263266893944
2023-09-14,Banking,0.017012458303013702,0.23905946578142068,23.905946578142068
2023-09-15,Banking,0.01719209911482231,0.26036149892629346,26.036149892629346
2023-09-18,Banking,0.027527421551405588,0.295056001214399,29.5056001214399
2023-09-20,Banking,-0.015351295262345868,0.2751752141584838,27.51752141584838
2023-09-21,Banking,-0.022286466777182677,0.24675606411305395,24.675606411305395
2023-09-22,Banking,0.023244305887333692,0.275736043434186,27.5736043434186
2023-09-25,Banking,0.0012473256565317743,0.27732730173212383,27.73273017321238
2023-09-26,Banking,-0.0057255439470135575,0.2700139081313364,27.00139081313364
2023-09-27,Banking,0.009347764119238223,0.28188569857270007,28.188569857270007
2023-09-28,Banking,-0.011581796168194589,0.2670391597009074,26.70391597009074
2023-09-29,Banking,0.011431877169507092,0.28152379574356345,28.152379574356345
2023-10-03,Banking,0.013611656453582883,0.2989674573883163,29.896745738831633
2023-10-04,Banking,-0.020933553368063563,0.27177545279570015,27.177545279570015
2023-10-05,Banking,-0.005982640862868903,0.2641668770034109,26.41668770034109
2023-10-06,Banking,0.004037736918880956,0.269271250274314,26.927125027431398
2023-10-09,Banking,-0.02935246250677781,0.2320150134897061,23.20150134897061
2023-10-10,Banking,0.020402180631608063,0.25715080633577614,25.715080633577614
2023-10-11,Banking,-0.0002805299074873982,0.25679813793637707,25.679813793637706
2023-10-12,Banking,0.0030899249770417587,0.26068154989388614,26.068154989388614
2023-10-13,Banking,-0.0095535156728551,0.24863760894849563,24.863760894849563
2023-10-16,Banking,0.0032571211326073318,0.25270457289157,25.270457289157
2023-10-17,Banking,0.0037471426670370703,0.2573986356458444,25.739863564584443
2023-10-18,Banking,-0.01733289553798703,0.2356042764445876,23.56042764445876
2023-10-19,Banking,-0.0010704380419087787,0.23428163862233609,23.42816386223361
2023-10-20,Banking,-0.009373394937831398,0.22271222935901513,22.271222935901513
2023-10-23,Banking,-0.035829713080038614,0.17890280100162737,17.890280100162737
2023-10-25,Banking,-0.0012212618984962919,0.17746305192873346,17.746305192873347
2023-10-26,Banking,-0.010041926212019889,0.1656390548438853,16.56390548438853
2023-10-27,Banking,0.02430498023570235,0.1939698890338286,19.396988903382862
2023-10-30,Banking,-0.0026525967884420028,0.190802768340681,19.0802768340681
2023-10-31,Banking,-0.0007189736987624864,0.18994661246983036,18.994661246983036
2023-11-01,Banking,-0.0010308570677058457,0.1887199475941732,18.87199475941732
2023-11-02,Banking,0.012796023323573495,0.20393083576878546,20.393083576878546
2023-11-03,Banking,0.004803146263039769,0.20971349166356656,20.971349166356656
2023-11-06,Banking,-0.0013396640423938289,0.20809288199718612,20.809288199718612
2023-11-07,Banking,0.006939800971501597,0.21647680615333442,21.647680615333442
2023-11-08,Banking,0.002874436611280635,0.2199734916217153,21.99734916217153
2023-11-09,Banking,-0.00010871492497429405,0.2198408622951029,21.98408622951029
2023-11-10,Banking,0.0027516377566747284,0.22319742246892882,22.319742246892883
2023-11-13,Banking,0.0303547119606869,0.2603272278990276,26.032722789902763
2023-11-15,Banking,0.006275886757766527,0.2682368988590518,26.82368988590518
2023-11-16,Banking,-0.0026771124345593526,0.2648416860871492,26.48416860871492
2023-11-17,Banking,-0.01608313460768436,0.24449906699239898,24.449906699239897
2023-11-20,Banking,-0.004505261755185555,0.23889227294151416,23.889227294151418
2023-11-21,Banking,-0.002160010515678747,0.23621625260416734,23.621625260416735
2023-11-22,Banking,-0.013965998439939637,0.21895125834886953,21.895125834886954
2023-11-23,Banking,0.004922944016271819,0.2249520871522852,22.49520871522852
2023-11-24,Banking,-0.0022629270083010084,0.22218010999039373,22.21801099903937
2023-11-28,Banking,0.009296746931601804,0.23354240917781177,23.354240917781176
2023-11-29,Banking,0.011001885948616105,0.24711370207636718,24.71137020763672
2023-11-30,Banking,-0.007212406130326733,0.23811901156629722,23.811901156629723
2023-12-01,Banking,0.009165813831994826,0.24946737992816725,24.946737992816725
2023-12-04,Banking,0.03611510824059348,0.29459202959736386,29.459202959736388
2023-12-05,Banking,0.010703333730432167,0.3084484801349019,30.84484801349019
2023-12-06,Banking,0.0014324995305936678,0.3103228319685012,31.03228319685012
2023-12-07,Banking,0.00466448915831281,0.316434818612108,31.643481861210798
2023-12-08,Banking,-0.0002894717572517089,0.31605374791185703,31.605374791185703
2023-12-11,Banking,0.009660589679920771,0.32876760316715514,32.87676031671551
2023-12-12,Banking,0.0008040705517349548,0.3298360260669613,32.983602606696124
2023-12-13,Banking,0.001894621562309649,0.3323555620762839,33.23555620762839
2023-12-14,Banking,0.010480287305070703,0.34631903115935225,34.63190311593522
2023-12-15,Banking,0.01769078593369094,0.3701364729380465,37.01364729380465
2023-12-18,Banking,-2.4653392482996606e-05,0.3701026944258239,37.01026944258239
2023-12-19,Banking,0.0011346141187221536,0.37165723228701864,37.165723228701864
2023-12-20,Banking,-0.039976645137012046,0.31682297786226443,31.682297786226442
2023-12-21,Banking,0.012977044290083903,0.33391144796818306,33.39114479681831
2023-12-22,Banking,-0.005000192607803792,0.32724163380658755,32.72416338065875
2023-12-26,Banking,0.0005756615580598227,0.32800567579342665,32.80056757934267
2023-12-27,Banking,0.012342674317531157,0.3443968173415779,34.43968173415779
2023-12-28,Banking,0.006285282085674704,0.3528467305736529,35.28467305736529
2023-12-29,Banking,0.0008330208262111084,0.35397368007489227,35.39736800748923
2024-01-01,Banking,0.007360019452074773,0.36393895269784093,36.393895269784096
2024-01-02,Banking,-0.006429636562093523,0.35516932093911135,35.51693209391114
2024-01-03,Banking,0.009694638852153709,0.36830719808913437,36.830719808913436
2024-01-04,Banking,0.014684751119463465,0.3884004487480437,38.84004487480437
2024-01-05,Banking,-0.0034513528706430793,0.3836085888736549,38.36085888736549
2024-01-08,Banking,-0.02174797477904697,0.35351790417875795,35.3517904178758
2024-01-09,Banking,-0.002167497626819892,0.35058415733359216,35.05841573335922
2024-01-10,Banking,0.0011789167674653171,0.3521763836425458,35.217638364254576
2024-01-11,Banking,0.006192979277953177,0.3605503839665818,36.055038396658176
2024-01-12,Banking,0.014567588226936122,0.38037032172220675,38.03703217222068
2024-01-15,Banking,0.007163273733928467,0.3902582921908937,39.02582921908937
2024-01-16,Banking,0.004118130749593844,0.39598355761384285,39.59835576138428
2024-01-17,Banking,-0.026038749562802225,0.35963389136334634,35.963389136334634
2024-01-18,Banking,0.005070298168512794,0.3665276405925739,36.65276405925739
2024-01-19,Banking,0.0061515313764122165,0.3749338782504137,37.49338782504137
2024-01-23,Banking,-0.014549565726874457,0.35492918741870283,35.492918741870284
2024-01-24,Banking,0.016777721753868467,0.37766181232140905,37.76618123214091
2024-01-25,Banking,-0.0015307429602331914,0.37555296620061607,37.555296620061604
2024-01-29,Banking,0.02354698625303232,0.4079430929860599,40.79430929860599
2024-01-30,Banking,0.0010266807459865406,0.4093886010510732,40.938860105107324
2024-01-31,Banking,0.02055360513730243,0.4383566178420921,43.835661784209215
2024-02-01,Banking,0.018428894160751844,0.464863939717721,46.4863939717721
2024-02-02,Banking,0.020105274273700798,0.4943154309993998,49.43154309993998
2024-02-05,Banking,0.013879501021856614,0.5150557835509322,51.50557835509322
2024-02-06,Banking,0.004644736116132066,0.5220928178667461,52.20928178667461
2024-02-07,Banking,0.03225591932848261,0.5711893210103187,57.118932101031874
2024-02-08,Banking,-0.013805675095644296,0.5494979917307041,54.94979917307041
2024-02-09,Banking,-0.000790707761949993,0.5482727916415167,54.82727916415166
2024-02-12,Banking,-0.04897749147010522,0.47244227419549834,47.24422741954983
2024-02-13,Banking,0.014329728283563083,0.49354197189795146,49.354197189795144
2024-02-14,Banking,0.022026539140061422,0.5264395325992861,52.64395325992861
2024-02-15,Banking,0.020967571092302465,0.5584452620171627,55.84452620171627
2024-02-16,Banking,0.0012392389541242847,0.5603765480937248,56.037654809372484
2024-02-19,Banking,-0.00311961672331083,0.5555087713196296,55.55087713196296
2024-02-20,Banking,-0.0030357010519327086,0.5507867117062439,55.078671170624396
2024-02-21,Banking,-0.001750835740548947,0.5480715389054203,54.807153890542025
2024-02-22,Banking,0.00747149103523418,0.5596379415302535,55.96379415302535
2024-02-23,Banking,-0.007295051974529322,0.5482603016853425,54.826030168534245
2024-02-26,Banking,-0.008833698455948759,0.534583437048938,53.45834370489379
2024-02-27,Banking,-0.004675448846435945,0.527408570688428,52.74085706884279
2024-02-28,Banking,-0.02446420639878601,0.4900417321598316,49.00417321598316
2024-02-29,Banking,0.012589446959387808,0.5088005335141323,50.88005335141324
2024-03-01,Banking,0.018698484415266618,0.5370128167757924,53.70128167757924
2024-03-04,Banking,0.00020013772637234904,0.5373204310263469,53.732043102634684
2024-03-05,Banking,0.01970224453989802,0.5676090940946092,56.76090940946092
2024-03-06,Banking,-0.00555238930886538,0.5589051181200781,55.890511812007816
2024-03-07,Banking,-0.0017312404187826863,0.5562062785705415,55.62062785705415
2024-03-11,Banking,-0.014883260543610876,0.5330448550669731,53.304485506697304
2024-03-12,Banking,-0.021409355630273973,0.5002233525676825,50.022335256768244
2024-03-13,Banking,-0.041498225496658374,0.43796674558747606,43.796674558747604
2024-03-14,Banking,0.023661084972835273,0.47199059894293294,47.19905989429329
2024-03-15,Banking,0.0035596396757416764,0.4772303550812489,47.72303550812489
2024-03-18,Banking,-0.004850802877324224,0.47006460182435017,47.00646018243502
2024-03-19,Banking,-0.014517749273396762,0.4487225725193684,44.872257251936844
2024-03-20,Banking,-0.005253952010363599,0.4411110536470211,44.111105364702105
2024-03-21,Banking,0.018129399473955806,0.4672375316249211,46.72375316249211
2024-03-22,Banking,0.010608313955291522,0.48280244800738514,48.280244800738515
2024-03-26,Banking,-0.002671188151047376,0.4788416036779237,47.884160367792376
2024-03-27,Banking,-0.005626154831056037,0.4705214118450245,47.052141184502446
2024-03-28,Banking,0.016954847388957122,0.4954538779650506,49.54538779650506
2024-04-01,Banking,0.023677642515576254,0.5308627002860393,53.086270028603934
2024-04-02,Banking,0.004661894428324624,0.5379994205790326,53.79994205790326
2024-04-03,Banking,0.012731116785548204,0.5575798708185298,55.757987081852974
2024-04-04,Banking,0.00022953900203436764,0.5579373961476664,55.793739614766636
2024-04-05,Banking,0.009551007964998538,0.5728172686272417,57.28172686272417
2024-04-08,Banking,-0.007609138621716211,0.560849484003628,56.0849484003628
2024-04-09,Banking,-0.005809821440448182,0.5517812272061513,55.17812272061513
2024-04-10,Banking,0.010017419404513962,0.5673260705831267,56.73260705831267
2024-04-12,Banking,-0.011480059721750053,0.5493330736893767,54.93330736893767
2024-04-15,Banking,-0.020871956792772737,0.5169954607177183,51.69954607177183
2024-04-16,Banking,-0.00559048963501197,0.5085147133182157,50.85147133182157
2024-04-18,Banking,-0.005298327686656484,0.5005221080469131,50.05221080469131
2024-04-19,Banking,-0.00017748257058334155,0.5002557915259598,50.02557915259598
2024-04-22,Banking,0.025850317162259846,0.5390378795614232,53.903787956142324
2024-04-23,Banking,-6.584487434670526e-05,0.5389365418056287,53.89365418056287
2024-04-24,Banking,-0.0007333686743184435,0.5378079339541046,53.78079339541046
2024-04-25,Banking,0.01734117581721631,0.5644753317099132,56.44753317099131
2024-04-26,Banking,-0.0008543649902306452,0.5631386987584208,56.31386987584208
2024-04-29,Banking,0.02339725562540378,0.5997118544712328,59.971185447123275
2024-04-30,Banking,-0.0017739136023239288,0.5968741038527874,59.68741038527874
2024-05-02,Banking,-0.004512573729036451,0.5896680917231627,58.96680917231627
2024-05-03,Banking,-0.012167027089010319,0.5703265569886318,57.03265569886318
2024-05-06,Banking,-0.015943754589779285,0.5452896557381921,54.52896557381921
2024-05-07,Banking,-0.025909232075571182,0.5052523874236918,50.52523874236918
2024-05-08,Banking,0.0035526423432790167,0.510600010792575,51.0600010792575
2024-05-09,Banking,-0.014656595685431954,0.4884597571919791,48.84597571919791
2024-05-10,Banking,0.0033136626991475213,0.4933920107685683,49.33920107685683
2024-05-13,Banking,-0.005438771780417155,0.4852697924432998,48.52697924432998
2024-05-14,Banking,0.008903492734222243,0.49849388124867855,49.84938812486786
2024-05-15,Banking,0.008367467089104595,0.5110324794832513,51.10324794832513
2024-05-16,Banking,-0.002213118394223317,0.5076883857086381,50.76883857086381
2024-05-17,Banking,0.004462455420391399,0.5144163779177047,51.44163779177047
2024-05-21,Banking,0.02133263200974975,0.5467228652173612,54.672286521736126
2024-05-22,Banking,-0.002982744952548957,0.5421093853981422,54.21093853981422
2024-05-23,Banking,0.016241018214188063,0.5671548120146639,56.71548120146639
2024-05-24,Banking,-0.0008321971495669781,0.5658506302471751,56.585063024717506
2024-05-27,Banking,0.016711814429024602,0.592018835403437,59.2018835403437
2024-05-28,Banking,-0.015979428873549664,0.5665792836577566,56.65792836577565
2024-05-29,Banking,-0.005349476317984039,0.558198904879585,55.8198904879585
2024-05-30,Banking,-0.007008940514992912,0.547277581444757,54.7277581444757
2024-05-31,Banking,0.010531607754680141,0.5635729020201434,56.35729020201434
2024-06-03,Banking,0.058251430993566874,0.6546532610255809,65.46532610255808
2024-06-04,Banking,-0.11384731830939117,0.4662754245259293,46.62754245259293
2024-06-05,Banking,0.042236900820098434,0.5282063542065787,52.820635420657865
2024-06-06,Banking,0.01619029013363975,0.5529484584652549,55.29484584652549
2024-06-07,Banking,0.011764737404276287,0.571218489281474,57.1218489281474
2024-06-10,Banking,0.004794010629681632,0.5787509274206415,57.87509274206415
2024-06-11,Banking,-0.0010229098884528714,0.5771360074855787,57.713600748557866
2024-06-12,Banking,0.010037702068622973,0.5929668288504164,59.29668288504164
2024-06-13,Banking,-0.002646753699526354,0.5887506380029337,58.87506380029337
2024-06-14,Banking,0.003892062926664266,0.5949341554608192,59.49341554608192
2024-06-18,Banking,0.003967867395944464,0.6012626426949503,60.12626426949503
2024-06-19,Banking,0.005893614030803474,0.6106998666729386,61.06998666729386
2024-06-20,Banking,0.008384296231991563,0.6242044514959539,62.420445149595395
2024-06-21,Banking,-0.0054854763999295205,0.6152949163086125,61.52949163086126
2024-06-24,Banking,-0.0066466296442794165,0.6045586492336219,60.45586492336219
2024-06-25,Banking,0.0008310350361214805,0.6058920936886469,60.589209368864694
2024-06-26,Banking,0.0020959276172376356,0.6092579272781125,60.92579272781124
2024-06-27,Banking,-0.007637515121931081,0.5969671955234384,59.696719552343836
2024-06-28,Banking,0.003065786698042314,0.601863156308684,60.18631563086841
2024-07-01,Banking,-0.00047976739184942945,0.6010946346000821,60.10946346000821
2024-07-02,Banking,-0.013423221929201687,0.5796027859901911,57.96027859901911
2024-07-03,Banking,0.013566704477722388,0.6010327901799069,60.10327901799069
2024-07-04,Banking,0.0003688264335065118,0.6016232933938357,60.16232933938357
2024-07-05,Banking,0.00835678251491368,0.615007710927548,61.5007710927548
2024-07-08,Banking,-0.010493382550830455,0.5980608171942443,59.806081719424434
2024-07-09,Banking,0.010485656164709154,0.6148175334536372,61.48175334536372
2024-07-10,Banking,-0.011128531097294345,0.5968469863161421,59.68469863161421
2024-07-11,Banking,0.003731039670302755,0.602804885769491,60.2804885769491
2024-07-12,Banking,-0.0021298434307600532,0.5993911623127448,59.93911623127448
2024-07-15,Banking,0.021458480536774828,0.6337116664399225,63.37116664399225
2024-07-16,Banking,-0.0008142759583792929,0.6323813743070168,63.23813743070168
2024-07-18,Banking,0.0022414540890276094,0.6360402822133098,63.60402822133098
2024-07-19,Banking,-0.018550931363025505,0.6056902112308258,60.56902112308258
2024-07-22,Banking,0.007794904051352817,0.6182064123635664,61.82064123635664
2024-07-23,Banking,-0.014426490414378297,0.594861373067118,59.4861373067118
2024-07-24,Banking,0.007228888345097933,0.6063904478589297,60.63904478589297
2024-07-25,Banking,-0.005008593891670264,0.5983446904741458,59.834469047414586
2024-07-26,Banking,0.016085480071929073,0.6240548321408412,62.40548321408412
2024-07-29,Banking,0.01618388900121365,0.6503383552760931,65.03383552760931
2024-07-30,Banking,0.0014335965228129762,0.6527042746036817,65.27042746036817
2024-07-31,Banking,-0.0013171755815950946,0.650527372889576,65.0527372889576
2024-08-01,Banking,-0.008263748144127038,0.6368878303750289,63.688783037502894
2024-08-02,Banking,-0.009803412146934564,0.620840744335561,62.084074433556104
2024-08-05,Banking,-0.04137171873041594,0.5537837769541123,55.37837769541123
2024-08-06,Banking,-0.01098597664098603,0.5367139446753515,53.67139446753515
2024-08-07,Banking,0.013602423872887424,0.5576169791222023,55.76169791222023
2024-08-08,Banking,-0.005884403863334664,0.54845133175266,54.845133175266
2024-08-09,Banking,0.011998195483701957,0.567029953528027,56.7029953528027
2024-08-12,Banking,-0.004159044926480273,0.5605126055501637,56.05126055501637
2024-08-13,Banking,-0.013570625756593823,0.5393354729917952,53.933547299179516
2024-08-14,Banking,-0.0075680126780458485,0.5276857626164275,52.76857626164275
2024-08-16,Banking,0.012666398092843948,0.547036038646497,54.70360386464969
2024-08-19,Banking,0.010332130908010486,0.5630202175172025,56.302021751720254
2024-08-20,Banking,0.012569647479477057,0.5826668306546892,58.26668306546892
2024-08-21,Banking,6.301606109281263e-05,0.5827665640843793,58.27665640843793
2024-08-22,Banking,0.007587737814091534,0.5947761817935622,59.47761817935622
2024-08-23,Banking,-0.006356451285388747,0.5846390646828932,58.463906468289316
2024-08-26,Banking,-0.00323178747348389,0.5795178480036578,57.95178480036578
2024-08-27,Banking,-0.0003397862041477687,0.578981149629701,57.898114962970105
2024-08-28,Banking,-0.001841089153686707,0.5760741045612419,57.607410456124185
2024-08-29,Banking,-0.0032194067597972435,0.5710000809350759,57.10000809350759
2024-08-30,Banking,0.0031696871930541456,0.5759796597719029,57.59796597719029
2024-09-02,Banking,0.003115730667109953,0.5808899879285956,58.088998792859556
2024-09-03,Banking,-0.002366527899961928,0.5771487676653921,57.71487676653921
2024-09-04,Banking,-0.01326237819377143,0.5562320242407732,55.62320242407732
2024-09-05,Banking,0.0032272723085918307,0.5612544087583491,56.12544087583491
2024-09-06,Banking,-0.024764732479348097,0.5225903609932459,52.25903609932458
2024-09-09,Banking,-0.0010550212094333137,0.5209839958691191,52.09839958691192
2024-09-10,Banking,0.004478579155928203,0.5277958430895191,52.77958430895191
2024-09-11,Banking,-0.010094253978006281,0.5123738838228313,51.237388382283136
2024-09-12,Banking,0.010792518561243981,0.5286962070355301,52.86962070355301
2024-09-13,Banking,0.016683072628044516,0.5541995568837199,55.41995568837199
2024-09-16,Banking,0.0024642875216314667,0.5580295514578735,55.80295514578735
2024-09-17,Banking,-0.004360010610469376,0.5512365260820922,55.12365260820922
2024-09-18,Banking,0.00045053852381286185,0.5519354178966378,55.19354178966378
2024-09-19,Banking,-0.004916813753130461,0.5443048404899533,54.43048404899533
2024-09-20,Banking,0.0045766825646761785,0.5513726335279687,55.13726335279687
2024-09-23,Banking,0.02352476674672821,0.5878683128689717,58.78683128689717
2024-09-24,Banking,-0.009071334153325459,0.57346422881146,57.346422881146
2024-09-25,Banking,-0.005040754470851277,0.565532781965354,56.553278196535395
2024-09-26,Banking,0.005221424502642934,0.5737070931927986,57.370709319279854
2024-09-27,Banking,0.0008442695484339676,0.5750357261697356,57.503572616973564
2024-09-30,Banking,-0.013425021452631124,0.5538908377572465,55.38908377572464
2024-10-01,Banking,-0.0036398468501837736,0.5482349130859063,54.82349130859063
2024-10-03,Banking,-0.021409123609915367,0.5150885604544637,51.50885604544637
2024-10-04,Banking,-0.0013341970831967497,0.5130671337163206,51.306713371632064
2024-10-07,Banking,-0.028270043759361013,0.4702926596353092,47.02926596353092
2024-10-08,Banking,0.014307199516766442,0.4913284300647489,49.13284300647489
2024-10-09,Banking,0.002797434398221607,0.4955003235140578,49.55003235140578
2024-10-10,Banking,0.002376828108349324,0.49905487071903165,49.90548707190317
2024-10-11,Banking,0.0036168866019091342,0.5044767821964617,50.44767821964618
2024-10-14,Banking,0.003038424723250391,0.5090480216470437,50.904802164704364
2024-10-15,Banking,-0.0026854021343662173,0.5049956208688515,50.49956208688515
2024-10-16,Banking,-0.001967016236576977,0.5020352700466251,50.203527004662504
2024-10-17,Banking,-0.008170871160807794,0.489762333376085,48.9762333376085
2024-10-18,Banking,0.013548273711046948,0.5099460412330723,50.99460412330723
2024-10-21,Banking,-0.012769656270596353,0.4906645492993782,49.06645492993782
2024-10-22,Banking,-0.03657144077704668,0.43614879901623294,43.6148799016233
2024-10-23,Banking,0.0029352128629811514,0.44036420144426036,44.03642014442604
2024-10-24,Banking,0.00928235210398753,0.4537341691200447,45.37341691200447
2024-10-25,Banking,-0.029397361404764608,0.4109982203639677,41.09982203639677
2024-10-28,Banking,0.02949903162918617,0.4526213014952096,45.262130149520964
2024-10-29,Banking,0.0220152096031604,0.4846010639216425,48.46010639216425
2024-10-30,Banking,0.003053330852139663,0.48913404215323375,48.913404215323375
2024-10-31,Banking,-0.0010733513470887175,0.48753567812309284,48.753567812309285
2024-11-01,Banking,0.009096498061151256,0.5010670435350328,50.10670435350328
2024-11-04,Banking,-0.013546864453557864,0.48073229176056076,48.073229176056074
2024-11-05,Banking,0.015245558797314648,0.5033068829776788,50.33068829776788
2024-11-06,Banking,0.011039598237776508,0.5199027869938364,51.99027869938364
2024-11-07,Banking,-0.00568312939895371,0.5112649827815201,51.12649827815201
2024-11-08,Banking,-0.016355757063837774,0.48654709986406064,48.65470998640606
2024-11-11,Banking,0.000884581300734684,0.48786207163126183,48.786207163126186
2024-11-12,Banking,-0.012468204478458563,0.4693111030864203,46.93111030864203
2024-11-13,Banking,-0.034180999965910924,0.4190885803219109,41.90885803219109
2024-11-14,Banking,-0.0020789178645271972,0.41613841172093324,41.61384117209332
2024-11-18,Banking,0.003951610852983824,0.42173443963801693,42.173443963801695
2024-11-19,Banking,0.003468208491324191,0.42666531109397754,42.66653110939775
2024-11-21,Banking,-0.014422999758332283,0.40608851765684806,40.608851765684804
2024-11-22,Banking,0.01517462848637931,0.42742538853125467,42.74253885312547
2024-11-25,Banking,0.0323557252928936,0.473610772278674,47.3610772278674
2024-11-26,Banking,0.003104096155141272,0.4781850018110789,47.81850018110789
2024-11-27,Banking,0.0008867655127365461,0.4794958052921292,47.94958052921292
2024-11-28,Banking,0.0015634824948191554,0.48180897108486187,48.180897108486185
2024-11-29,Banking,-0.003370478453682926,0.47681456587534643,47.68145658753464
2024-12-02,Banking,-0.0008553519377691005,0.47555136967469935,47.555136967469934
2024-12-03,Banking,0.019415417872629716,0.504199816109465,50.41998161094649
2024-12-04,Banking,0.02950195013003669,0.5485766440699367,54.85766440699366
2024-12-05,Banking,-0.002531642115099691,0.5446562022193495,54.465620221934955
2024-12-06,Banking,0.001248553394019969,0.5465847879632244,54.65847879632244
2024-12-09,Banking,-0.003105551560272742,0.5417817891618713,54.17817891618712
2024-12-10,Banking,0.00011918356608861389,0.541965544213634,54.196554421363395
2024-12-11,Banking,-0.005253494776329362,0.5338648362818277,53.386483628182766
2024-12-12,Banking,-0.006967124042929739,0.5231782097023641,52.317820970236404
2024-12-13,Banking,-0.00514869864565856,0.5153358241169728,51.533582411697274
2024-12-16,Banking,0.004264890854582932,0.5217985660148712,52.17985660148712
2024-12-17,Banking,-0.018304307425248127,0.49394309722323326,49.39430972232333
2024-12-18,Banking,-0.015546816802810249,0.47071703757688077,47.07170375768808
2024-12-19,Banking,-0.006168735838186866,0.4616445726793481,46.16445726793481
2024-12-20,Banking,-0.025185404437041623,0.42483246297321187,42.48324629732119
2024-12-23,Banking,0.007582707678809881,0.43563655103121657,43.563655103121654
2024-12-24,Banking,-0.0010057078141371952,0.43419272013358357,43.41927201335836
2024-12-26,Banking,-0.0013893472868355084,0.43220012836906685,43.22001283690668
2024-12-27,Banking,-0.0012084072951064413,0.4304694472858934,43.046944728589345
2024-12-30,Banking,-0.00586411428530787,0.4220810109653679,42.20810109653679
2024-12-31,Banking,0.00541096458372291,0.4297758409508863,42.97758409508863
2025-01-01,Banking,0.004114884602020013,0.43565920354315524,43.56592035431552
2025-01-02,Banking,0.00846703269994583,0.4478149769655333,44.78149769655333
2025-01-03,Banking,0.0029022368229663672,0.4520168789045247,45.20168789045247
2025-01-06,Banking,-0.03724068616174124,0.3979427740156902,39.79427740156902
2025-01-07,Banking,0.00650120696683077,0.4070310893173519,40.70310893173519
2025-01-08,Banking,-0.007690047488629816,0.3962109534225229,39.62109534225229
2025-01-09,Banking,-0.011741459693138867,0.37981739878979326,37.981739878979326
2025-01-10,Banking,-0.028168407531850674,0.3409501399811443,34.09501399811443
2025-01-13,Banking,-0.028934823036576497,0.3021499849799174,30.21499849799174
2025-01-14,Banking,0.06038368064231107,0.38077859382133483,38.07785938213348
2025-01-15,Banking,-0.01025297088166866,0.3666215111048532,36.66215111048532
2025-01-16,Banking,0.024280536715734415,0.3998038148817469,39.980381488174686
2025-01-17,Banking,-0.00440216994933627,0.3936416405929082,39.364164059290815
2025-01-20,Banking,0.021366649255442193,0.4234190927152359,42.34190927152359
2025-01-21,Banking,-0.016946216118235147,0.39929752514326133,39.92975251432613
2025-01-22,Banking,-0.007298094377393401,0.3890853197427129,38.908531974271284
2025-01-23,Banking,6.14235751676903e-05,0.38917064232926446,38.91706423292645
2025-01-24,Banking,-0.017338138204249204,0.36508500974327407,36.508500974327404
2025-01-27,Banking,-0.005684157775960021,0.35732565117029536,35.73256511702954
2025-01-28,Banking,0.009903332346044744,0.37076769819564626,37.076769819564625
2025-01-29,Banking,0.009141606262890447,0.38329871677043936,38.32987167704394
2025-01-30,Banking,0.0012823814191189025,0.38507263334191677,38.50726333419168
2025-01-31,Banking,0.016376707651395112,0.4077555629341054,40.775556293410546
2025-02-01,Banking,-0.010608007371659012,0.39282208154500653,39.28220815450065
2025-02-03,Banking,-0.015047289249052298,0.37186388481153165,37.186388481153166
2025-02-04,Banking,0.020353342891541344,0.39978590085962296,39.978590085962296
2025-02-05,Banking,0.014260751416517264,0.41974789962812764,41.974789962812764
2025-02-06,Banking,-0.0024582073431400737,0.41625786491585415,41.625786491585416
2025-02-07,Banking,-0.004272381410500073,0.41020707114131305,41.020707114131305
2025-02-10,Banking,-0.013785668678260045,0.3907664236908195,39.07664236908195
2025-02-11,Banking,-0.023503737369866707,0.3580782149255617,35.80782149255617
2025-02-12,Banking,0.0044993853143801875,0.36418873210157754,36.418873210157756
2025-02-13,Banking,-0.003184794387597603,0.3598440714839566,35.98440714839566
2025-02-14,Banking,-0.01887711936530317,0.33417413262835405,33.4174132628354
2025-02-17,Banking,0.000285874602015077,0.3345555391275381,33.455553912753814
2025-02-18,Banking,-0.010312448096574126,0.32079300439828984,32.079300439828984
2025-02-19,Banking,0.016572419679208247,0.34268174037654076,34.26817403765408
2025-02-20,Banking,0.013180024910186076,0.3603783191611556,36.03783191611556
2025-02-21,Banking,-0.010973892490400478,0.34544967374040936,34.54496737404094
2025-02-24,Banking,-0.004323876049914828,0.3396321161197575,33.96321161197575
2025-02-25,Banking,-0.00713072378734823,0.33007956952304673,33.007956952304674
2025-02-27,Banking,-0.005101983503553614,0.3232935255009264,32.329352550092636
2025-02-28,Banking,-0.021567902717549544,0.29475285947615926,29.475285947615927
2025-03-03,Banking,-0.013491580937645926,0.2772845964782882,27.728459647828817
2025-03-04,Banking,0.009703793425634391,0.2896791023482581,28.967910234825812
2025-03-05,Banking,0.021428875698177016,0.31731547552301564,31.731547552301564
2025-03-06,Banking,0.007203039273600822,0.3268041506289301,32.68041506289301
2025-03-07,Banking,-0.0007706805919330934,0.3257816084207441,32.57816084207441
2025-03-10,Banking,-0.01767461330870702,0.30234893116011174,30.234893116011175
2025-03-11,Banking,-0.01924595788165594,0.2772839784837846,27.72839784837846
2025-03-12,Banking,-0.0036781878686899675,0.27258588804925354,27.258588804925353
2025-03-13,Banking,-0.003329400809043379,0.2683489395640051,26.834893956400506
2025-03-17,Banking,0.0006727666318048278,0.2692022424080289,26.92022424080289
2025-03-18,Banking,0.0,0.2692022424080289,26.92022424080289
2025-03-19,Banking,0.04041021889940645,0.3204909828513549,32.04909828513549
2025-03-20,Banking,0.003469835455846898,0.3250728692827787,32.507286928277864
2025-03-21,Banking,0.02061425849153952,0.35238826393029976,35.238826393029974
2025-03-24,Banking,0.023145823959403386,0.38369040461199355,38.369040461199354
2025-03-25,Banking,-0.01306297830242212,0.36561528687927747,36.56152868792775
2025-03-26,Banking,-0.011543463430167118,0.34985135675550927,34.98513567555093
2025-03-27,Banking,0.015082251406863853,0.37021015427999204,37.0210154279992
2025-03-28,Banking,-0.010120443814312985,0.3563430193998003,35.63430193998003
2025-04-01,Banking,-0.016906872059232317,0.33341150150237486,33.34115015023749
2025-04-02,Banking,-0.006664155102833563,0.3245254404404607,32.45254404404607
2025-04-03,Banking,0.016215027897998703,0.34600265740881175,34.60026574088118
2025-04-04,Banking,-0.02239678155400517,0.31585652991971624,31.585652991971624
2025-04-07,Banking,-0.03589329052074184,0.2686261092076927,26.86261092076927
2025-04-08,Banking,0.02147697997575738,0.29587236675186945,29.587236675186944
2025-04-09,Banking,-0.009867142522820277,0.2830858094177444,28.30858094177444
2025-04-11,Banking,0.013025994293103079,0.29979927784878146,29.979927784878146
2025-04-15,Banking,0.023766216930710272,0.33069058945251606,33.069058945251605
2025-04-16,Banking,0.02424074396867052,0.36294751933295366,36.294751933295366
2025-04-17,Banking,0.011047995381763948,0.3780053572321307,37.800535723213066
2025-04-21,Banking,0.030088102803967513,0.4194669240849489,41.94669240849489
2025-04-22,Banking,0.005530294792709267,0.4273169946236388,42.73169946236388
2025-04-23,Banking,-0.004688421161906539,0.42062513142129654,42.06251314212965
2025-04-24,Banking,-0.0013548721921824904,0.4187003659352182,41.87003659352182
2025-04-25,Banking,-0.02187131104483252,0.3876715289524313,38.76715289524313
2025-04-28,Banking,0.01687409488356992,0.4110872299992032,41.108722999920325
2025-04-29,Banking,0.00596798831786233,0.4195085821033231,41.950858210332306
2025-04-30,Banking,-0.016965146240242767,0.39542641141866053,39.542641141866056
2025-05-02,Banking,-0.003818235996249349,0.39009834406446475,39.00983440644647
2025-05-05,Banking,0.001865872753653604,0.3926920906895537,39.26920906895537
2025-05-06,Banking,-0.030613676169994844,0.35005666602067054,35.00566660206705
2025-05-07,Banking,0.005390157828942979,0.35733368452853864,35.73336845285387
2025-05-08,Banking,-0.00920006354825004,0.34484612837469575,34.48461283746958
2025-05-09,Banking,0.00571360983366852,0.35253005443854857,35.25300544385486
2025-05-12,Banking,0.03640433956154057,0.4017680178075185,40.176801780751845
2025-05-13,Banking,0.006636880509758659,0.4110713846441083,41.10713846441083
2025-05-14,Banking,0.00829726496655549,0.422779417809225,42.277941780922504
2025-05-15,Banking,0.0037159998101439218,0.42806646585568076,42.806646585568075
2025-05-16,Banking,0.003714656102370767,0.4333712416676627,43.33712416676627
2025-05-19,Banking,0.013665497706243743,0.45295897308286803,45.295897308286804
2025-05-20,Banking,-0.01216748924438997,0.4352801104053423,43.52801104053423
2025-05-21,Banking,0.004585781801453479,0.44186199181562724,44.18619918156273
2025-05-22,Banking,-0.0038806457269893587,0.4362666362381795,43.626663623817954
2025-05-23,Banking,0.007180133664935949,0.4465792226648577,44.65792226648577
2025-05-26,Banking,-0.001026629447362537,0.4450941218369271,44.50941218369271
2025-05-27,Banking,0.003143528493734595,0.44963681638504993,44.963681638504994
2025-05-28,Banking,0.004728368231248033,0.4564912330544926,45.64912330544926
2025-05-29,Banking,0.0017627194933238265,0.4590586185428531,45.90586185428531
2025-05-30,Banking,0.01769718098789555,0.48487984298715503,48.4879842987155
2025-06-02,Banking,0.022802422167814005,0.5187387000354255,51.87387000354256
2025-06-03,Banking,-0.013920877723145307,0.4975965242988236,49.759652429882365
2025-06-04,Banking,0.0041625373300172045,0.5038303257365213,50.38303257365213
2025-06-05,Banking,-0.0049672350838479455,0.49636044698236836,49.63604469823684
2025-06-06,Banking,0.010504961789860929,0.5120796563017773,51.20796563017773
2025-06-09,Banking,0.015842634754156704,0.5360349820157573,53.603498201575725
2025-06-10,Banking,-0.005346842946825969,0.5278220442060884,52.782204420608835
2025-06-11,Banking,-0.006161704725326184,0.5184080558968462,51.84080558968462
2025-06-12,Banking,-0.01410431120777289,0.4969919561360876,49.69919561360876
2025-06-13,Banking,-0.011709074610006587,0.47946356563111037,47.94635656311104
2025-06-16,Banking,0.004533664841368763,0.48617095758269824,48.617095758269826
2025-06-17,Banking,-0.007237578081360285,0.4754146792349434,47.54146792349434
2025-06-18,Banking,0.0020975097942974876,0.478509375975289,47.8509375975289
2025-06-19,Banking,-0.018320227425221554,0.45142274795709936,45.14227479570994
2025-06-20,Banking,0.011773111905365743,0.4685105103907916,46.85105103907916
2025-06-23,Banking,0.00024134212758293656,0.46886492384174705,46.8864923841747
2025-06-24,Banking,0.010348357258664932,0.484065262838383,48.4065262838383
2025-06-25,Banking,0.004836872611526088,0.4912434974619231,49.12434974619231
2025-06-26,Banking,0.006747459283518118,0.5013056022428586,50.13056022428586
2025-06-27,Banking,0.012219536216442234,0.519650860421413,51.965086042141294
2025-06-30,Banking,0.014690025906080173,0.5419745709292008,54.197457092920075
2025-07-01,Banking,0.009041368788076423,0.5559161316868075,55.59161316868075
2025-07-02,Banking,-0.007258279199580798,0.544622857991893,54.4622857991893
2025-07-03,Banking,-0.0073864880221315285,0.5332135197526253,53.32135197526253
2025-07-04,Banking,0.0005735105387652627,0.5340928338643807,53.40928338643807
2025-07-07,Banking,-0.002747091103270158,0.5298785410888813,52.98785410888813
2025-07-08,Banking,-0.003078538388161622,0.5251687512709144,52.516875127091446
2025-07-09,Banking,-0.001517478887963877,0.5228543398902787,52.28543398902787
2025-07-10,Banking,-0.005565714898625148,0.5143785668023155,51.437856680231555
2025-07-11,Banking,-0.004972959157554059,0.5068476240405324,50.68476240405324
2025-07-14,Banking,0.004883350111272944,0.5142060885530619,51.42060885530619
2025-07-15,Banking,0.006435805192478964,0.5239512239602548,52.395122396025485
2025-07-16,Banking,0.010978198845894384,0.5406814635283346,54.06814635283346
2025-07-17,Banking,-0.006962671151131443,0.5299542051491428,52.99542051491428
2025-07-18,Banking,-0.007009526579837076,0.5192299504822164,51.922995048221644
2025-07-21,Banking,-0.0027809029883312944,0.5150051193729579,51.50051193729579
2025-07-22,Banking,-0.010371026269571421,0.4992929614814057,49.929296148140565
2025-07-23,Banking,0.0026353792670666194,0.5032441670673526,50.32441670673526
2025-07-24,Banking,0.005010072602838659,0.5107755294841536,51.07755294841536
2025-07-25,Banking,-0.019737847493565424,0.48095607248618477,48.09560724861848
2025-07-28,Banking,-0.013547563750648917,0.46089272568226747,46.08927256822675
2025-07-29,Banking,0.002302405276402639,0.46425629280213654,46.425629280213656
2025-07-30,Banking,-0.007392461290013819,0.4534318348389377,45.34318348389377
2025-07-31,Banking,-0.006254670377037647,0.4443410977965272,44.43410977965272
2025-08-01,Banking,-0.014265276868159272,0.42373717214439854,42.37371721443986
2025-08-04,Banking,0.010841051058762916,0.4391719795218747,43.91719795218747
2025-08-05,Banking,-0.0031998396540837692,0.43456685995275435,43.456685995275436
2025-08-06,Banking,-0.0014520071101949445,0.43248385867205275,43.24838586720527
2025-08-07,Banking,0.002968824268349464,0.4367366515156972,43.67366515156972
2025-08-08,Banking,-0.007819779202490171,0.42550168812871925,42.550168812871924
2025-08-11,Banking,0.01166421465736867,0.4421290458134941,44.21290458134941
2025-08-12,Banking,-0.0019649384834888872,0.43929535095321803,43.9295350953218
2025-08-13,Banking,-0.000979492347211888,0.43788557217158175,43.78855721715817
2025-08-14,Banking,-0.0013754304191647224,0.4359078606163389,43.59078606163389
2025-08-18,Banking,0.0100625999491168,0.45035682698151325,45.03568269815133
2025-08-19,Banking,0.012012508137959177,0.46777925016857336,46.77792501685734
2025-08-20,Banking,-0.0014671487008568404,0.4656257997485438,46.56257997485438
2025-08-21,Banking,0.0029824544491440404,0.4699969619357842,46.99969619357842
2025-08-22,Banking,-0.012481573381476426,0.4516490869848353,45.16490869848353
2025-08-25,Banking,-0.0010200418462113416,0.4501683441700963,45.01683441700963
2025-08-26,Banking,-0.020017451003376947,0.4211396703940231,42.11396703940231
2025-08-28,Banking,-0.011617632495091606,0.4046293919791897,40.46293919791897
2025-08-29,Banking,-0.00401497717153212,0.39898983703593016,39.89898370359302
2025-09-01,Banking,0.012692429004407724,0.41674641622039665,41.674641622039665
2025-09-02,Banking,0.0022779616970612575,0.4199737102909955,41.997371029099554
2025-09-03,Banking,0.011140507194509331,0.4357929376265066,43.579293762650664
2025-09-04,Banking,-0.008240433909085406,0.42396138081686385,42.39613808168639
2025-09-05,Banking,0.0028540052846990757,0.4280253741229225,42.80253741229225
2025-09-08,Banking,0.0038552231510389397,0.4335307306055123,43.353073060551225
2025-09-09,Banking,-4.852105966982776e-05,0.433461174175394,43.346117417539396
2025-09-10,Banking,0.016821993375190653,0.45757484855096564,45.757484855096564
2025-09-11,Banking,0.003584615539778308,0.4627996940034713,46.279969400347134
2025-09-12,Banking,-0.00274807255618058,0.458779814309191,45.8779814309191
2025-09-15,Banking,0.003929979189413297,0.46451278862136247,46.45127886213625
2025-09-16,Banking,0.005135066309028164,0.4720331589013529,47.203315890135286
2025-09-17,Banking,0.01294901237831961,0.4910945344972635,49.109453449726345
2025-09-18,Banking,-0.000259788060069748,0.4907071659407658,49.07071659407658
2025-09-19,Banking,0.007001932701023514,0.5011449971936166,50.11449971936166
2025-09-22,Banking,-0.005925416728991343,0.49225008751460386,49.225008751460386
2025-09-23,Banking,0.005344578043050184,0.5002255345670741,50.022553456707406
2025-09-24,Banking,-0.0072933201889799435,0.48928390938779276,48.92839093877927
2025-09-25,Banking,-0.0039944012490523125,0.4833351118799407,48.33351118799407
2025-09-26,Banking,-0.01798689860863883,0.45665451361992226,45.665451361992226
2025-09-29,Banking,0.010035175417295214,0.4712722971864929,47.12722971864929
2025-09-30,Banking,0.014775022240120816,0.49301037809869697,49.3010378098697
2025-10-01,Banking,0.006393433167906701,0.5025558401700623,50.25558401700623
2025-10-03,Banking,0.007756583782313598,0.5142105404319461,51.421054043194616
2025-10-06,Banking,0.005242868949028525,0.5221493478566683,52.214934785666834
2025-10-07,Banking,0.0018472386516185512,0.5249611209655654,52.49611209655654
2025-10-08,Banking,-0.007144189829831624,0.5140665092342744,51.40665092342744
2025-10-09,Banking,0.007217299414608919,0.5249939805650499,52.49939805650499
2025-10-10,Banking,0.019030937884093404,0.5540160462827997,55.40160462827997
2025-10-13,Banking,0.0003349565386448571,0.554536574118661,55.4536574118661
2025-10-14,Banking,-0.01468550886484625,0.5317074134787136,53.17074134787136
2025-10-15,Banking,0.010502445925285686,0.547794087762133,54.7794087762133
2025-10-16,Banking,-0.0003903967309364434,0.547189834010108,54.7189834010108
2025-10-17,Banking,-0.0062833810396647595,0.537468250742327,53.746825074232696
2025-10-20,Banking,0.02765678610282722,0.5799896812929954,57.99896812929954
2025-10-21,Banking,0.0005086509339164815,0.5807933445199636,58.07933445199636
2025-10-23,Banking,0.005730342039149934,0.5898518310772747,58.985183107727465
2025-10-24,Banking,-0.007465866259055899,0.5779822099347367,57.79822099347367
2025-10-27,Banking,0.014156969637377248,0.6003216561691043,60.032165616910426
2025-10-28,Banking,0.013988495366244878,0.6227077482409269,62.27077482409269
2025-10-29,Banking,-0.0013500167830458511,0.6205170655468233,62.051706554682326
2025-10-30,Banking,-0.009241603570918347,0.6055408892471317,60.55408892471317
2025-10-31,Banking,0.00806026614102764,0.6184819761147657,61.84819761147657
2025-11-03,Banking,0.009656918986268607,0.6341115254388419,63.411152543884185
2025-11-04,Banking,-0.008144709179610118,0.6208021622970934,62.080216229709336
2025-11-06,Banking,-0.011649046740561652,0.6019213621512911,60.19213621512911
2025-11-07,Banking,0.011589071711677838,0.620486143693731,62.0486143693731
2025-11-10,Banking,-0.0014312477438734404,0.6181668265565912,61.816682655659115
2025-11-11,Banking,-0.004494865168166796,0.6108933848516189,61.08933848516189
2025-11-12,Banking,0.008039928812347783,0.623844852990108,62.38448529901079
2025-11-13,Banking,-0.007201029140855975,0.6121514988834973,61.21514988834973
2025-11-14,Banking,0.005473697662394022,0.6209759287743608,62.09759287743608
2025-11-17,Banking,0.012446089969981445,0.6411507410230608,64.11507410230608
2025-11-18,Banking,-0.0009090108514160075,0.6396589171906613,63.96589171906613
2025-11-19,Banking,0.0067526506644454785,0.6507309610672929,65.0730961067293
2025-11-20,Banking,-0.00921481294566993,0.6355197840374318,63.55197840374318
2025-11-21,Banking,-0.011244084373421281,0.6171298615913152,61.712986159131525
2025-11-24,Banking,-0.0026005042054995683,0.612924508585408,61.2924508585408
2025-11-25,Banking,0.00997367644420019,0.6290112957629594,62.90112957629594
2025-11-26,Banking,0.011505993792714699,0.6477546896202702,64.77546896202702
2025-11-27,Banking,-0.00211581821446364,0.6442683402350038,64.42683402350038
2025-11-28,Banking,-0.0007349322312762974,0.6430599144348979,64.30599144348979
2025-12-01,Banking,0.00046761109640720903,0.6438282274829497,64.38282274829497
2025-12-02,Banking,-0.002268683346300453,0.6400989017590804,64.00989017590804
2025-12-03,Banking,-0.01792468361351207,0.6107006478501802,61.07006478501802
2025-12-04,Banking,3.1014916545014125e-05,0.6107506035963521,61.075060359635216
2025-12-05,Banking,0.0032408643306039695,0.6159708277730462,61.59708277730462
2025-12-08,Banking,-0.023533880093511067,0.5779407640776235,57.794076407762354
2025-12-09,Banking,0.010470067548311842,0.594461910464751,59.44619104647511
2025-12-10,Banking,-0.007087562702744436,0.5831610616971945,58.31610616971945
2025-12-11,Banking,0.007430536402014625,0.5949247975963876,59.49247975963876
2025-12-12,Banking,0.007628903365040016,0.6070923247517566,60.709232475175654
2025-12-15,Banking,0.003473157412088511,0.6126740093713787,61.26740093713787
2025-12-16,Banking,-0.0103520985040135,0.5959794491715038,59.59794491715038
2025-12-17,Banking,0.000271607738222534,0.596412929539943,59.641292953994295
2025-12-18,Banking,-0.000677419332266896,0.5953314885591916,59.53314885591916
2025-12-19,Banking,0.0057682464097408995,0.6045337536904196,60.453375369041964
2025-12-22,Banking,0.006683714824811425,0.6152579997268706,61.525799972687054
2025-12-23,Banking,-0.0026533584884706443,0.6109721412022253,61.09721412022253
2025-12-24,Banking,-0.00404562675206239,0.6044547492109502,60.44547492109502
2025-12-26,Banking,-0.0017647571572215923,0.601623276208842,60.162327620884206
2025-12-29,Banking,-0.0015776645384979412,0.5990964519619344,59.90964519619344
2025-12-30,Banking,0.009110861706922137,0.6136655985917896,61.36655985917896
2025-12-31,Banking,0.012803414666753346,0.6343260283840348,63.43260283840348
2026-01-01,Banking,0.002889125240925082,0.63904780096454,63.904780096454
2026-01-02,Banking,0.02034148699641446,0.6723884704943619,67.23884704943619
2026-01-05,Banking,-0.001045593677648256,0.6706398316830413,67.06398316830413
2026-01-06,Banking,-0.0007181245824603736,0.6694401041514724,66.94401041514723
2026-01-07,Banking,0.0006005933816588947,0.6704427588291015,67.04427588291016
2026-01-08,Banking,-0.017127819530000265,0.6418317167206808,64.18317167206808
2026-01-09,Banking,-0.005019679983719345,0.6335902469156225,63.35902469156225
2026-01-12,Banking,0.0034022693691847282,0.6391481609745022,63.91481609745022
2026-01-13,Banking,0.0003832652472801331,0.639776389499747,63.977638949974704
2026-01-14,Banking,0.01618589499255021,0.666317637951453,66.6317637951453
2026-01-15,Banking,0.0,0.666317637951453,66.6317637951453
2026-01-16,Banking,0.011264372308762404,0.6850876602099958,68.50876602099957
2026-01-19,Banking,-0.007089148726764238,0.673141823169132,67.31418231691319
2026-01-20,Banking,-0.020071687587544483,0.6395590432048266,63.95590432048266
2026-01-21,Banking,-0.00506250351655379,0.6312587697830045,63.125876978300454
2026-01-22,Banking,0.016015554160114055,0.6573842829596255,65.73842829596255
2026-01-23,Banking,-0.015218827888209543,0.6321608368126395,63.216083681263946
2026-01-27,Banking,0.008694897772940448,0.6463523084377223,64.63523084377223
2026-01-28,Banking,0.014990219537803247,0.671031490977773,67.1031490977773
2026-01-29,Banking,-0.003442516468209764,0.665278937551185,66.5278937551185
2026-01-30,Banking,0.002889144154965796,0.6700901684599987,67.00901684599987
2026-02-02,Banking,-0.026845694407984764,0.6252554381637416,62.52554381637416
2026-02-03,Banking,0.0220740532140941,0.6611314131922641,66.11314131922641
2026-02-04,Banking,0.00918414834724363,0.6763874905152885,67.63874905152885
2026-02-05,Banking,-0.0044374030624430546,0.6689486835310348,66.89486835310348
2026-02-06,Banking,0.0010428491246175422,0.6706891452046866,67.06891452046865
2026-02-09,Banking,0.01192110535659851,0.690605606522797,69.0605606522797
2026-02-10,Banking,0.0021716062884570403,0.6942769362892227,69.42769362892227
2026-02-11,Banking,0.0026003410712093864,0.6986826341926584,69.86826341926584
2026-02-12,Banking,-0.005080225331547698,0.6900529436441727,69.00529436441727
2026-02-13,Banking,-0.010005135549929059,0.673143734856456,67.31437348564559
2026-02-16,Banking,0.01265484412591158,0.69431710802131,69.431710802131
2026-02-17,Banking,0.013293316989517271,0.7168402024189995,71.68402024189994
2026-02-18,Banking,0.011855128276281464,0.737193563248554,73.7193563248554
2026-02-19,Banking,-0.015262447001133609,0.7106797385587624,71.06797385587625
2026-02-20,Banking,0.01075539630647068,0.7290787771004115,72.90787771004115
2026-02-23,Banking,-0.0009865397068255248,0.7273729722305726,72.73729722305727
2026-02-24,Banking,0.003702747508266152,0.7337689981993456,73.37689981993456
2026-02-25,Banking,0.0022781032720866506,0.7377187030271859,73.77187030271858
2026-02-26,Banking,0.009105587649856191,0.7535416529883945,75.35416529883945
2026-02-27,Banking,-0.005447153069797577,0.7439898431903007,74.39898431903006
2026-03-02,Banking,-0.018826831764951035,0.7111560398127736,71.11560398127736
2026-03-04,Banking,-0.02712580948197828,0.6647395470828759,66.47395470828758
2026-03-05,Banking,0.008892539791585722,0.6795433097479369,67.95433097479369
2026-03-06,Banking,-0.01663968649799266,0.6515962356139302,65.15962356139302
2026-03-09,Banking,-0.039085663502204236,0.5870425009072169,58.704250090721686
2026-03-10,Banking,0.02285708859939764,0.6233176719614628,62.33176719614628
2026-03-11,Banking,-0.018943065206211338,0.5925670594511017,59.25670594511017
2026-03-12,Banking,-0.008566144329809785,0.5789249001649428,57.89249001649428
2026-03-13,Banking,-0.03195420361834063,0.5284716124070039,52.84716124070039
2026-03-16,Banking,-0.010216816796861658,0.5128554979638378,51.285549796383776
2026-03-17,Banking,0.001813686405061363,0.515599343413317,51.559934341331704
2026-03-18,Banking,0.013452690731487214,0.5359882326531014,53.59882326531014
2026-03-19,Banking,-0.03449206436482478,0.48300882766881714,48.30088276688171
2026-03-20,Banking,0.01031796484110381,0.49831046061175055,49.83104606117506
2026-03-23,Banking,-0.04718860313879627,0.4276072829072357,42.76072829072357
2026-03-24,Banking,0.02189620362960351,0.4588664626768775,45.886646267687745
2026-03-25,Banking,0.023430759929228086,0.49304881253266153,49.30488125326615
2026-03-27,Banking,-0.0309146955723959,0.44689166301848715,44.689166301848715
2026-03-30,Banking,-0.043908157614612864,0.38336131582740207,38.33613158274021
2026-04-01,Banking,0.038309169758585115,0.43635673931289376,43.635673931289375
2026-04-02,Banking,0.0015677573360811893,0.4386085981281813,43.860859812818134
2026-04-06,Banking,0.021692513995150497,0.46981563527662074,46.981563527662075
2026-04-07,Banking,-0.0019224568431404194,0.46698997815042853,46.69899781504285
2026-04-08,Banking,0.06088667684678332,0.5563101228875433,55.631012288754334
2026-04-09,Banking,-0.012297782779638743,0.5371709590585194,53.71709590585194
2026-04-10,Banking,0.019264389819108965,0.5667836196324363,56.67836196324363
2026-04-13,Banking,-0.00829914812661641,0.5537806502907505,55.37806502907505
2026-04-15,Banking,0.01578182006783375,0.5783021369385208,57.83021369385209
2026-04-16,Banking,0.0010100902482568113,0.5798963645358453,57.989636453584524
2026-04-17,Banking,0.008118293823350591,0.5927224274335907,59.27224274335907
2026-04-20,Banking,-0.0034365598856238343,0.5872489414305391,58.72489414305391
2026-04-21,Banking,0.008126830933229441,0.6001482452264923,60.014824522649235
2026-04-22,Banking,0.002893696374964458,0.6047785884031098,60.47785884031099
2026-04-23,Banking,-0.0171048453016852,0.5773290989050179,57.732909890501794
2026-04-24,Banking,-0.0029213118281274813,0.5727212287515371,57.272122875153705
2026-04-27,Banking,0.011628728318282374,0.5910099766410839,59.10099766410839
2026-04-28,Banking,-0.01630352086128815,0.5650709122963984,56.50709122963984
2026-04-29,Banking,0.006886352824767654,0.5758485427942523,57.58485427942524
2026-04-30,Banking,-0.008232618666408103,0.5628751826654124,56.287518266541234
2026-05-01,Banking,0.0,0.5628751826654124,56.287518266541234
2026-05-04,Banking,-0.0018127076648146254,0.5600421468426462,56.00421468426462
2026-05-05,Banking,-0.0006605604580145183,0.5590116446876059,55.90116446876059
2026-05-06,Banking,0.02540984661796742,0.5986258914547433,59.86258914547433
2026-05-07,Banking,0.002061281888770808,0.6019211100517192,60.192111005171924
2026-05-08,Banking,-0.010989987234040245,0.5843160175023112,58.431601750231124
2026-05-11,Banking,-0.017636406756696157,0.5563743757864914,55.63743757864914
2026-05-12,Banking,-0.021032646648777232,0.5236397034873628,52.363970348736274
2023-05-12,Energy,,,
2023-05-15,Energy,-0.0010540016889300076,-0.0010540016889299952,-0.10540016889299952
2023-05-16,Energy,0.0039286924650812445,0.002870549927657784,0.2870549927657784
2023-05-17,Energy,-0.0014244174030922806,0.0014420436632920364,0.14420436632920364
2023-05-18,Energy,-0.013288769556638805,-0.011865888879278863,-1.1865888879278863
2023-05-19,Energy,0.00037807088004787603,-0.011492304146282217,-1.1492304146282217
2023-05-22,Energy,0.009881720241078992,-0.0017241476397021893,-0.17241476397021893
2023-05-23,Energy,0.009717205730037771,0.007976304193011652,0.7976304193011652
2023-05-24,Energy,0.0001819586852417713,0.008159714236077642,0.8159714236077642
2023-05-25,Energy,0.0015409631840577198,0.009713251239365617,0.9713251239365617
2023-05-26,Energy,0.00010204914617755683,0.009816291614538786,0.9816291614538786
2023-05-29,Energy,-0.00019766751546810044,0.009616683737096121,0.9616683737096121
2023-05-30,Energy,0.002990542210446633,0.012635985046183018,1.2635985046183018
2023-05-31,Energy,-0.006046124269694845,0.006513462040628859,0.6513462040628859
2023-06-01,Energy,-0.0016227532084699156,0.004880139090734259,0.4880139090734259
2023-06-02,Energy,-0.005609107341531484,-0.0007563414747987496,-0.07563414747987496
2023-06-05,Energy,0.003225494274669696,0.0024667132247742085,0.24667132247742085
2023-06-06,Energy,0.004346195334171712,0.006823629376454088,0.6823629376454088
2023-06-07,Energy,0.01360084077553895,0.020517277248653487,2.0517277248653487
2023-06-08,Energy,-0.0015445863063028062,0.01894100023686973,1.8941000236869732
2023-06-09,Energy,-0.0022198190756046146,0.016679135567628345,1.6679135567628345
2023-06-12,Energy,0.005915446940807663,0.02269324704990483,2.269324704990483
2023-06-13,Energy,0.0028332366792232066,0.025590779069040392,2.5590779069040392
2023-06-14,Energy,0.007014705709587442,0.032784996562676305,3.2784996562676305
2023-06-15,Energy,0.00021495990017195773,0.033007003922436606,3.3007003922436606
2023-06-16,Energy,-0.001582307533619814,0.03137246915784808,3.137246915784808
2023-06-19,Energy,-0.005834417249951929,0.025355011832667973,2.5355011832667973
2023-06-20,Energy,0.004485812736760785,0.029954562404448604,2.9954562404448604
2023-06-21,Energy,0.01029643255125346,0.04055942008710178,4.055942008710178
2023-06-22,Energy,-0.009108201944723967,0.03108179475346362,3.108179475346362
2023-06-23,Energy,-0.016315294413579182,0.014259391707579283,1.4259391707579283
2023-06-26,Energy,0.008388176599594134,0.022767178603019467,2.2767178603019467
2023-06-27,Energy,-0.00029040632527525963,0.02247016054506923,2.247016054506923
2023-06-28,Energy,-6.135021741965957e-05,0.022407431778414644,2.2407431778414644
2023-06-30,Energy,0.0038367353198009496,0.026330138483146026,2.6330138483146026
2023-07-03,Energy,0.01474505852612792,0.04146343644220907,4.146343644220907
2023-07-04,Energy,-0.0010688418974392582,0.04035027668668856,4.035027668668856
2023-07-05,Energy,0.008807820970817053,0.04951349567068486,4.951349567068486
2023-07-06,Energy,0.02234956883029339,0.07296966978049868,7.296966978049868
2023-07-07,Energy,-0.004528085087179803,0.06811117181976933,6.811117181976933
2023-07-10,Energy,-0.005553588631096988,0.062179321759203265,6.2179321759203265
2023-07-11,Energy,0.010934042406307583,0.07379323550642147,7.379323550642147
2023-07-12,Energy,-0.0010805598575519364,0.07263293764082235,7.263293764082235
2023-07-13,Energy,-0.01925103609700078,0.05198364223946683,5.198364223946683
2023-07-14,Energy,0.0060849701308370065,0.058384931280623054,5.838493128062305
2023-07-17,Energy,0.0008559980410570897,0.05929090670848369,5.929090670848369
2023-07-18,Energy,-0.0019238494476158847,0.0572529904827479,5.72529904827479
2023-07-19,Energy,0.010850375727082794,0.06872458266806758,6.872458266806758
2023-07-20,Energy,0.0031702971920490814,0.07211275721157406,7.211275721157406
2023-07-21,Energy,-0.0020256175341745236,0.06994106681195422,6.994106681195422
2023-07-24,Energy,0.008305951001660242,0.0788279448875584,7.88279448875584
2023-07-25,Energy,0.021606912018093918,0.10213808537540503,10.213808537540503
2023-07-26,Energy,0.0011125907338644504,0.10336431399663293,10.336431399663294
2023-07-27,Energy,-0.007720288347232885,0.09484602334053216,9.484602334053216
2023-07-28,Energy,0.011453679248638209,0.10738603851852169,10.738603851852169
2023-07-31,Energy,0.015024929115037925,0.12402443525024509,12.402443525024509
2023-08-01,Energy,0.0012199872122669226,0.12539573068752596,12.539573068752595
2023-08-02,Energy,-0.021921666602893138,0.10072518068307468,10.072518068307467
2023-08-03,Energy,-0.00431138767057845,0.09597952771038232,9.597952771038232
2023-08-04,Energy,-0.0007273899686684707,0.09518232319605979,9.518232319605978
2023-08-07,Energy,-0.0015823861080547477,0.09344932190204736,9.344932190204736
2023-08-08,Energy,0.0027158597481178573,0.09641897690200785,9.641897690200786
2023-08-09,Energy,0.008174969014315105,0.10538216806488876,10.538216806488876
2023-08-10,Energy,0.002360675414253789,0.10799161657239398,10.799161657239399
2023-08-11,Energy,0.001217062491356718,0.10934011160966195,10.934011160966195
2023-08-14,Energy,-0.0035078840623490194,0.10544867511242195,10.544867511242195
2023-08-16,Energy,0.0069676992189718345,0.11315110898261627,11.315110898261626
2023-08-17,Energy,-0.007449367682859143,0.10485883708522237,10.485883708522238
2023-08-18,Energy,0.004789621979113399,0.11015069325514348,11.015069325514348
2023-08-21,Energy,0.012414634358650966,0.12393280819490893,12.393280819490894
2023-08-22,Energy,0.010027258711899781,0.1352027732374712,13.52027732374712
2023-08-23,Energy,-0.005807528983924966,0.12861005022926264,12.861005022926264
2023-08-24,Energy,0.0008399434452045557,0.12955801884314488,12.95580188431449
2023-08-25,Energy,-0.00832095894187141,0.12015901294588938,12.015901294588938
2023-08-28,Energy,0.0052272366897406775,0.12601434923670385,12.601434923670386
2023-08-29,Energy,0.009882258057598662,0.1371419136124199,13.71419136124199
2023-08-30,Energy,-0.0055662871444753055,0.13081225519723505,13.081225519723505
2023-08-31,Energy,-0.011441103006847907,0.11787451570411744,11.787451570411744
2023-09-01,Energy,0.020100409393136547,0.14034425111992443,14.034425111992444
2023-09-04,Energy,0.010944906528682833,0.15282521235895286,15.282521235895285
2023-09-05,Energy,0.007947536224308537,0.16198733249447161,16.198733249447162
2023-09-06,Energy,0.009513266230980193,0.1730416273455182,17.30416273455182
2023-09-07,Energy,0.008504094350152591,0.18301728402112105,18.301728402112104
2023-09-08,Energy,0.011796080324979438,0.19697225092927328,19.69722509292733
2023-09-11,Energy,0.028153456391785268,0.2306711569979878,23.06711569979878
2023-09-12,Energy,-0.03920071427605501,0.18242796860472765,18.242796860472765
2023-09-13,Energy,0.009221830508062696,0.19333211891919322,19.333211891919323
2023-09-14,Energy,0.01525884355190634,0.211540987027246,21.1540987027246
2023-09-15,Energy,-0.006321270964327306,0.20388250816385822,20.38825081638582
2023-09-18,Energy,0.0030207962923934598,0.2075191919809969,20.75191919809969
2023-09-20,Energy,0.0035310887789478046,0.2117830494501649,21.178304945016492
2023-09-21,Energy,-0.015377908003050531,0.19314836119606427,19.314836119606426
2023-09-22,Energy,0.0030088396691708894,0.1967383533164373,19.67383533164373
2023-09-25,Energy,-0.0032889649975045227,0.19280232276120834,19.280232276120834
2023-09-26,Energy,0.0001334128114517694,0.19296145787259422,19.296145787259423
2023-09-27,Energy,0.0007401798471045545,0.19384446390208399,19.3844463902084
2023-09-28,Energy,-0.0049589352744368355,0.18792426647784888,18.792426647784886
2023-09-29,Energy,0.013796102066349299,0.20431299090527033,20.431299090527034
2023-10-03,Energy,-0.006396153761902366,0.19661001983798365,19.661001983798364
2023-10-04,Energy,-0.011521358688600207,0.18282344658905725,18.282344658905725
2023-10-05,Energy,0.0004401756516934949,0.18334409667049778,18.334409667049776
2023-10-06,Energy,0.003608961696783455,0.1876147401894963,18.76147401894963
2023-10-09,Energy,-0.015073037408103198,0.16971377878420535,16.971377878420533
2023-10-10,Energy,0.007182569867264701,0.17811532972502508,17.81153297250251
2023-10-11,Energy,0.001168772571393559,0.17949227860834593,17.949227860834593
2023-10-12,Energy,0.008932340604196997,0.1900279053808962,19.00279053808962
2023-10-13,Energy,0.0004227702804249654,0.19053101381216764,19.053101381216763
2023-10-16,Energy,0.004695826389799367,0.19612154076470145,19.612154076470144
2023-10-17,Energy,0.010265457227184114,0.208400275279935,20.8400275279935
2023-10-18,Energy,-0.010022862968697354,0.19628864490946807,19.628864490946807
2023-10-19,Energy,-0.0030571957009545413,0.19263135640715023,19.263135640715024
2023-10-20,Energy,-0.017212369633806988,0.17210334466380184,17.210334466380182
2023-10-23,Energy,-0.034067649443301845,0.13217253880647384,13.217253880647384
2023-10-25,Energy,-0.005185720418946358,0.12630140855421468,12.630140855421468
2023-10-26,Energy,-0.0022456440890944018,0.12377213645355623,12.377213645355623
2023-10-27,Energy,0.014364038584250456,0.13991404278148067,13.991404278148067
2023-10-30,Energy,0.006022886911561492,0.1467796161500543,14.67796161500543
2023-10-31,Energy,-0.003130980108081358,0.14318907198353537,14.318907198353536
2023-11-01,Energy,-0.006414587229717088,0.1358559859612376,13.58559859612376
2023-11-02,Energy,0.018941510644370368,0.15737081420979426,15.737081420979425
2023-11-03,Energy,0.009039498284864148,0.16783286569979539,16.783286569979538
2023-11-06,Energy,0.012409040827049016,0.18232455140943382,18.232455140943383
2023-11-07,Energy,0.006888187578567894,0.19046862469828807,19.046862469828806
2023-11-08,Energy,0.0038488172607807594,0.19505052088944463,19.505052088944463
2023-11-09,Energy,-0.00656617437413788,0.18720361078338033,18.720361078338033
2023-11-10,Energy,0.007281469912157729,0.1958481981549045,19.58481981549045
2023-11-13,Energy,0.00774097531694232,0.20510522953963162,20.51052295396316
2023-11-15,Energy,0.006169733144154717,0.21254040721651668,21.25404072165167
2023-11-16,Energy,0.004245061007579907,0.21768771521930663,21.768771521930663
2023-11-17,Energy,-0.0027782239389828106,0.2143047060586789,21.43047060586789
2023-11-20,Energy,-0.0016307234672308965,0.21232451087813997,21.232451087814
2023-11-21,Energy,0.003952506704304557,0.21711623163517846,21.711623163517846
2023-11-22,Energy,0.004257153649578608,0.22229768244264547,22.229768244264548
2023-11-23,Energy,0.0032618446412406607,0.22628462758812184,22.628462758812184
2023-11-24,Energy,0.002436291289010881,0.22927221414416254,22.927221414416255
2023-11-28,Energy,0.02364839723173937,0.2583425317701835,25.83425317701835
2023-11-29,Energy,0.005309207312506349,0.2650233331414955,26.502333314149553
2023-11-30,Energy,0.0031481301875885825,0.26900579128456226,26.900579128456226
2023-12-01,Energy,0.012960220002263287,0.2854523855237565,28.54523855237565
2023-12-04,Energy,0.029686259225884318,0.32361265826294616,32.36126582629461
2023-12-05,Energy,0.025283748692312195,0.3570785480804297,35.707854808042974
2023-12-06,Energy,0.01800900779145293,0.38151818622642386,38.15181862264239
2023-12-07,Energy,0.02316019123318395,0.41351441161154945,41.351441161154945
2023-12-08,Energy,-0.011202614609281644,0.3976793544135997,39.76793544135997
2023-12-11,Energy,0.0027911132588667054,0.4015804357913477,40.15804357913477
2023-12-12,Energy,-0.012023898220493521,0.3847279752835575,38.47279752835575
2023-12-13,Energy,0.007911026066900676,0.39568259439159226,39.56825943915923
2023-12-14,Energy,0.014162973720164753,0.4154496102976517,41.54496102976517
2023-12-15,Energy,0.006840026056400038,0.4251313225136091,42.51313225136091
2023-12-18,Energy,-0.0011407597894127115,0.423505590006253,42.350559000625296
2023-12-19,Energy,0.003313743192056795,0.4282227219639909,42.82227219639909
2023-12-20,Energy,-0.031347650368533694,0.38345129542746825,38.345129542746825
2023-12-21,Energy,0.02554588468675065,0.41879278269019427,41.87927826901942
2023-12-22,Energy,0.00654465749422699,0.42807829550818277,42.807829550818276
2023-12-26,Energy,0.013596361498679647,0.44749496426233026,44.74949642623302
2023-12-27,Energy,-0.0013213147000412035,0.4455823678878148,44.55823678878148
2023-12-28,Energy,0.013756080093032684,0.46546791472155546,46.54679147215555
2023-12-29,Energy,-0.0023880993348372273,0.4619682317691838,46.19682317691838
2024-01-01,Energy,0.011534568773233032,0.4788314048828075,47.88314048828075
2024-01-02,Energy,0.006233640243230081,0.4880499078412375,48.804990784123746
2024-01-03,Energy,0.004961929689006544,0.4954335068576783,49.54335068576783
2024-01-04,Energy,0.014111653774500557,0.5165365467492411,51.65365467492411
2024-01-05,Energy,0.0019209943062223653,0.5194498048207246,51.94498048207245
2024-01-08,Energy,-0.005966573739921692,0.5103838955161522,51.03838955161522
2024-01-09,Energy,0.007392854589192094,0.5215499440295606,52.154994402956056
2024-01-10,Energy,-0.005999932927733475,0.5124207464191866,51.242074641918656
2024-01-11,Energy,0.012033205719718387,0.5306200163956185,53.06200163956185
2024-01-12,Energy,0.006481366361638257,0.5405405254823354,54.05405254823354
2024-01-15,Energy,0.017605241172599442,0.5676621129696151,56.76621129696151
2024-01-16,Energy,0.0003049082096346171,0.5681401060177929,56.81401060177929
2024-01-17,Energy,-0.007628723978873227,0.556177197988782,55.6177197988782
2024-01-18,Energy,-0.0006649530959717295,0.5551424131430986,55.514241314309864
2024-01-19,Energy,0.019601916539900247,0.5856261849331885,58.56261849331885
2024-01-23,Energy,-0.006245868940481643,0.5757225715934999,57.572257159349995
2024-01-24,Energy,0.025082965164899232,0.615246365966325,61.5246365966325
2024-01-25,Energy,0.002898287281121434,0.6199278139646827,61.99278139646827
2024-01-29,Energy,0.039077362789394034,0.6832303208436108,68.32303208436107
2024-01-30,Energy,-0.0020711842274606096,0.6797440407518962,67.97440407518963
2024-01-31,Energy,0.014217197885338421,0.703625294175984,70.3625294175984
2024-02-01,Energy,0.0008634191831124152,0.7050962369358111,70.50962369358112
2024-02-02,Energy,0.0323711180801871,0.7602921085597429,76.0292108559743
2024-02-05,Energy,0.018242501173941564,0.7924042394166242,79.24042394166241
2024-02-06,Energy,0.019818347214342044,0.8279267289818415,82.79267289818415
2024-02-07,Energy,0.004331089164986929,0.835843642632125,83.58436426321249
2024-02-08,Energy,0.010795357291869053,0.8556622306863453,85.56622306863453
2024-02-09,Energy,-0.020156792558424945,0.8182580320438966,81.82580320438966
2024-02-12,Energy,-0.05267087439457814,0.7224887916211795,72.24887916211796
2024-02-13,Energy,0.004489672115947375,0.730222201518953,73.0222201518953
2024-02-14,Energy,0.027846769906450995,0.7784033010516844,77.84033010516845
2024-02-15,Energy,0.034355379445941914,0.8395010212672307,83.95010212672307
2024-02-16,Energy,-0.007506746763765504,0.8256923529288895,82.56923529288895
2024-02-19,Energy,0.013976232080375085,0.8512086529607898,85.12086529607899
2024-02-20,Energy,-0.0016593098900055362,0.8481369241344683,84.81369241344683
2024-02-21,Energy,-0.013425615794202508,0.8233245478559597,82.33245478559597
2024-02-22,Energy,0.007956180004175424,0.8378312461647335,83.78312461647334
2024-02-23,Energy,-0.0026779398327045224,0.8329096446648401,83.29096446648401
2024-02-26,Energy,0.003500366707429123,0.8393255005627507,83.93255005627506
2024-02-27,Energy,-0.005699377592325552,0.8288424900198503,82.88424900198504
2024-02-28,Energy,-0.022583172620128586,0.7875414243727064,78.75414243727063
2024-02-29,Energy,0.004979602785002701,0.7964426706278203,79.64426706278202
2024-03-01,Energy,0.02052148696552179,0.8333083454774162,83.33083454774162
2024-03-04,Energy,0.022930353370637677,0.8753467536765525,87.53467536765524
2024-03-05,Energy,0.008227189046213175,0.8907755859462516,89.07755859462516
2024-03-06,Energy,-0.013265157802000653,0.8656941494305044,86.56941494305043
2024-03-07,Energy,0.00026308795058947883,0.8661849910807047,86.61849910807047
2024-03-11,Energy,-0.011963733997663348,0.8438584502569833,84.38584502569833
2024-03-12,Energy,-0.014906918558967098,0.8163722025047391,81.6372202504739
2024-03-13,Energy,-0.06267494060074928,0.7025311826039025,70.25311826039025
2024-03-14,Energy,0.03628822020895448,0.7643130090708445,76.43130090708445
2024-03-15,Energy,-0.008080731206452918,0.750056069880495,75.0056069880495
2024-03-18,Energy,0.001242253990345067,0.7522300840166318,75.22300840166318
2024-03-19,Energy,-0.019682997744794293,0.7177409432245716,71.77409432245716
2024-03-20,Energy,0.007874067264081982,0.7312665509537897,73.12665509537896
2024-03-21,Energy,0.020412892982938375,0.7666067097833502,76.66067097833502
2024-03-22,Energy,0.00464060790737037,0.7748048388499844,77.48048388499843
2024-03-26,Energy,0.008202992487262813,0.7893635496094287,78.93635496094286
2024-03-27,Energy,0.001089800252159175,0.7913135984569972,79.13135984569972
2024-03-28,Energy,0.010402770034195584,0.8099482218808727,80.99482218808727
2024-04-01,Energy,0.01305390951966061,0.8335751222045764,83.35751222045764
2024-04-02,Energy,0.018933656420713874,0.8682914035899663,86.82914035899663
2024-04-03,Energy,0.012883733447185871,0.8923619720354881,89.23619720354881
2024-04-04,Energy,-0.004931586827539636,0.8830296246612608,88.30296246612608
2024-04-05,Energy,0.007106036412806525,0.8964105017404973,89.64105017404972
2024-04-08,Energy,0.01275695027313203,0.920602916208646,92.0602916208646
2024-04-09,Energy,-0.0010054230344853149,0.91867189779659,91.867189779659
2024-04-10,Energy,0.01070986677151025,0.9392206182002321,93.9220618200232
2024-04-12,Energy,-0.01294223816225035,0.9141227631103384,91.41227631103384
2024-04-15,Energy,-0.00412649266731669,0.9062241495640195,90.62241495640195
2024-04-16,Energy,0.004701272985711362,0.9151858296630757,91.51858296630758
2024-04-18,Energy,-0.009454843102043555,0.8970780481323541,89.70780481323541
2024-04-19,Energy,-0.00754740408422676,0.8827600335237831,88.27600335237831
2024-04-22,Energy,-0.007212996084367435,0.8691796927741726,86.91796927741726
2024-04-23,Energy,0.001441540758122559,0.8718741914855614,87.18741914855615
2024-04-24,Energy,0.004391153385663186,0.8800938781790386,88.00938781790386
2024-04-25,Energy,0.007139679319811397,0.8935171455603774,89.35171455603775
2024-04-26,Energy,0.006123096567046602,0.9051113338940022,90.51113338940023
2024-04-29,Energy,0.00843855553407301,0.9211877216836586,92.11877216836587
2024-04-30,Energy,0.003152802356774694,0.9272448468603893,92.72448468603893
2024-05-02,Energy,0.009999456959364748,0.9465162487567271,94.65162487567271
2024-05-03,Energy,-0.00512693682598992,0.9365365829185883,93.65365829185883
2024-05-06,Energy,-0.01583272439190012,0.9058759329264063,90.58759329264063
2024-05-07,Energy,-0.024184425596677384,0.8597834182300494,85.97834182300494
2024-05-08,Energy,0.014458888057943561,0.8866738184862573,88.66738184862572
2024-05-09,Energy,-0.029388543561385854,0.8312272227855477,83.12272227855478
2024-05-10,Energy,0.014179315713817222,0.8571927717211607,85.71927717211607
2024-05-13,Energy,-0.007063457835231453,0.8440745688862117,84.40745688862117
2024-05-14,Energy,0.027747700868845267,0.8952433984035113,89.52433984035113
2024-05-15,Energy,0.006119374186906858,0.9068411019336073,90.68411019336074
2024-05-16,Energy,0.0029415321607987014,0.9124501363604778,91.24501363604777
2024-05-17,Energy,0.007335499163808181,0.9264789127365749,92.64789127365749
2024-05-21,Energy,0.023335745380917317,0.971434734125902,97.1434734125902
2024-05-22,Energy,0.001829498130694693,0.975041470286772,97.5041470286772
2024-05-23,Energy,0.006427530546123149,0.9877361096669004,98.77361096669004
2024-05-24,Energy,-0.0013316015435021725,0.9850892371951929,98.50892371951929
2024-05-27,Energy,-0.0027494322456552453,0.9796313688359453,97.96313688359453
2024-05-28,Energy,-0.014058428355462319,0.9518008630669392,95.18008630669392
2024-05-29,Energy,-0.0046869643550100926,0.9426528419936666,94.26528419936666
2024-05-30,Energy,-0.011896494147273938,0.9195420838287041,91.9542083828704
2024-05-31,Energy,0.016260204838917144,0.9507542313086805,95.07542313086805
2024-06-03,Energy,0.06822551566372179,1.0838454446729022,108.38454446729023
2024-06-04,Energy,-0.12510445965694938,0.8231470863085033,82.31470863085033
2024-06-05,Energy,0.026864618738025068,0.8721252376855224,87.21252376855224
2024-06-06,Energy,0.028983004335342438,0.926385051565666,92.6385051565666
2024-06-07,Energy,0.01731962490655607,0.9597493180843801,95.97493180843801
2024-06-10,Energy,0.0041800104158154616,0.9679410906463599,96.79410906463599
2024-06-11,Energy,0.013228365247070094,0.9939737341781476,99.39737341781476
2024-06-12,Energy,0.009944381321882955,1.013802569336634,101.38025693366339
2024-06-13,Energy,0.005489160541512784,1.0248566549386338,102.48566549386338
2024-06-14,Energy,0.005267488844101664,1.035522564779428,103.55225647794279
2024-06-18,Energy,0.002275604040975999,1.0401546081533377,104.01546081533377
2024-06-19,Energy,-0.016402566401665986,1.0066908367234375,100.66908367234375
2024-06-20,Energy,0.004616385250000219,1.0159544947033985,101.59544947033984
2024-06-21,Energy,-0.0037768261930891667,1.0083405849637268,100.83405849637268
2024-06-24,Energy,0.003321576507525545,1.0150114418698526,101.50114418698526
2024-06-25,Energy,-0.009012102286262431,0.9968519526477322,99.68519526477321
2024-06-26,Energy,0.0015515963505064025,0.999950260849962,99.9950260849962
2024-06-27,Energy,0.011926656206773788,1.0238029800417667,102.38029800417667
2024-06-28,Energy,0.010020801169558953,1.0440831073111263,104.40831073111264
2024-07-01,Energy,0.004506473211362254,1.053294713076022,105.32947130760219
2024-07-02,Energy,-0.0014931732610444842,1.050228788313413,105.02287883134129
2024-07-03,Energy,0.005339494863895931,1.0611759743984237,106.11759743984237
2024-07-04,Energy,0.0015522434968613693,1.0643754214005705,106.43754214005705
2024-07-05,Energy,0.01164405120390606,1.088413114511444,108.84131145114439
2024-07-08,Energy,0.003688806862152499,1.0961168671392634,109.61168671392633
2024-07-09,Energy,0.0034294146395940023,1.1033053210097306,110.33053210097306
2024-07-10,Energy,0.004057382790265611,1.1118392358218698,111.18392358218698
2024-07-11,Energy,0.01144892216235911,1.1360175188522104,113.60175188522103
2024-07-12,Energy,0.0032515351490637334,1.1429628548937742,114.29628548937742
2024-07-15,Energy,0.018137143067994188,1.18183007878238,118.18300787823799
2024-07-16,Energy,-0.004490771046268087,1.1720319794367073,117.20319794367073
2024-07-18,Energy,-0.01109021659420675,1.1479436743352105,114.79436743352105
2024-07-19,Energy,-0.024510400255400147,1.0952967151511994,109.52967151511994
2024-07-22,Energy,0.008758425955090509,1.1136482162847958,111.36482162847958
2024-07-23,Energy,-0.008595102648795174,1.095481192902385,109.5481192902385
2024-07-24,Energy,0.01027572050602938,1.117013771966291,111.7013771966291
2024-07-25,Energy,0.013909354586890046,1.1464600671858998,114.64600671858997
2024-07-26,Energy,0.013851871205668782,1.1761925555846702,117.61925555846702
2024-07-29,Energy,0.00968453527199787,1.1972679691478891,119.7267969147889
2024-07-30,Energy,0.011427447540313551,1.222377133597338,122.23771335973379
2024-07-31,Energy,0.0031321956124300988,1.2293380535043568,122.93380535043568
2024-08-01,Energy,0.005640431499300775,1.241912482083933,124.19124820839329
2024-08-02,Energy,-0.009455916984484595,1.2207131437668677,122.07131437668677
2024-08-05,Energy,-0.03771947583652487,1.1369490080007,113.69490080007
2024-08-06,Energy,-0.004568261849131505,1.1271868653739112,112.71868653739112
2024-08-07,Energy,0.022192225356718838,1.1743938756661412,117.43938756661412
2024-08-08,Energy,-0.010925790320393881,1.1506369041066642,115.06369041066642
2024-08-09,Energy,0.004390471683499147,1.1600792145356325,116.00792145356324
2024-08-12,Energy,0.003732835705543422,1.1681424353544534,116.81424353544534
2024-08-13,Energy,-0.013616541506626853,1.1386198338911706,113.86198338911706
2024-08-14,Energy,-0.008406612679221529,1.1206412852795467,112.06412852795467
2024-08-16,Energy,0.016302684586159837,1.1552134312738476,115.52134312738475
2024-08-19,Energy,0.01156000353981743,1.180127706168435,118.0127706168435
2024-08-20,Energy,0.004897504513297155,1.190804891448959,119.0804891448959
2024-08-21,Energy,0.0014276038629753203,1.1939324929750166,119.39324929750165
2024-08-22,Energy,-0.005711714772294812,1.1814013763454736,118.14013763454736
2024-08-23,Energy,-0.004650616420418036,1.1712565152851186,117.12565152851187
2024-08-26,Energy,0.013668628915930316,1.2009346148738467,120.09346148738467
2024-08-27,Energy,0.0027970212501065264,1.207090675761744,120.70906757617439
2024-08-28,Energy,-0.0002927505052006797,1.2064445488513909,120.64445488513908
2024-08-29,Energy,0.005254785727988463,1.2180389421762934,121.80389421762933
2024-08-30,Energy,0.007803550265514702,1.2353475205524354,123.53475205524353
2024-09-02,Energy,0.013434478058093027,1.26537824776951,126.537824776951
2024-09-03,Energy,-0.006313755449200135,1.2510752035131558,125.10752035131559
2024-09-04,Energy,-0.010054357411516513,1.2284420888568324,122.84420888568323
2024-09-05,Energy,0.0006631029409198316,1.229919775359623,122.99197753596229
2024-09-06,Energy,-0.0193254587369707,1.1868255527541556,118.68255527541555
2024-09-09,Energy,-0.010083660640764701,1.1647743459996298,116.47743459996298
2024-09-10,Energy,0.007456094693899105,1.1809151085143266,118.09151085143266
2024-09-11,Energy,-0.01705257944490481,1.1437248803637927,114.37248803637927
2024-09-12,Energy,0.012983565789626124,1.1715580733828546,117.15580733828546
2024-09-13,Energy,-0.006913216604455184,1.1565456220524055,115.65456220524055
2024-09-16,Energy,0.011773729164432823,1.1819362061371939,118.19362061371939
2024-09-17,Energy,9.788842385628617e-06,1.1819575647668112,118.19575647668113
2024-09-18,Energy,-0.01075179745406237,1.1584975989770792,115.84975989770791
2024-09-19,Energy,-0.008620797281767019,1.1398896287431168,113.98896287431168
2024-09-20,Energy,0.01051955074189076,1.162400306274726,116.24003062747259
2024-09-23,Energy,0.013685368749126705,1.19199355184932,119.19935518493202
2024-09-24,Energy,0.006000269648144275,1.2051461042274094,120.51461042274094
2024-09-25,Energy,-0.0003810646024181081,1.2043058011039283,120.43058011039282
2024-09-26,Energy,0.00206502779975244,1.2088577538623637,120.88577538623638
2024-09-27,Energy,0.013065500077758578,1.2377175850172102,123.77175850172102
2024-09-30,Energy,-0.0014080034174588794,1.2345668710101982,123.45668710101982
2024-10-01,Energy,-0.005336710883747419,1.2226416336692165,122.26416336692165
2024-10-03,Energy,-0.01896545506687895,1.1804882236360887,118.04882236360888
2024-10-04,Energy,-0.00454016133126367,1.1705884553198604,117.05884553198604
2024-10-07,Energy,-0.03211742869267025,1.1008747353849917,110.08747353849917
2024-10-08,Energy,0.01665182766145517,1.1358581394169276,113.58581394169276
2024-10-09,Energy,-0.0010024924772341194,1.1337169576997228,113.37169576997228
2024-10-10,Energy,0.002080432829958259,1.1381560125083596,113.81560125083597
2024-10-11,Energy,0.0009465791014772678,1.1401799463054982,114.01799463054982
2024-10-14,Energy,-0.0048903805375340075,1.1297136519492654,112.97136519492655
2024-10-15,Energy,-0.002251791308513983,1.1249179812581827,112.49179812581826
2024-10-16,Energy,-0.006474788052005409,1.111159587701641,111.1159587701641
2024-10-17,Energy,-0.018084402376808043,1.072980528235988,107.29805282359881
2024-10-18,Energy,-0.0016548609846557755,1.0695500336378592,106.95500336378592
2024-10-21,Energy,-0.013243177801980853,1.0421426145722976,104.21426145722977
2024-10-22,Energy,-0.026421115237249302,0.9881869292217853,98.81869292217853
2024-10-23,Energy,-0.0008943723858929609,0.9864087497342959,98.64087497342959
2024-10-24,Energy,-0.00012134299667160287,0.9861677129439885,98.61677129439886
2024-10-25,Energy,-0.024812442481612153,0.9368860408077306,93.68860408077306
2024-10-28,Energy,-0.0013762053288142297,0.9342204879170652,93.42204879170653
2024-10-29,Energy,0.009752080937302454,0.9530831626658209,95.3083162665821
2024-10-30,Energy,-0.0020990740530462248,0.9489834964756276,94.89834964756277
2024-10-31,Energy,0.0005360986765437195,0.9500283439486936,95.00283439486937
2024-11-01,Energy,0.009407874011937767,0.9683739649282708,96.83739649282708
2024-11-04,Energy,-0.02165717016122686,0.9257445550288905,92.57445550288905
2024-11-05,Energy,0.008115226071176028,0.9413724074482863,94.13724074482863
2024-11-06,Energy,0.028974026107119473,0.9976217822653342,99.76217822653342
2024-11-07,Energy,-0.002216164036441876,0.9931947247130648,99.31947247130648
2024-11-08,Energy,-0.018890071043708618,0.9555431347592898,95.55431347592898
2024-11-11,Energy,-0.0038671578129237014,0.9479807408471961,94.7980740847196
2024-11-12,Energy,-0.017169991535224485,0.9145339280160694,91.45339280160694
2024-11-13,Energy,-0.023694585929245657,0.8691698393442364,86.91698393442364
2024-11-14,Energy,-0.00544438220527394,0.8589933643322758,85.89933643322757
2024-11-18,Energy,-0.02862442468698046,0.8057807487813502,80.57807487813503
2024-11-19,Energy,0.0013999943927466409,0.808308831704174,80.8308831704174
2024-11-21,Energy,-0.02009656974218322,0.7719680271524252,77.19680271524251
2024-11-22,Energy,0.00838935754269252,0.7868337004864263,78.68337004864263
2024-11-25,Energy,0.015287433372089857,0.8141498016296171,81.41498016296171
2024-11-26,Energy,-0.012555937374389228,0.791371450332595,79.1371450332595
2024-11-27,Energy,0.02123873349467283,0.8294179111561746,82.94179111561746
2024-11-28,Energy,0.007792097235135372,0.8436729134036016,84.36729134036017
2024-11-29,Energy,0.013407579444103375,0.8683921044590017,86.83921044590018
2024-12-02,Energy,0.0004924673360018277,0.8693122265412916,86.93122265412916
2024-12-03,Energy,0.014999910088474011,0.8973517418666959,89.73517418666958
2024-12-04,Energy,-0.002545720439657728,0.8925216147562056,89.25216147562057
2024-12-05,Energy,0.0066193615624491765,0.9050488995890271,90.50488995890271
2024-12-06,Energy,0.007911146506377741,0.9201200205354896,92.01200205354895
2024-12-09,Energy,-0.0008401408442255552,0.9185068492804225,91.85068492804224
2024-12-10,Energy,-0.00388410800300505,0.9110551614733122,91.10551614733123
2024-12-11,Energy,0.0009976555855682715,0.9129617363294851,91.29617363294851
2024-12-12,Energy,-0.0024881349218167956,0.9082020294292243,90.82020294292244
2024-12-13,Energy,-0.0014926468633726807,0.9053537576553154,90.53537576553154
2024-12-16,Energy,-0.002277434195875067,0.901014439852392,90.1014439852392
2024-12-17,Energy,-0.015128839695935413,0.8722542971322069,87.22542971322069
2024-12-18,Energy,-0.011423977562216019,0.8508657060510061,85.0865706051006
2024-12-19,Energy,-0.004372081468121101,0.8427735703975996,84.27735703975996
2024-12-20,Energy,-0.018924884990624908,0.8078992925140618,80.78992925140618
2024-12-23,Energy,0.0011280288781296216,0.8099386551247678,80.99386551247679
2024-12-24,Energy,0.0020463819984085025,0.8136424810068388,81.36424810068388
2024-12-26,Energy,0.0027834990790963445,0.8186907531825312,81.86907531825311
2024-12-27,Energy,-0.009970353576358917,0.8005577633272469,80.05577633272469
2024-12-30,Energy,3.0028664567508894e-05,0.8006118316723565,80.06118316723565
2024-12-31,Energy,0.005932729125998459,0.8112943739307366,81.12943739307366
2025-01-01,Energy,0.00673957328334011,0.8235017251015446,82.35017251015447
2025-01-02,Energy,0.0077453281935264745,0.8376253444239177,83.76253444239177
2025-01-03,Energy,0.008026366098775908,0.8523747981906531,85.23747981906531
2025-01-06,Energy,-0.0357355353127073,0.7861791931775419,78.61791931775419
2025-01-07,Energy,0.00951874319891028,0.8031813742246359,80.3181374224636
2025-01-08,Energy,-0.0024674365594587406,0.7987321385785391,79.87321385785391
2025-01-09,Energy,-0.016362607036282523,0.7693001914314463,76.93001914314463
2025-01-10,Energy,-0.021835330005405423,0.7306669378729138,73.06669378729138
2025-01-13,Energy,-0.03741979759018235,0.6659057313616887,66.59057313616887
2025-01-14,Energy,0.04485312143053311,0.7406268034222758,74.06268034222758
2025-01-15,Energy,0.010350505274143459,0.7586431703314136,75.86431703314136
2025-01-16,Energy,0.010603809240014576,0.7772914870308623,77.72914870308622
2025-01-17,Energy,0.012212568591257435,0.7989967812228846,79.89967812228846
2025-01-20,Energy,0.005859731786118495,0.8095384198449411,80.95384198449412
2025-01-21,Energy,-0.014717419789631604,0.7829066832946165,78.29066832946165
2025-01-22,Energy,-0.013707366932067484,0.7584677271810618,75.84677271810618
2025-01-23,Energy,0.00297367157043999,0.7636968326689164,76.36968326689164
2025-01-24,Energy,-0.01841780079264222,0.7312134157462062,73.12134157462063
2025-01-27,Energy,-0.025858039891441406,0.6864476301812423,68.64476301812424
2025-01-28,Energy,-0.017513887969980522,0.6569113753190088,65.69113753190088
2025-01-29,Energy,0.01125558999432005,0.6755608904165245,67.55608904165244
2025-01-30,Energy,0.011026964644116214,0.6940372411142113,69.40372411142113
2025-01-31,Energy,0.026144093478495087,0.7383263091019532,73.83263091019532
2025-02-01,Energy,-0.02119240663825374,0.7014869910894899,70.14869910894899
2025-02-03,Energy,-0.022686266951833997,0.662886602994561,66.2886602994561
2025-02-04,Energy,0.020728731261992546,0.6973561325072031,69.7356132507203
2025-02-05,Energy,0.019717174405710598,0.7308231994004499,73.082319940045
2025-02-06,Energy,-0.010284104714641966,0.7130232323752841,71.30232323752841
2025-02-07,Energy,-0.005709327014750447,0.7032430225577888,70.32430225577887
2025-02-10,Energy,-0.021679857368934956,0.6663169567641023,66.63169567641023
2025-02-11,Energy,-0.021184001246408964,0.6310176962750991,63.10176962750991
2025-02-12,Energy,-0.008015052133068147,0.6179450044094974,61.79450044094974
2025-02-13,Energy,0.0007542756051620457,0.6191653808568172,61.916538085681715
2025-02-14,Energy,-0.02515185108205466,0.5784403743202882,57.84403743202881
2025-02-17,Energy,0.004450399521867827,0.5854650646074602,58.546506460746016
2025-02-18,Energy,0.007678664193811062,0.5976393184295998,59.763931842959984
2025-02-19,Energy,0.006228320054270844,0.6075899274360663,60.75899274360663
2025-02-20,Energy,0.023215965689771405,0.6449116800346442,64.49116800346442
2025-02-21,Energy,-0.005520278506547867,0.6358313094421792,63.58313094421793
2025-02-24,Energy,-0.015041018013292946,0.6112267412501509,61.12267412501509
2025-02-25,Energy,-0.009016036338433953,0.5966998624015829,59.66998624015829
2025-02-27,Energy,-0.012006050651536994,0.5775298029782874,57.752980297828735
2025-02-28,Energy,-0.02689885328176539,0.5350960602603623,53.509606026036224
2025-03-03,Energy,0.0004289997385361498,0.5357546160688418,53.575461606884176
2025-03-04,Energy,0.004444862811286205,0.5425808346490675,54.25808346490675
2025-03-05,Energy,0.03901715735890162,0.6027679538133959,60.27679538133959
2025-03-06,Energy,0.014030001283704649,0.6252547902628784,62.52547902628785
2025-03-07,Energy,-0.006665489109651997,0.6144216721579714,61.44216721579714
2025-03-10,Energy,-0.012383853873950591,0.5944289100790281,59.44289100790281
2025-03-11,Energy,0.00873719529214112,0.6083597468458242,60.83597468458242
2025-03-12,Energy,0.006124355241024528,0.6182099132908725,61.82099132908725
2025-03-13,Energy,-0.0018255885714987324,0.6152557277668826,61.525572776688264
2025-03-17,Energy,0.0032581718316340345,0.6205185084799782,62.05185084799783
2025-03-18,Energy,0.0,0.6205185084799782,62.05185084799783
2025-03-19,Energy,0.03362116054411855,0.6750022214182991,67.50022214182991
2025-03-20,Energy,0.009518496395174214,0.690945724024778,69.09457240247781
2025-03-21,Energy,0.01943751613660592,0.7238135088216342,72.38135088216342
2025-03-24,Energy,0.01658032972681919,0.7523949051854422,75.23949051854422
2025-03-25,Energy,-0.01846250789763841,0.7200413004086748,72.00413004086748
2025-03-26,Energy,-0.013576505609956257,0.69668915004432,69.668915004432
2025-03-27,Energy,0.015998606972923497,0.7238338129111026,72.38338129111025
2025-03-28,Energy,-0.003309085727944811,0.7181294990434497,71.81294990434498
2025-04-01,Energy,-0.0018003703820082787,0.7150362295809172,71.50362295809171
2025-04-02,Energy,0.006685530075046427,0.7265021558735745,72.65021558735745
2025-04-03,Energy,0.00920481207929995,0.7423942837728972,74.23942837728971
2025-04-04,Energy,-0.03430670057261741,0.6826184848000603,68.26184848000602
2025-04-07,Energy,-0.028985851257272766,0.6338463556769081,63.38463556769081
2025-04-08,Energy,0.014791080293218843,0.6580127083105081,65.8012708310508
2025-04-09,Energy,-0.004422696370306672,0.6506798215235408,65.06798215235408
2025-04-11,Energy,0.023835469001152593,0.6900245492402932,69.00245492402932
2025-04-15,Energy,0.022015847571170463,0.7272318721079036,72.72318721079036
2025-04-16,Energy,0.006981742798350708,0.7392909607920748,73.92909607920748
2025-04-17,Energy,0.008289905628253817,0.7537095187171159,75.37095187171158
2025-04-21,Energy,0.024513470515587436,0.7966990252970929,79.66990252970929
2025-04-22,Energy,0.0014945215874368478,0.7993842307765262,79.93842307765262
2025-04-23,Energy,0.0039830365026703885,0.8065512438500384,80.65512438500384
2025-04-24,Energy,-0.0019932382789421923,0.8029503567579259,80.29503567579259
2025-04-25,Energy,-0.023637065472114756,0.7603339011322663,76.03339011322663
2025-04-28,Energy,0.016029439260847638,0.7885510664792768,78.85510664792767
2025-04-29,Energy,-0.002005584071568842,0.7849639769491585,78.49639769491586
2025-04-30,Energy,-0.0025224173314156656,0.7804615528777494,78.04615528777494
2025-05-02,Energy,-0.004015507625607305,0.7733120959350681,77.33120959350681
2025-05-05,Energy,0.02291866236277133,0.8139540371256222,81.39540371256221
2025-05-06,Energy,-0.025545007460929817,0.7676165677134645,76.76165677134645
2025-05-07,Energy,0.006793722021837811,0.779625263315705,77.9625263315705
2025-05-08,Energy,-0.02084612710779397,0.7425269688723846,74.25269688723846
2025-05-09,Energy,-0.004738472375057429,0.7342700529675903,73.42700529675903
2025-05-12,Energy,0.0410112287574155,0.8053945988369793,80.53945988369793
2025-05-13,Energy,-0.0064368941959001245,0.7937734648224162,79.37734648224162
2025-05-14,Energy,0.012137256205491886,0.8155449529395788,81.55449529395788
2025-05-15,Energy,0.007143732164697146,0.828514719816347,82.85147198163469
2025-05-16,Energy,0.015801047158936512,0.8574071671349746,85.74071671349745
2025-05-19,Energy,0.002133203496635039,0.8613693945985819,86.13693945985818
2025-05-20,Energy,-0.015246149683100778,0.8329906781929892,83.29906781929893
2025-05-21,Energy,0.005695903696547396,0.8434312165726456,84.34312165726456
2025-05-22,Energy,-0.008637300413475053,0.8275089473635298,82.75089473635298
2025-05-23,Energy,0.003175511701426739,0.8333122234103447,83.33122234103448
2025-05-26,Energy,0.0050739085163564,0.8426142819138469,84.2614281913847
2025-05-27,Energy,-0.004496442323884316,0.8343290730700557,83.43290730700556
2025-05-28,Energy,-0.0012839733433752049,0.8319738434372557,83.19738434372556
2025-05-29,Energy,0.0036942902950540812,0.8387416866278588,83.87416866278588
2025-05-30,Energy,-0.01538688343071075,0.8104491826365274,81.04491826365275
2025-06-02,Energy,0.0035058360262309896,0.8167963206046751,81.67963206046751
2025-06-03,Energy,-0.008772741891787124,0.8008580354140618,80.08580354140618
2025-06-04,Energy,0.008835108009075875,0.8167688106659572,81.67688106659571
2025-06-05,Energy,0.0030227718372515316,0.8222604882616351,82.2260488261635
2025-06-06,Energy,0.010036884259115728,0.8405503058722767,84.05503058722768
2025-06-09,Energy,0.013650096695547695,0.8656739955204533,86.56739955204533
2025-06-10,Energy,0.005528124061210597,0.875987672825465,87.5987672825465
2025-06-11,Energy,0.006634722807452666,0.8884343310248599,88.84343310248599
2025-06-12,Energy,-0.022262146693750578,0.8463937289260697,84.63937289260697
2025-06-13,Energy,-0.009214985165093281,0.8293792381050946,82.93792381050946
2025-06-16,Energy,0.009778789518525078,0.8472683526240841,84.7268352624084
2025-06-17,Energy,-0.008629260696025197,0.8313277924337739,83.13277924337739
2025-06-18,Energy,-0.010398863531724367,0.8122840646384011,81.2284064638401
2025-06-19,Energy,-0.018091614485470156,0.7794969200028024,77.94969200028024
2025-06-20,Energy,0.011552674503453689,0.8000548686994933,80.00548686994932
2025-06-23,Energy,0.006418870766008555,0.8116091882734,81.16091882734
2025-06-24,Energy,0.0007422122062761024,0.8129537867259384,81.29537867259384
2025-06-25,Energy,0.003777062335999121,0.8198014261906881,81.9801426190688
2025-06-26,Energy,0.012644387788944679,0.8428117011223175,84.28117011223175
2025-06-27,Energy,0.01044311087778307,0.862056388044014,86.2056388044014
2025-06-30,Energy,0.0012349852326740745,0.8643560001856547,86.43560001856547
2025-07-01,Energy,0.000963012261079526,0.8661513978728508,86.61513978728507
2025-07-02,Energy,0.001235380119358667,0.8684568042094964,86.84568042094965
2025-07-03,Energy,0.00010327514732762067,0.8686497693612263,86.86497693612263
2025-07-04,Energy,0.0042498653597216425,0.8765912792854864,87.65912792854864
2025-07-07,Energy,0.002413937178513564,0.8811212527434278,88.11212527434277
2025-07-08,Energy,0.003916695388379552,0.8884890316790308,88.84890316790307
2025-07-09,Energy,-0.004905259211051572,0.8792255034614174,87.92255034614173
2025-07-10,Energy,-0.0009311280212683792,0.8774757039368624,87.74757039368623
2025-07-11,Energy,-0.0075290931606133114,0.8633400144551335,86.33400144551335
2025-07-14,Energy,0.005641680037214751,0.8738523826172286,87.38523826172286
2025-07-15,Energy,0.004257429598114815,0.8818301772134811,88.18301772134811
2025-07-16,Energy,0.003997281095612555,0.8893523814060098,88.93523814060099
2025-07-17,Energy,-0.0001710127642103999,0.889029278032698,88.9029278032698
2025-07-18,Energy,-0.006689237392925558,0.8763931127497504,87.63931127497504
2025-07-21,Energy,-0.002650612457121714,0.8714195217906384,87.14195217906384
2025-07-22,Energy,-0.00271920689105331,0.8663307449309336,86.63307449309336
2025-07-23,Energy,0.004725956630175745,0.875150943089041,87.5150943089041
2025-07-24,Energy,-0.00540026932963487,0.8650246229626413,86.50246229626413
2025-07-25,Energy,-0.025188063510797703,0.8180482643102567,81.80482643102567
2025-07-28,Energy,-0.00020342662785194983,0.8176784248825759,81.76784248825759
2025-07-29,Energy,0.008243930505593954,0.8326632394988254,83.26632394988253
2025-07-30,Energy,-0.00018144780640103362,0.8323307067741466,83.23307067741466
2025-07-31,Energy,-0.01300310211810618,0.8085047234798206,80.85047234798206
2025-08-01,Energy,-0.0169251023899161,0.7778955958622777,77.78955958622777
2025-08-04,Energy,0.005882134301882274,0.7883534165318646,78.83534165318646
2025-08-05,Energy,-0.0028328916037454713,0.7832872051536421,78.32872051536421
2025-08-06,Energy,-0.006156139261531197,0.7723090407754094,77.23090407754094
2025-08-07,Energy,-0.0013322217123049843,0.7699479321903739,76.99479321903739
2025-08-08,Energy,-0.003664742244998064,0.763461529231829,76.3461529231829
2025-08-11,Energy,0.007913387185638368,0.7774164830996182,77.74164830996182
2025-08-12,Energy,0.007261685506396597,0.790323522613773,79.0323522613773
2025-08-13,Energy,-0.004752627729783039,0.7818147813949159,78.18147813949159
2025-08-14,Energy,-0.008386925901566046,0.7668708328530416,76.68708328530415
2025-08-18,Energy,0.006013258598713945,0.7774954840815123,77.74954840815123
2025-08-19,Energy,0.011132590883050044,0.7972836141022606,79.72836141022606
2025-08-20,Energy,0.001755599201425996,0.8004389237799145,80.04389237799145
2025-08-21,Energy,-0.002852054483259234,0.7953039738755137,79.53039738755136
2025-08-22,Energy,-0.0045155339789947225,0.7871972177788544,78.71972177788544
2025-08-25,Energy,-7.792246623844479e-05,0.7870579549639907,78.70579549639906
2025-08-26,Energy,-0.015086235347353693,0.7600979780760433,76.00979780760433
2025-08-28,Energy,-0.010645878944870513,0.7413601880703344,74.13601880703344
2025-08-29,Energy,-0.00534016519874757,0.7320610369955167,73.20610369955168
2025-09-01,Energy,0.018899845756372855,0.7647967234353554,76.47967234353554
2025-09-02,Energy,0.008913413112730275,0.7805270856913273,78.05270856913273
2025-09-03,Energy,0.0020586941238540965,0.7841926463400031,78.41926463400031
2025-09-04,Energy,-0.008694262389339593,0.768680407319593,76.8680407319593
2025-09-05,Energy,-0.0014946810504831648,0.7660367942304116,76.60367942304116
2025-09-08,Energy,0.002379152730547988,0.770238465491653,77.0238465491653
2025-09-09,Energy,-0.0007800964807324494,0.7688575086946658,76.88575086946659
2025-09-10,Energy,0.006346823440949396,0.7800841349945484,78.00841349945485
2025-09-11,Energy,0.012301851581987901,0.8019824658267027,80.19824658267028
2025-09-12,Energy,0.002017229680534157,0.8056174783405703,80.56174783405703
2025-09-15,Energy,0.004208972509585857,0.8132172726697338,81.32172726697337
2025-09-16,Energy,0.010468885106269322,0.8321996359700161,83.21996359700161
2025-09-17,Energy,-0.0003551554778035519,0.8315489202328719,83.15489202328719
2025-09-18,Energy,-0.0009633797441375837,0.8297844431027224,82.97844431027224
2025-09-19,Energy,0.012644819904742624,0.852921737850256,85.29217378502561
2025-09-22,Energy,0.013851365423447781,0.8785872339422698,87.85872339422698
2025-09-23,Energy,-0.0031831621486728937,0.8726073861662047,87.26073861662047
2025-09-24,Energy,-0.010556979934161326,0.8528383075658856,85.28383075658856
2025-09-25,Energy,-0.005334400803909129,0.8429545254084925,84.29545254084925
2025-09-26,Energy,-0.01314395673434934,0.8187308108631499,81.873081086315
2025-09-29,Energy,0.01117971407378995,0.839063701305792,83.9063701305792
2025-09-30,Energy,0.0011038060720508563,0.8410936709861818,84.10936709861818
2025-10-01,Energy,0.008133165568206943,0.8560675906388902,85.60675906388902
2025-10-03,Energy,0.0062446654039356765,0.867658111709519,86.7658111709519
2025-10-06,Energy,0.0017069503561629234,0.870846111388492,87.0846111388492
2025-10-07,Energy,0.006391213213553392,0.8828030877761228,88.28030877761228
2025-10-08,Energy,-0.012152914991370334,0.85992154190489,85.992154190489
2025-10-09,Energy,0.004474602854602914,0.8682439521456353,86.82439521456354
2025-10-10,Energy,0.00303294064253422,0.8739102251582667,87.39102251582666
2025-10-13,Energy,-0.0006409947245073982,0.8727090585897397,87.27090585897398
2025-10-14,Energy,-0.008786582493641108,0.856254345959852,85.6254345959852
2025-10-15,Energy,0.009841131679594847,0.8745219894092628,87.45219894092628
2025-10-16,Energy,0.0011488438280696605,0.8766755224273763,87.66755224273763
2025-10-17,Energy,-0.0024776849582648424,0.8720257117139143,87.20257117139143
2025-10-20,Energy,0.0007193634704450632,0.8733723786266552,87.33723786266552
2025-10-21,Energy,0.0017330878863742614,0.876619097602721,87.66190976027211
2025-10-23,Energy,5.496457539917577e-05,0.8767222451746066,87.67222451746066
2025-10-24,Energy,-0.0008493113503514091,0.8751283236703229,87.51283236703229
2025-10-27,Energy,0.002811919290076231,0.8804010331750196,88.04010331750196
2025-10-28,Energy,-0.007045338342184533,0.8671529716773081,86.71529716773081
2025-10-29,Energy,0.024414715631523334,0.9127389805213633,91.27389805213633
2025-10-30,Energy,0.0014802116598890969,0.9155702390626554,91.55702390626554
2025-10-31,Energy,-0.00708223798492747,0.9020037147527693,90.20037147527692
2025-11-03,Energy,0.004478007701480565,0.9105209020356768,91.05209020356769
2025-11-04,Energy,-0.009135448168748827,0.8930674373598186,89.30674373598187
2025-11-06,Energy,-0.01380997148573774,0.866924230029301,86.6924230029301
2025-11-07,Energy,-0.00017950909509671808,0.8665891001501544,86.65891001501545
2025-11-10,Energy,-0.0004461406659238307,0.8657563388460072,86.57563388460072
2025-11-11,Energy,0.0021051328995938165,0.8696840038975375,86.96840038975375
2025-11-12,Energy,0.004868079618607234,0.8787857744901468,87.87857744901468
2025-11-13,Energy,0.0007410239993893194,0.8801779998387551,88.0177999838755
2025-11-14,Energy,0.00017226779651205757,0.8805018939598379,88.0501893959838
2025-11-17,Energy,0.005719462730943117,0.8912573544578093,89.12573544578093
2025-11-18,Energy,-0.008507682455341059,0.8751671374447538,87.51671374447538
2025-11-19,Energy,-0.0033420243401334083,0.8689002832295951,86.89002832295951
2025-11-20,Energy,-0.0009261199046135044,0.8671694574775584,86.71694574775583
2025-11-21,Energy,-0.009893573446303212,0.8486964793133098,84.86964793133099
2025-11-24,Energy,-0.01116710672810599,0.8280518884209445,82.80518884209445
2025-11-25,Energy,-0.004715455246375856,0.8194317915530427,81.94317915530426
2025-11-26,Energy,0.014145717117547899,0.8451689589910254,84.51689589910254
2025-11-27,Energy,-0.0042292327448452925,0.8373653100098883,83.73653100098883
2025-11-28,Energy,-0.007814758552884042,0.8230067437387161,82.3006743738716
2025-12-01,Energy,0.0006413276630793262,0.8241758883934558,82.41758883934558
2025-12-02,Energy,-0.0008586526288821036,0.8226095549713435,82.26095549713435
2025-12-03,Energy,-0.008617339409158882,0.8069035098257793,80.69035098257793
2025-12-04,Energy,-0.001594215747158265,0.8040229157968195,80.40229157968196
2025-12-05,Energy,-0.0010314209611547967,0.802162208747063,80.2162208747063
2025-12-08,Energy,-0.017548769190325372,0.7705364801022339,77.05364801022338
2025-12-09,Energy,0.0008626241830897996,0.7720637876870127,77.20637876870127
2025-12-10,Energy,0.0004134033785865052,0.7727963648439133,77.27963648439133
2025-12-11,Energy,0.0003290431226321,0.7733796912955926,77.33796912955926
2025-12-12,Energy,0.012478982161545379,0.7955096648289173,79.55096648289172
2025-12-15,Energy,0.00028703430123667843,0.796025037690925,79.60250376909251
2025-12-16,Energy,-0.009066917287535718,0.7797406272278382,77.97406272278383
2025-12-17,Energy,0.0006858455915582898,0.7809612544911397,78.09612544911397
2025-12-18,Energy,-0.005528972052839858,0.7711143694878675,77.11143694878675
2025-12-19,Energy,0.013821604610250492,0.7955940120224618,79.55940120224618
2025-12-22,Energy,0.006672911272230803,0.8075758515456366,80.75758515456366
2025-12-23,Energy,0.006044601805894408,0.8185019278021803,81.85019278021804
2025-12-24,Energy,-0.005447263520863283,0.8085960685882438,80.85960685882438
2025-12-26,Energy,-0.0015831358039211775,0.8057328153972307,80.57328153972307
2025-12-29,Energy,-0.005860338900552949,0.7951506091351535,79.51506091351534
2025-12-30,Energy,0.0024890139987891902,0.7996187641312258,79.96187641312258
2025-12-31,Energy,0.020954900482645145,0.8373295962402962,83.73295962402962
2026-01-01,Energy,0.008817985578895368,0.8535311421236209,85.35311421236209
2026-01-02,Energy,0.023331427048587667,0.8967766687483634,89.67766687483633
2026-01-05,Energy,-0.0029865000603692313,0.8911119451126395,89.11119451126395
2026-01-06,Energy,-0.006433629822643055,0.8789452309046062,87.89452309046062
2026-01-07,Energy,-0.008596138359029417,0.8627935577307118,86.27935577307117
2026-01-08,Energy,-0.023417894534660772,0.8191708546559284,81.91708546559285
2026-01-09,Energy,-0.005214784847914483,0.809684270047301,80.9684270047301
2026-01-12,Energy,0.004413434904243834,0.8176711937703887,81.76711937703887
2026-01-13,Energy,-0.003225140431706334,0.8118089489118119,81.18089489118118
2026-01-14,Energy,0.006103633504034379,0.8228675667152991,82.28675667152991
2026-01-15,Energy,0.0,0.8228675667152991,82.28675667152991
2026-01-16,Energy,-0.0048671911390467055,0.8139953218469269,81.39953218469269
2026-01-19,Energy,-0.011957134699588954,0.792305135439179,79.23051354391791
2026-01-20,Energy,-0.020636893663877894,0.7553175249458983,75.53175249458984
2026-01-21,Energy,0.000980073884852939,0.7570378658117225,75.70378658117225
2026-01-22,Energy,0.012597404194744996,0.7791719819928249,77.9171981992825
2026-01-23,Energy,-0.02397710553258556,0.7365125876199634,73.65125876199635
2026-01-27,Energy,0.003199204849969871,0.7420680471123109,74.20680471123109
2026-01-28,Energy,0.030598702399760837,0.7953730688460332,79.53730688460332
2026-01-29,Energy,0.015596033407069899,0.8233737672059096,82.33737672059095
2026-01-30,Energy,-0.00493322904940645,0.8143786467696039,81.43786467696039
2026-02-02,Energy,-0.012329420591641192,0.7920084093210886,79.20084093210886
2026-02-03,Energy,0.025181156234384938,0.8371332530495346,83.71332530495346
2026-02-04,Energy,0.020563614036162175,0.8749113521982443,87.49113521982443
2026-02-05,Energy,-5.6955427114208706e-05,0.8748045658213786,87.48045658213786
2026-02-06,Energy,0.004131068249672385,0.8825495114375843,88.25495114375843
2026-02-09,Energy,0.0034106078490160896,0.8889701495774549,88.89701495774548
2026-02-10,Energy,0.003108104344501502,0.8948412659059903,89.48412659059903
2026-02-11,Energy,0.00760893506604482,0.9092589900587313,90.92589900587313
2026-02-12,Energy,-0.0076030056215546865,0.894742883224311,89.4742883224311
2026-02-13,Energy,-0.021539175641647406,0.8539316834667812,85.39316834667812
2026-02-16,Energy,0.016399840969143438,0.8843358682432929,88.4335868243293
2026-02-17,Energy,0.0005850562193174258,0.8854383106622916,88.54383106622916
2026-02-18,Energy,0.0014062487106554346,0.8880897058556807,88.80897058556808
2026-02-19,Energy,-0.011098666955025649,0.8671344270291761,86.7134427029176
2026-02-20,Energy,0.008540763369359253,0.8830811803492165,88.30811803492165
2026-02-23,Energy,0.0023845178316707688,0.887571421002243,88.7571421002243
2026-02-24,Energy,0.005566128816724945,0.89807788668231,89.807788668231
2026-02-25,Energy,0.0014288811203331437,0.9007900143395122,90.07900143395122
2026-02-26,Energy,0.00487055765296291,0.9100479216905288,91.00479216905288
2026-02-27,Energy,-0.004249366023024325,0.9019314289497489,90.19314289497488
2026-03-02,Energy,-0.02229792875471022,0.8595222974506831,85.95222974506831
2026-03-04,Energy,-0.026215109092251696,0.8107747175635389,81.07747175635389
2026-03-05,Energy,0.016052164997466502,0.8398415721031096,83.98415721031097
2026-03-06,Energy,-0.0038822042314631453,0.8326989313666691,83.26989313666691
2026-03-09,Energy,-0.02648758781989544,0.7841551574746659,78.41551574746659
2026-03-10,Energy,0.006358878807780102,0.7955003838953232,79.55003838953232
2026-03-11,Energy,0.007671239931303777,0.8092740981369322,80.92740981369322
2026-03-12,Energy,0.017439436910902693,0.8408268196259217,84.08268196259216
2026-03-13,Energy,-0.02011252871232562,0.8038031373617762,80.38031373617763
2026-03-16,Energy,-0.009325456053144566,0.7869818504757846,78.69818504757846
2026-03-17,Energy,0.004915753809395555,0.7957662133145817,79.57662133145817
2026-03-18,Energy,0.003741308815740215,0.8024847292794641,80.24847292794641
2026-03-19,Energy,-0.02063713411664801,0.7652866101781137,76.52866101781137
2026-03-20,Energy,0.0028415170692343253,0.7703027022130258,77.03027022130257
2026-03-23,Energy,-0.03814447239157465,0.7027754396637309,70.27754396637309
2026-03-24,Energy,0.008687666335619607,0.7175685845280175,71.75685845280175
2026-03-25,Energy,0.010383745375394307,0.7354033793745329,73.54033793745329
2026-03-27,Energy,-0.011051812925905298,0.7162240258747017,71.62240258747016
2026-03-30,Energy,-0.015034152130198023,0.6904220527802005,69.04220527802005
2026-04-01,Energy,0.01821352492316724,0.7212105969691842,72.12105969691842
2026-04-02,Energy,-0.0004263307872441582,0.7204767919003654,72.04767919003655
2026-04-06,Energy,0.007903864013605192,0.7340752065021094,73.40752065021094
2026-04-07,Energy,0.0013884597754109539,0.7364829001738751,73.64829001738751
2026-04-08,Energy,0.03310852705013194,0.7939752912463733,79.39752912463733
2026-04-09,Energy,0.0020927791487483547,0.7977296853292635,79.77296853292634
2026-04-10,Energy,0.01122291253588589,0.8179054483508794,81.79054483508794
2026-04-13,Energy,0.0005036040188095497,0.8188209528404846,81.88209528404846
2026-04-15,Energy,0.02371797205572704,0.861959697374326,86.19596973743259
2026-04-16,Energy,0.009605112811068746,0.8798440303172699,87.98440303172698
2026-04-17,Energy,0.020361592635043217,0.9181206486800078,91.81206486800077
2026-04-20,Energy,0.003745544444339974,0.925305054819245,92.5305054819245
2026-04-21,Energy,0.004136797292423105,0.9332696515571097,93.32696515571098
2026-04-22,Energy,0.016428128256314616,0.9650296533469305,96.50296533469304
2026-04-23,Energy,-0.005686432572375049,0.9538556447204558,95.38556447204559
2026-04-24,Energy,-0.006444758039661121,0.9412635178458064,94.12635178458063
2026-04-27,Energy,0.018134672020004176,0.9764676950463396,97.64676950463395
2026-04-28,Energy,0.011866673225893706,0.9999217913249896,99.99217913249896
2026-04-29,Energy,-0.0051765634070357,0.9895690693630834,98.95690693630834
2026-04-30,Energy,-0.008412104365024356,0.9728326067101767,97.28326067101767
2026-05-01,Energy,0.0,0.9728326067101767,97.28326067101767
2026-05-04,Energy,0.006480338112903673,0.9856172290418199,98.56172290418199
2026-05-05,Energy,0.0012446213492024831,0.9880885706364297,98.80885706364298
2026-05-06,Energy,0.005033900272735092,0.9980964102343779,99.80964102343779
2026-05-07,Energy,0.0013236510661796541,1.0007411926781145,100.07411926781144
2026-05-08,Energy,-0.010291551314119955,0.980150462027394,98.0150462027394
2026-05-11,Energy,-0.020410426153048184,0.9397347472502595,93.97347472502595
2026-05-12,Energy,-0.018071119290023505,0.9046815692416965,90.46815692416965
2023-05-12,FMCG,,,
2023-05-15,FMCG,0.004533225391706843,0.004533225391706752,0.4533225391706752
2023-05-16,FMCG,0.0009519406954035754,0.005489481448841982,0.5489481448841982
2023-05-17,FMCG,0.003901524801731762,0.009412423598595065,0.9412423598595065
2023-05-18,FMCG,-0.004082885896849601,0.0052911078501796105,0.529110785017961
2023-05-19,FMCG,0.0010388589518205297,0.00633546351675518,0.633546351675518
2023-05-22,FMCG,0.002512297459790379,0.00886367754544537,0.886367754544537
2023-05-23,FMCG,-0.002219256307682415,0.006624750465461071,0.6624750465461071
2023-05-24,FMCG,0.0036324133920618644,0.01028122768983275,1.028122768983275
2023-05-25,FMCG,0.0028107799762018726,0.013120905934955962,1.3120905934955962
2023-05-26,FMCG,0.015100103939902923,0.028419136918262478,2.8419136918262478
2023-05-29,FMCG,0.0016911149594174672,0.030158311905256197,3.0158311905256197
2023-05-30,FMCG,-0.0007038001253846173,0.029433286356171262,2.943328635617126
2023-05-31,FMCG,0.0044972748983450215,0.03406293083442158,3.406293083442158
2023-06-01,FMCG,0.0007687512589318063,0.03485786801431523,3.485786801431523
2023-06-02,FMCG,0.004865836825125144,0.03989331753726977,3.989331753726977
2023-06-05,FMCG,-0.0018625381499674225,0.037956476561460395,3.7956476561460395
2023-06-06,FMCG,-0.00269560118743263,0.035158559850738014,3.5158559850738014
2023-06-07,FMCG,0.01106224909125663,0.046609741688753425,4.6609741688753425
2023-06-08,FMCG,-0.009637109121745143,0.03652344940021757,3.6523449400217567
2023-06-09,FMCG,-0.00587698089333978,0.030431820892593775,3.0431820892593775
2023-06-12,FMCG,0.006644893363698373,0.037278930460986626,3.7278930460986626
2023-06-13,FMCG,0.008243975215688027,0.04583023225546223,4.583023225546223
2023-06-14,FMCG,0.0031315268391818177,0.04910527769699802,4.910527769699802
2023-06-15,FMCG,0.005958202167872547,0.055356059036898886,5.535605903689889
2023-06-16,FMCG,0.0074011186014513565,0.06316687439659119,6.316687439659119
2023-06-19,FMCG,-0.0022206817533602097,0.06080591911784161,6.080591911784161
2023-06-20,FMCG,0.004406928888097898,0.0654808153674673,6.54808153674673
2023-06-21,FMCG,-0.0016897243625208142,0.0636804464759424,6.36804464759424
2023-06-22,FMCG,-0.004499156879050598,0.058894781278068686,5.889478127806869
2023-06-23,FMCG,-0.008468198789372687,0.04992784977317677,4.992784977317677
2023-06-26,FMCG,0.008710071324470417,0.05907279623024886,5.907279623024886
2023-06-27,FMCG,0.0016811676763729868,0.060853275182197075,6.0853275182197075
2023-06-28,FMCG,-0.0005464825970346228,0.06027353732930285,6.027353732930285
2023-06-30,FMCG,0.007336715607112374,0.06805246273843513,6.805246273843513
2023-07-03,FMCG,0.007637573430732915,0.07620979185047516,7.620979185047516
2023-07-04,FMCG,0.0019593699371147893,0.07831848496265548,7.831848496265548
2023-07-05,FMCG,0.01504448169406225,0.09454122767004502,9.454122767004502
2023-07-06,FMCG,0.00145423585102605,0.096132948763749,9.613294876374901
2023-07-07,FMCG,-0.012168162627682754,0.08279502478163026,8.279502478163025
2023-07-10,FMCG,-0.004641580898872736,0.07776914407720925,7.776914407720925
2023-07-11,FMCG,0.005092671967804398,0.08325786878501584,8.325786878501585
2023-07-12,FMCG,0.008240332276998516,0.09218427356547765,9.218427356547764
2023-07-13,FMCG,-0.008813754757624203,0.0825580292281376,8.25580292281376
2023-07-14,FMCG,0.010788842768806997,0.09423757759358953,9.423757759358953
2023-07-17,FMCG,0.0012642579764827351,0.09562097617922949,9.562097617922948
2023-07-18,FMCG,-0.005197184016151781,0.08992683235407029,8.992683235407029
2023-07-19,FMCG,0.0034954872591698616,0.0937366577099914,9.37366577099914
2023-07-20,FMCG,0.0086353314885254,0.10318143631046905,10.318143631046905
2023-07-21,FMCG,-0.002117040881165619,0.10084595611045688,10.084595611045689
2023-07-24,FMCG,-0.001050084969875778,0.0996899743177968,9.96899743177968
2023-07-25,FMCG,0.011492249786813584,0.11232788619071155,11.232788619071155
2023-07-26,FMCG,0.00842027784959711,0.12169399605229247,12.169399605229248
2023-07-27,FMCG,0.00195809565741586,0.12389038019491205,12.389038019491206
2023-07-28,FMCG,0.009360079087253644,0.1344100830389401,13.441008303894009
2023-07-31,FMCG,0.0025320342596203546,0.13728244823365365,13.728244823365365
2023-08-01,FMCG,-0.001108040036142889,0.1360222937486082,13.60222937486082
2023-08-02,FMCG,-0.006588201624043701,0.12853794982798372,12.853794982798373
2023-08-03,FMCG,0.001919801989130691,0.13070451922887294,13.070451922887294
2023-08-04,FMCG,0.0027257994022991706,0.1337865929315638,13.378659293156382
2023-08-07,FMCG,-0.0025315932862908295,0.13091630640481178,13.091630640481178
2023-08-08,FMCG,0.000764112307238202,0.13178045347299205,13.178045347299205
2023-08-09,FMCG,0.005417676347191931,0.1379120736659869,13.791207366598691
2023-08-10,FMCG,-0.003918766706243621,0.13345286171707205,13.345286171707205
2023-08-11,FMCG,-0.004086915010084559,0.12882053620329725,12.882053620329724
2023-08-14,FMCG,0.003365702375691455,0.13261981016372593,13.261981016372593
2023-08-16,FMCG,0.00022695439463833977,0.1328768632070969,13.28768632070969
2023-08-17,FMCG,-0.004502485596525924,0.12777610144786955,12.777610144786955
2023-08-18,FMCG,0.002837149707228089,0.13097577108391123,13.097577108391123
2023-08-21,FMCG,0.005071219697165142,0.1367111976912485,13.67111976912485
2023-08-22,FMCG,0.0017502069579191125,0.1387006775385924,13.870067753859239
2023-08-23,FMCG,-0.006816861837408124,0.13093831234564868,13.093831234564867
2023-08-24,FMCG,-0.0015658031606051986,0.1291674855617284,12.916748556172841
2023-08-25,FMCG,-0.007431054869824042,0.12077658001929792,12.077658001929791
2023-08-28,FMCG,-7.026178600457472e-05,0.12069783225507358,12.069783225507358
2023-08-29,FMCG,-0.0001437949454438484,0.1205366815714255,12.05366815714255
2023-08-30,FMCG,0.0065210951344554366,0.12784380787359972,12.784380787359972
2023-08-31,FMCG,-0.0016755536923567368,0.12595404501691543,12.595404501691544
2023-09-01,FMCG,0.005662875218102361,0.1323301822751637,13.233018227516368
2023-09-04,FMCG,0.0026840717561680467,0.13536943773606502,13.536943773606502
2023-09-05,FMCG,0.007190388045321187,0.14353318456818553,14.353318456818553
2023-09-06,FMCG,0.01194487457171034,0.1571925450264411,15.719254502644109
2023-09-07,FMCG,-0.0009202522932023942,0.15612763593320378,15.612763593320377
2023-09-08,FMCG,0.0025967391065976407,0.15912979777765002,15.912979777765003
2023-09-11,FMCG,0.005991844320660702,0.1660751230733728,16.60751230733728
2023-09-12,FMCG,-0.013705631168519508,0.1500933275217431,15.00933275217431
2023-09-13,FMCG,0.004948473102151897,0.15578453341794885,15.578453341794884
2023-09-14,FMCG,0.0019078653132139634,0.15798961463880623,15.798961463880623
2023-09-15,FMCG,-0.0030132260398851667,0.15450033017805986,15.450033017805985
2023-09-18,FMCG,0.0014764076760190412,0.15620484332750117,15.620484332750117
2023-09-20,FMCG,-0.006593118136342916,0.14858184820563114,14.858184820563114
2023-09-21,FMCG,-0.007762265154388028,0.13966625134834199,13.9666251348342
2023-09-22,FMCG,-0.003118610868654327,0.13611207579024853,13.611207579024853
2023-09-25,FMCG,0.006394042537931815,0.14337642473070944,14.337642473070943
2023-09-26,FMCG,0.009290677681993294,0.15399916656207213,15.399916656207214
2023-09-27,FMCG,0.005978098938801922,0.16089788775507508,16.089788775507508
2023-09-28,FMCG,-0.014404766961375545,0.14417542421601026,14.417542421601027
2023-09-29,FMCG,0.004263595650693459,0.1490537255783282,14.90537255783282
2023-10-03,FMCG,-0.0018256795828154903,0.1469559216519818,14.695592165198178
2023-10-04,FMCG,-0.0014272797241302528,0.14531889472053683,14.531889472053683
2023-10-05,FMCG,-0.0056401152196345825,0.13885916419108857,13.885916419108856
2023-10-06,FMCG,0.0015261586842346946,0.14059724399463924,14.059724399463924
2023-10-09,FMCG,-0.003537864639219287,0.13656196533751963,13.656196533751963
2023-10-10,FMCG,0.00573338649333678,0.14307831435842622,14.307831435842623
2023-10-11,FMCG,0.004759964323498358,0.148519326353737,14.8519326353737
2023-10-12,FMCG,0.002220282700367664,0.1510693639450782,15.10693639450782
2023-10-13,FMCG,0.0025129462042925367,0.15396193933408142,15.396193933408142
2023-10-16,FMCG,7.256392730546705e-05,0.15404567534436042,15.404567534436042
2023-10-17,FMCG,0.0020266704828294188,0.1563845456504176,15.638454565041759
2023-10-18,FMCG,-0.0031758772204836705,0.15271201031376713,15.271201031376712
2023-10-19,FMCG,0.0029807868860831643,0.15614799915754096,15.614799915754096
2023-10-20,FMCG,-0.0019163759379414202,0.15393238495125616,15.393238495125615
2023-10-23,FMCG,-0.016424451222366666,0.13497967878071493,13.497967878071492
2023-10-25,FMCG,-0.0024581458456547226,0.13218973319841765,13.218973319841766
2023-10-26,FMCG,-0.009736743535472525,0.12116589213276963,12.116589213276963
2023-10-27,FMCG,0.01867151652938855,0.14209975961991317,14.209975961991317
2023-10-30,FMCG,-0.002503590561604795,0.13924040944131777,13.924040944131777
2023-10-31,FMCG,0.003326029783579105,0.1430295569737765,14.302955697377651
2023-11-01,FMCG,-0.004421239589236805,0.13797594944481628,13.797594944481627
2023-11-02,FMCG,0.012902600728498463,0.1526587987591368,15.26587987591368
2023-11-03,FMCG,0.0064543811707016546,0.16009849800609133,16.009849800609132
2023-11-06,FMCG,0.007669107473284727,0.16899541806689622,16.899541806689623
2023-11-07,FMCG,0.01267727740705938,0.18381509726931156,18.381509726931156
2023-11-08,FMCG,0.005083031830365253,0.18983246708999824,18.983246708999822
2023-11-09,FMCG,-0.003776074043574652,0.1853395715948174,18.53395715948174
2023-11-10,FMCG,0.0004286635431380532,0.18584768345539904,18.584768345539903
2023-11-13,FMCG,0.0006465708424061448,0.18661441799105627,18.661441799105628
2023-11-15,FMCG,0.009969450278410688,0.19844431143086338,19.84443114308634
2023-11-16,FMCG,-0.0011083091802441564,0.19711606459849307,19.711606459849307
2023-11-17,FMCG,0.007958927652708558,0.2066438247485276,20.66438247485276
2023-11-20,FMCG,0.0008209020771202472,0.20763436117060796,20.763436117060795
2023-11-21,FMCG,-0.0005988030086244972,0.20691122608182067,20.691122608182067
2023-11-22,FMCG,0.001800446509683643,0.20908420518631776,20.908420518631775
2023-11-23,FMCG,0.003811323379291458,0.2136924160850764,21.36924160850764
2023-11-24,FMCG,-0.001594102741961217,0.21175766567669752,21.17576656766975
2023-11-28,FMCG,0.002054429406578942,0.21424713625871128,21.424713625871128
2023-11-29,FMCG,0.006843443696331171,0.22255676816912917,22.255676816912917
2023-11-30,FMCG,0.006361917596037547,0.2303345735846991,23.03345735846991
2023-12-01,FMCG,0.011908734334539088,0.24498630116411757,24.498630116411757
2023-12-04,FMCG,0.003763351875065262,0.24967162269503418,24.96716226950342
2023-12-05,FMCG,0.002841764943649993,0.2532228957034832,25.32228957034832
2023-12-06,FMCG,0.001897712317717012,0.25560115222950475,25.560115222950476
2023-12-07,FMCG,-0.013656596808059019,0.23845391354177203,23.845391354177202
2023-12-08,FMCG,-0.009829328584909768,0.22628074308830248,22.62807430883025
2023-12-11,FMCG,0.0128481415189686,0.2420361716174868,24.20361716174868
2023-12-12,FMCG,-0.007593842724635323,0.23260434427191545,23.260434427191544
2023-12-13,FMCG,0.007952699516530978,0.2424068762446805,24.24068762446805
2023-12-14,FMCG,9.485997160477645e-05,0.24252473092568283,24.252473092568284
2023-12-15,FMCG,-0.0026409804879017535,0.23924324735557279,23.924324735557278
2023-12-18,FMCG,-0.0019528217882125378,0.23682322614124152,23.682322614124153
2023-12-19,FMCG,0.01237566171621228,0.25212973199071986,25.212973199071985
2023-12-20,FMCG,-0.0027213838983799737,0.24872220629939745,24.872220629939747
2023-12-21,FMCG,0.0039039847272517823,0.2535971987213703,25.35971987213703
2023-12-22,FMCG,0.004432035723554596,0.25915318628905126,25.915318628905126
2023-12-26,FMCG,0.008294492836424276,0.26959722337268666,26.959722337268666
2023-12-27,FMCG,0.006323688708615098,0.2776257609986177,27.762576099861768
2023-12-28,FMCG,0.014195870080581678,0.2957627703133585,29.576277031335852
2023-12-29,FMCG,0.011935378890272512,0.3112281899289575,31.122818992895752
2024-01-01,FMCG,0.004497559372801986,0.31712551656445487,31.712551656445488
2024-01-02,FMCG,-0.0008079394880341026,0.31606135884892517,31.606135884892517
2024-01-03,FMCG,-0.00417169211470941,0.31057115605574137,31.057115605574136
2024-01-04,FMCG,0.018987089172375904,0.3354550874625153,33.54550874625153
2024-01-05,FMCG,0.0025447214922729687,0.33885344872554635,33.88534487255463
2024-01-08,FMCG,-0.01618239485807492,0.3171875935611741,31.71875935611741
2024-01-09,FMCG,-0.002006673892421452,0.3145444276057534,31.45444276057534
2024-01-10,FMCG,-0.007295337833794775,0.30495438190883717,30.495438190883718
2024-01-11,FMCG,0.0014549683764367128,0.306853049267207,30.685304926720704
2024-01-12,FMCG,0.0026872793174210698,0.3103649284374115,31.036492843741147
2024-01-15,FMCG,0.0017891449967213369,0.3127093612930043,31.27093612930043
2024-01-16,FMCG,0.0005942715295923822,0.31348946709305014,31.348946709305014
2024-01-17,FMCG,-0.010508520343961351,0.2996866363065238,29.96866363065238
2024-01-18,FMCG,-0.002241410185229086,0.2967735054423002,29.67735054423002
2024-01-19,FMCG,0.008673487707892061,0.30802105450167394,30.802105450167396
2024-01-23,FMCG,-0.01496652675454953,0.28844452239396046,28.844452239396045
2024-01-24,FMCG,0.016249929197696827,0.3093816546580226,30.938165465802257
2024-01-25,FMCG,-0.006200696933310255,0.30126257584745186,30.126257584745186
2024-01-29,FMCG,-0.000986971043616669,0.2999782673649485,29.997826736494847
2024-01-30,FMCG,-0.003319706382157976,0.2956627212141105,29.566272121411053
2024-01-31,FMCG,0.006646724346060219,0.3042746341674869,30.42746341674869
2024-02-01,FMCG,0.002954631983716228,0.3081282857171479,30.81282857171479
2024-02-02,FMCG,-0.001082082557638459,0.3067127829160199,30.67127829160199
2024-02-05,FMCG,-0.006307623441574532,0.29847053073509366,29.847053073509365
2024-02-06,FMCG,0.004947650682144357,0.3048949093422295,30.48949093422295
2024-02-07,FMCG,0.0038687619065858048,0.3099432370595905,30.994323705959047
2024-02-08,FMCG,-0.01569472762001091,0.28938403475626484,28.938403475626483
2024-02-09,FMCG,-0.0011388479920356155,0.28791562233732004,28.791562233732005
2024-02-12,FMCG,-0.005716920622451523,0.2805527109560022,28.05527109560022
2024-02-13,FMCG,-0.004190811490648483,0.27518615594054663,27.518615594054662
2024-02-14,FMCG,0.009775533665608585,0.2876517811378616,28.76517811378616
2024-02-15,FMCG,-0.0028347132020606737,0.28400165763421326,28.400165763421327
2024-02-16,FMCG,0.0012013809213163602,0.2855442327286335,28.55442327286335
2024-02-19,FMCG,0.007694086331953003,0.2954353210387919,29.543532103879187
2024-02-20,FMCG,-0.003504414753731703,0.29089557838723823,29.089557838723824
2024-02-21,FMCG,-0.0003494047974097143,0.2904445332791947,29.044453327919474
2024-02-22,FMCG,0.0021582766515331133,0.2932296695854697,29.32296695854697
2024-02-23,FMCG,-0.002719740895605227,0.289712419965688,28.971241996568796
2024-02-26,FMCG,0.001072747051107022,0.2910959551609822,29.109595516098217
2024-02-27,FMCG,-0.0014778770766785557,0.2891878740450573,28.91878740450573
2024-02-28,FMCG,-0.0107416340395052,0.27533988969389744,27.533988969389746
2024-02-29,FMCG,0.004392707753576077,0.2809420851158009,28.09420851158009
2024-03-01,FMCG,0.00022936063166855604,0.28123588280157397,28.123588280157396
2024-03-04,FMCG,-0.0019292809359986582,0.27876401883836754,27.876401883836756
2024-03-05,FMCG,-0.009439583416823213,0.26669301921211086,26.669301921211087
2024-03-06,FMCG,0.00011103378998312361,0.26683366493877925,26.683366493877926
2024-03-07,FMCG,0.0105494058836616,0.28019800745730494,28.019800745730493
2024-03-11,FMCG,-0.003818135754102255,0.2753100376727018,27.531003767270178
2024-03-12,FMCG,-0.009193504227025662,0.26358546945058947,26.358546945058947
2024-03-13,FMCG,-0.01767278482871816,0.24125439533629445,24.125439533629446
2024-03-14,FMCG,0.017176468486277446,0.26257476234124155,26.257476234124155
2024-03-15,FMCG,-0.0005163207920401735,0.26192286873993953,26.192286873993954
2024-03-18,FMCG,-0.0022693695430457766,0.25905909941594807,25.905909941594807
2024-03-19,FMCG,-0.016570725173559325,0.23819557710225725,23.819557710225723
2024-03-20,FMCG,0.004739181995338345,0.24406361128796794,24.406361128796796
2024-03-21,FMCG,0.006476925595130526,0.2521213187338893,25.212131873388934
2024-03-22,FMCG,0.0023844503163575697,0.2551069398084622,25.51069398084622
2024-03-26,FMCG,0.0003999285556770015,0.25560889291412003,25.560889291412003
2024-03-27,FMCG,-0.000959849254591759,0.2544036976541977,25.440369765419767
2024-03-28,FMCG,0.006104247955690508,0.2620608888612139,26.206088886121393
2024-04-01,FMCG,0.005964746864670778,0.2695887625910727,26.958876259107267
2024-04-02,FMCG,0.010297442511950998,0.28266227988767345,28.266227988767344
2024-04-03,FMCG,-0.0032794356868646245,0.2784558714328147,27.84558714328147
2024-04-04,FMCG,-0.004704179298754369,0.27244178578804945,27.244178578804945
2024-04-05,FMCG,0.0071860790486336125,0.28158565304550676,28.158565304550677
2024-04-08,FMCG,0.0012504422619340155,0.28318820190836314,28.318820190836313
2024-04-09,FMCG,-0.003430133539795749,0.2787866950191271,27.87866950191271
2024-04-10,FMCG,0.005574227632078207,0.28591494315003674,28.591494315003672
2024-04-12,FMCG,-0.00744351128448491,0.27634322075981155,27.634322075981153
2024-04-15,FMCG,-0.010970528702491078,0.26234106082223607,26.234106082223608
2024-04-16,FMCG,0.002655910679306405,0.265693725926601,26.569372592660102
2024-04-18,FMCG,-0.008846004183192617,0.2544973939324138,25.449739393241376
2024-04-19,FMCG,0.0006027129338232298,0.25525349573718437,25.525349573718437
2024-04-22,FMCG,0.008031165457361307,0.26533464425238074,26.533464425238073
2024-04-23,FMCG,0.004809308021094276,0.27142002830635215,27.142002830635214
2024-04-24,FMCG,0.009382906603831525,0.28334964368619153,28.334964368619154
2024-04-25,FMCG,0.00569584806143695,0.2906594082663272,29.06594082663272
2024-04-26,FMCG,0.0024231531206651458,0.29378687363918354,29.378687363918353
2024-04-29,FMCG,0.006697311901757146,0.3024517678663443,30.24517678663443
2024-04-30,FMCG,0.001410203137991287,0.3042884894364717,30.428848943647168
2024-05-02,FMCG,0.003173790068375638,0.308428027290542,30.8428027290542
2024-05-03,FMCG,-0.00358858287104216,0.3037326248838157,30.37326248838157
2024-05-06,FMCG,0.0029947327488484016,0.30763695567129745,30.763695567129744
2024-05-07,FMCG,0.022473374795620314,0.3370239710727023,33.70239710727023
2024-05-08,FMCG,0.007030847764086121,0.3464243830702485,34.64243830702485
2024-05-09,FMCG,-0.023042483206219672,0.31539942183490743,31.539942183490744
2024-05-10,FMCG,0.008371577607034678,0.3264113901790471,32.641139017904706
2024-05-13,FMCG,0.0020487654903785005,0.3291288960612908,32.912889606129085
2024-05-14,FMCG,-0.0020858187636050036,0.32635657407063645,32.63565740706365
2024-05-15,FMCG,-0.009715974361483056,0.3134697276027816,31.346972760278156
2024-05-16,FMCG,0.011289757378998073,0.3282984821520756,32.829848215207555
2024-05-17,FMCG,0.0002175590645269307,0.32858746552726537,32.85874655272654
2024-05-21,FMCG,-0.006263998525506997,0.3202651956021956,32.026519560219555
2024-05-22,FMCG,0.011900519392604137,0.3359770371658397,33.59770371658397
2024-05-23,FMCG,0.0008616029588401124,0.3371281189340043,33.71281189340043
2024-05-24,FMCG,-0.0013854073997976641,0.33527565174355556,33.52756517435556
2024-05-27,FMCG,-0.0028815760818922185,0.3314279533627582,33.142795336275825
2024-05-28,FMCG,0.000520186124472688,0.33212054370983246,33.212054370983246
2024-05-29,FMCG,-0.008617166503648339,0.32064143918175425,32.064143918175425
2024-05-30,FMCG,-0.00037018709750691976,0.32015255476053617,32.01525547605362
2024-05-31,FMCG,0.0012775291336269063,0.3218390881100748,32.18390881100748
2024-06-03,FMCG,0.007835671108395155,0.33219658446272615,33.21965844627262
2024-06-04,FMCG,0.011445799412268243,0.3474446393461954,34.74446393461954
2024-06-05,FMCG,0.06157680325997858,0.430415972806929,43.0415972806929
2024-06-06,FMCG,-0.0031960605192489027,0.4258442767901378,42.58442767901378
2024-06-07,FMCG,0.016679104470535208,0.4496260824414353,44.96260824414353
2024-06-10,FMCG,0.0038159222736891506,0.4551577428979443,45.51577428979443
2024-06-11,FMCG,-0.0011200718210092348,0.4535278617150009,45.35278617150009
2024-06-12,FMCG,-0.0005751724334597579,0.45269183255767675,45.26918325576767
2024-06-13,FMCG,-0.0023949606714507104,0.4492126927509634,44.92126927509634
2024-06-14,FMCG,0.004701946737516802,0.45602681364361186,45.60268136436119
2024-06-18,FMCG,0.0029353688362377035,0.46030078937710783,46.03007893771078
2024-06-19,FMCG,-0.006558911182910005,0.4507228061992501,45.07228061992501
2024-06-20,FMCG,-0.0014898125308281907,0.4485615011838162,44.85615011838162
2024-06-21,FMCG,-0.007572498082155347,0.4375922719942178,43.75922719942178
2024-06-24,FMCG,0.005759597973916701,0.4458722255313139,44.58722255313139
2024-06-25,FMCG,-0.00730450987733823,0.4353108375785515,43.53108375785515
2024-06-26,FMCG,0.0009940507013250124,0.436737609323266,43.6737609323266
2024-06-27,FMCG,-0.001999700366033383,0.43386456460000833,43.38645646000083
2024-06-28,FMCG,0.004064387068510461,0.43969234519436395,43.9692345194364
2024-07-01,FMCG,0.011198824378257517,0.45581520692691724,45.581520692691726
2024-07-02,FMCG,-0.0024059987457983683,0.45231251736493694,45.2312517364937
2024-07-03,FMCG,0.006519720487464324,0.4617811890386019,46.17811890386019
2024-07-04,FMCG,-0.0030235864654120813,0.45736136722003073,45.736136722003074
2024-07-05,FMCG,0.005046939196394161,0.464716581427564,46.4716581427564
2024-07-08,FMCG,0.011498897517854581,0.4815592072901018,48.155920729010184
2024-07-09,FMCG,0.008754341939339504,0.49452928319409595,49.452928319409594
2024-07-10,FMCG,0.0035961004399057434,0.49990376060684216,49.99037606068421
2024-07-11,FMCG,-0.0020064971121044983,0.49689420804274986,49.68942080427499
2024-07-12,FMCG,0.002249760776287795,0.5002618619182566,50.02618619182566
2024-07-15,FMCG,0.006710666741199598,0.5103296192981217,51.032961929812174
2024-07-16,FMCG,0.00852503005335317,0.5232052246931078,52.32052246931078
2024-07-18,FMCG,0.0060492044172030315,0.5324194044666282,53.24194044666282
2024-07-19,FMCG,-0.00806126225675019,0.5200661697598898,52.00661697598898
2024-07-22,FMCG,0.00261431471189982,0.5240401011105542,52.40401011105542
2024-07-23,FMCG,0.01310166736182086,0.5440075675613807,54.400756756138065
2024-07-24,FMCG,-0.004680000218340056,0.5367816118080748,53.67816118080748
2024-07-25,FMCG,0.008574648601456644,0.5499589741065092,54.99589741065092
2024-07-26,FMCG,0.002556207774220335,0.5539209912858427,55.39209912858427
2024-07-29,FMCG,-0.0015757678439438584,0.5514723725557451,55.14723725557451
2024-07-30,FMCG,-0.002600302501870854,0.547438075063805,54.743807506380506
2024-07-31,FMCG,0.0012338889620566271,0.5493474418240925,54.93474418240925
2024-08-01,FMCG,0.002401502344881672,0.5530682033386694,55.30682033386694
2024-08-02,FMCG,-0.006965213778337705,0.5422507512900767,54.22507512900767
2024-08-05,FMCG,-0.010251108409853287,0.5264409716434244,52.64409716434244
2024-08-06,FMCG,0.004243705704183361,0.5329187379018867,53.291873790188674
2024-08-07,FMCG,0.017940722707185355,0.5604204079112329,56.04204079112329
2024-08-08,FMCG,-0.0051043942943552545,0.5524554068842953,55.24554068842953
2024-08-09,FMCG,0.002749661631491406,0.5567241339512066,55.67241339512066
2024-08-12,FMCG,-0.0026887792972823234,0.5525384463282588,55.253844632825874
2024-08-13,FMCG,0.0005332087888756583,0.5533662734729083,55.336627347290836
2024-08-14,FMCG,-0.009547988513329457,0.5385347501367956,53.853475013679564
2024-08-16,FMCG,0.018600479330815493,0.5671522339564563,56.71522339564563
2024-08-19,FMCG,0.007650137874308362,0.5791411646162534,57.91411646162534
2024-08-20,FMCG,0.0039716526450320755,0.5854129647995807,58.54129647995807
2024-08-21,FMCG,0.009524218700912624,0.6005127846075942,60.05127846075942
2024-08-22,FMCG,0.009874869135706676,0.6163176389056197,61.63176389056198
2024-08-23,FMCG,-0.004958621165501622,0.6083029320511688,60.83029320511688
2024-08-26,FMCG,0.004315045496745682,0.6152428323755192,61.52428323755193
2024-08-27,FMCG,-0.002646067788172224,0.6109687903466943,61.09687903466943
2024-08-28,FMCG,-0.003560325775109132,0.6052332166395267,60.523321663952665
2024-08-29,FMCG,-0.0009977373013029974,0.6036316155819947,60.36316155819947
2024-08-30,FMCG,0.004319456428650829,0.6105584324731081,61.05584324731082
2024-09-02,FMCG,0.005378595852229525,0.6192209753777811,61.92209753777811
2024-09-03,FMCG,0.0008130422827090253,0.6205374704958126,62.05374704958126
2024-09-04,FMCG,0.004722693975659609,0.628190773045054,62.8190773045054
2024-09-05,FMCG,-0.0021796278117549453,0.6246419231532823,62.464192315328226
2024-09-06,FMCG,-0.0053310212218045105,0.6159809225831188,61.59809225831188
2024-09-09,FMCG,0.009717532685760973,0.6316842700178864,63.16842700178864
2024-09-10,FMCG,0.007175063890344012,0.6433917089041341,64.33917089041341
2024-09-11,FMCG,0.0023076806021246656,0.6471841320724647,64.71841320724647
2024-09-12,FMCG,0.007806669026706733,0.6600431534175975,66.00431534175975
2024-09-13,FMCG,-0.008337703227922403,0.646202206258857,64.62022062588571
2024-09-16,FMCG,-0.004920731757052634,0.638101686783989,63.8101686783989
2024-09-17,FMCG,0.003168615040231516,0.6432922004261614,64.32922004261614
2024-09-18,FMCG,0.0032285893495493084,0.6485977161226548,64.85977161226548
2024-09-19,FMCG,0.004938265982728396,0.656738930143387,65.6738930143387
2024-09-20,FMCG,0.009143191409605681,0.6718868112974332,67.18868112974332
2024-09-23,FMCG,0.00636804301029692,0.6825334584201233,68.25334584201232
2024-09-24,FMCG,-0.0025996992858703448,0.6781593773898156,67.81593773898156
2024-09-25,FMCG,-0.010861869072196348,0.6599314299503289,65.9931429950329
2024-09-26,FMCG,0.007418144679603647,0.6722450414559218,67.22450414559218
2024-09-27,FMCG,0.0034807214549925896,0.6780656606497224,67.80656606497224
2024-09-30,FMCG,-0.0031794920080868705,0.6727302642926416,67.27302642926416
2024-10-01,FMCG,0.004377076263937215,0.6800519322284464,68.00519322284464
2024-10-03,FMCG,-0.017773638972365325,0.6501912957301932,65.01912957301931
2024-10-04,FMCG,-0.015539494779213596,0.6245481567054902,62.454815670549024
2024-10-07,FMCG,-0.018312897628649384,0.5947979726189314,59.47979726189314
2024-10-08,FMCG,0.013489482363193897,0.6163109717434319,61.63109717434318
2024-10-09,FMCG,-0.0019422539558723436,0.6131716853646434,61.31716853646434
2024-10-10,FMCG,-0.005374284858084973,0.6045020412024968,60.45020412024969
2024-10-11,FMCG,-0.001994979399170711,0.6013010926843705,60.130109268437046
2024-10-14,FMCG,-0.0006347423518583613,0.6002846790627667,60.028467906276674
2024-10-15,FMCG,0.008921352515927483,0.6145613828105236,61.45613828105236
2024-10-16,FMCG,-0.0025570538796640166,0.6104328623626523,61.043286236265224
2024-10-17,FMCG,-0.017013739851803773,0.5830333765936184,58.303337659361844
2024-10-18,FMCG,-0.002621955696816042,0.5788827332136088,57.888273321360884
2024-10-21,FMCG,-0.013915554815791379,0.5569117039918683,55.69117039918683
2024-10-22,FMCG,-0.01489889898160214,0.5337154337908194,53.37154337908194
2024-10-23,FMCG,0.00875201345888329,0.5471385319094535,54.71385319094535
2024-10-24,FMCG,-0.022258957912251062,0.5127008404432591,51.27008404432591
2024-10-25,FMCG,0.0005186085431011315,0.5134853400222692,51.34853400222692
2024-10-28,FMCG,0.0037618560513432904,0.5191788540072513,51.917885400725126
2024-10-29,FMCG,-0.0006936067841805965,0.5181251412477281,51.81251412477281
2024-10-30,FMCG,0.01727095609335659,0.5443446139064385,54.434461390643854
2024-10-31,FMCG,-0.004580326880650772,0.5372710107583745,53.727101075837446
2024-11-01,FMCG,0.005556875714254163,0.5458134347042845,54.58134347042844
2024-11-04,FMCG,-0.013329062986957026,0.5252091900670266,52.52091900670266
2024-11-05,FMCG,0.002613126240625413,0.5291947542240338,52.91947542240338
2024-11-06,FMCG,0.007491254171423371,0.5406503408055334,54.065034080553346
2024-11-07,FMCG,-0.010733886496491337,0.5241131749165462,52.41131749165462
2024-11-08,FMCG,-0.004544622672309393,0.5171866556266551,51.718665562665514
2024-11-11,FMCG,-0.014573417010404004,0.4950760618115877,49.50760618115877
2024-11-12,FMCG,-0.020549298885360376,0.46435329696107375,46.435329696107374
2024-11-13,FMCG,-0.014738478579573378,0.44277095726088533,44.27709572608853
2024-11-14,FMCG,-0.014225741576296316,0.42224647046910624,42.224647046910626
2024-11-18,FMCG,-0.0012907746351459631,0.420410670800099,42.041067080009896
2024-11-19,FMCG,0.00011882420339269587,0.4205794499665474,42.05794499665474
2024-11-21,FMCG,-0.008257639184948635,0.408848817435171,40.8848817435171
2024-11-22,FMCG,0.010851697659207245,0.42413721884950917,42.41372188495092
2024-11-25,FMCG,0.01978764705646019,0.452317543496072,45.2317543496072
2024-11-26,FMCG,0.01287912814952091,0.4710221272525552,47.10221272525552
2024-11-27,FMCG,0.008294548414510867,0.48322359150586847,48.32235915058685
2024-11-28,FMCG,-0.0013745185561794206,0.4811848731563806,48.118487315638056
2024-11-29,FMCG,0.0049021677398827694,0.48844588985837034,48.844588985837035
2024-12-02,FMCG,-0.006487514013413742,0.4787895762897061,47.87895762897061
2024-12-03,FMCG,0.0016520964636751064,0.4812326793192139,48.12326793192139
2024-12-04,FMCG,-0.004436721015429886,0.47466086316213674,47.466086316213676
2024-12-05,FMCG,0.006130996145329278,0.4837020032298518,48.37020032298518
2024-12-06,FMCG,0.002979255845259357,0.4881223310955971,48.81223310955971
2024-12-09,FMCG,-0.01777152900025534,0.461676121932604,46.167612193260396
2024-12-10,FMCG,0.0058798822486408955,0.4702706054152179,47.02706054152179
2024-12-11,FMCG,0.003947527848283855,0.47607453957460777,47.60745395746078
2024-12-12,FMCG,-0.010111610318688354,0.46114904902909193,46.114904902909196
2024-12-13,FMCG,0.0036589416047865383,0.46649530807537865,46.649530807537865
2024-12-16,FMCG,-0.0017700005521867118,0.46389961057030615,46.38996105703062
2024-12-17,FMCG,-0.010563875782026954,0.44843515692688385,44.843515692688385
2024-12-18,FMCG,-0.0024582695756578286,0.44487451284829715,44.48745128482972
2024-12-19,FMCG,-0.004264918157803473,0.4387122413027029,43.87122413027029
2024-12-20,FMCG,-0.012405463503760757,0.4208643491008084,42.08643491008084
2024-12-23,FMCG,-0.0007454307189875634,0.41980519316747444,41.98051931674745
2024-12-24,FMCG,0.008649344893520225,0.4320855779647912,43.20855779647912
2024-12-26,FMCG,-0.006353685630120098,0.42298655640697413,42.29865564069741
2024-12-27,FMCG,0.003611736327421733,0.428126008646182,42.8126008646182
2024-12-30,FMCG,0.0037645467900680168,0.43350225582784363,43.35022558278436
2024-12-31,FMCG,0.004165967561182482,0.4394741797245043,43.94741797245043
2025-01-01,FMCG,0.005338960905648312,0.4471594760947435,44.71594760947435
2025-01-02,FMCG,0.006205091817032875,0.4561392335178005,45.61392335178005
2025-01-03,FMCG,0.00544770544830227,0.46407185115372207,46.40718511537221
2025-01-06,FMCG,-0.022984777341736214,0.4304204856426501,43.04204856426501
2025-01-07,FMCG,0.00317442166661056,0.4349612434246377,43.49612434246377
2025-01-08,FMCG,-0.003778722379293579,0.4295389232606901,42.95389232606901
2025-01-09,FMCG,0.012063201943996297,0.44678373997878684,44.67837399787869
2025-01-10,FMCG,-0.007019470690859776,0.4366280839199934,43.66280839199934
2025-01-13,FMCG,-0.02258384503316436,0.40418349790245256,40.41834979024526
2025-01-14,FMCG,-0.0002117784660443068,0.4038861220752221,40.388612207522215
2025-01-15,FMCG,0.00037980129457493945,0.4044193198418222,40.44193198418222
2025-01-16,FMCG,-0.0014325497469881302,0.4024074193005176,40.24074193005176
2025-01-17,FMCG,0.009672382647447748,0.41597204048761216,41.59720404876121
2025-01-20,FMCG,0.003601005760563965,0.42107096396220567,42.10709639622057
2025-01-21,FMCG,-0.0035409618171097943,0.4160390059394121,41.60390059394121
2025-01-22,FMCG,-0.005884917607022928,0.407705733061128,40.7705733061128
2025-01-23,FMCG,0.002889166117393499,0.41177282876834886,41.17728287683489
2025-01-24,FMCG,-0.0023532022928510234,0.40845064171070633,40.84506417107063
2025-01-27,FMCG,-0.013868846724342769,0.3889170556420183,38.89170556420183
2025-01-28,FMCG,0.0006194769263315617,0.3897774577105768,38.977745771057684
2025-01-29,FMCG,0.01209126387885208,0.4065816236846358,40.65816236846358
2025-01-30,FMCG,0.007616190625333141,0.4172944174607085,41.72944174607085
2025-01-31,FMCG,0.015786239318186117,0.43966816631907224,43.96681663190722
2025-02-01,FMCG,0.0343608725947752,0.4891364207607156,48.91364207607156
2025-02-03,FMCG,-0.01659941512762777,0.4644176271308387,46.44176271308387
2025-02-04,FMCG,-0.0068179906227012685,0.4544332414813421,45.44332414813421
2025-02-05,FMCG,-0.008731816649650621,0.4417333970875701,44.17333970875701
2025-02-06,FMCG,-0.007101659330655469,0.4314946976558256,43.14946976558256
2025-02-07,FMCG,-0.018609630889875158,0.4048551097116373,40.48551097116373
2025-02-10,FMCG,-0.006268805708671316,0.39604834598002103,39.6048345980021
2025-02-11,FMCG,-0.022662812163685847,0.3644099645436516,36.44099645436516
2025-02-12,FMCG,0.007118029421338134,0.37412187481404025,37.412187481404025
2025-02-13,FMCG,-0.014435514746453064,0.3542857182267385,35.428571822673845
2025-02-14,FMCG,-0.00942268058959008,0.34152471647684446,34.15247164768444
2025-02-17,FMCG,-0.005505497362766535,0.33413895568819507,33.413895568819505
2025-02-18,FMCG,-0.008681668433937159,0.32255640363011095,32.255640363011096
2025-02-19,FMCG,0.018089916232587606,0.3464813381846519,34.64813381846519
2025-02-20,FMCG,0.009966165366094104,0.3599005938633597,35.99005938633597
2025-02-21,FMCG,-0.0024994268677175683,0.3565016217816326,35.65016217816326
2025-02-24,FMCG,-0.005752934624896305,0.348697756632957,34.8697756632957
2025-02-25,FMCG,-0.00018292173478775934,0.34845105049960945,34.84510504996094
2025-02-27,FMCG,-0.006989636519844117,0.3390258677918152,33.90258677918152
2025-02-28,FMCG,-0.02691055818417225,0.30299193426649196,30.299193426649197
2025-03-03,FMCG,0.0002510182034877119,0.3033190089609903,30.33190089609903
2025-03-04,FMCG,0.001886113769566763,0.30577721688992976,30.577721688992977
2025-03-05,FMCG,0.0062337541466762235,0.3139171110303527,31.39171110303527
2025-03-06,FMCG,0.017497811783625097,0.3369077853384461,33.690778533844615
2025-03-07,FMCG,0.0050162314822612885,0.3436140242601411,34.36140242601411
2025-03-10,FMCG,-0.004346743943790219,0.3377736781373968,33.77736781373968
2025-03-11,FMCG,-0.001008199061076063,0.3364249359711664,33.64249359711664
2025-03-12,FMCG,0.004577520364949648,0.3425424483318009,34.254244833180095
2025-03-13,FMCG,-0.0012528389838643277,0.3408604588150381,34.086045881503814
2025-03-17,FMCG,-0.0009051011485591875,0.33964684447370685,33.964684447370686
2025-03-18,FMCG,0.00016581780648064972,0.3398689817749163,33.98689817749163
2025-03-19,FMCG,0.0220442857197916,0.3694054364362487,36.94054364362487
2025-03-20,FMCG,0.013941682278797832,0.38849725194190143,38.84972519419014
2025-03-21,FMCG,0.003926765611153225,0.3939495552020076,39.39495552020076
2025-03-24,FMCG,-0.00034117152689393986,0.3934739793038462,39.347397930384616
2025-03-25,FMCG,-0.0047017449164544825,0.38692222010544275,38.69222201054428
2025-03-26,FMCG,-0.004472246805837602,0.380719561636631,38.0719561636631
2025-03-27,FMCG,0.006026534306768413,0.38904051544286045,38.90405154428605
2025-03-28,FMCG,0.009471343813698838,0.40219659573577715,40.219659573577715
2025-04-01,FMCG,-0.006588871921357068,0.39295770195791135,39.295770195791135
2025-04-02,FMCG,0.011775246660330396,0.40936012248587295,40.936012248587296
2025-04-03,FMCG,0.003205750192041253,0.41387817896918744,41.38781789691875
2025-04-04,FMCG,-0.002610129823233955,0.4101877733678403,41.01877733678403
2025-04-07,FMCG,-0.014585321663088275,0.38961973108791614,38.96197310879161
2025-04-08,FMCG,0.017949461140297378,0.4145626564508691,41.45626564508691
2025-04-09,FMCG,0.02065922685059624,0.4437864272648697,44.37864272648697
2025-04-11,FMCG,0.0060059098642128795,0.4524576784101966,45.245767841019656
2025-04-15,FMCG,0.010345379398326308,0.4674839041533623,46.748390415336225
2025-04-16,FMCG,0.010301357925550425,0.48260098110003025,48.26009811000303
2025-04-17,FMCG,0.002643817417414452,0.4865207073969382,48.65207073969382
2025-04-21,FMCG,-0.0012095908476200156,0.4847226255544732,48.47226255544732
2025-04-22,FMCG,0.018061035802996058,0.5115382540521307,51.15382540521307
2025-04-23,FMCG,0.006032619241065815,0.5206567888071325,52.06567888071325
2025-04-24,FMCG,-0.004275795756396472,0.5141547709626155,51.415477096261554
2025-04-25,FMCG,-0.01664269623374961,0.48895515305860204,48.8955153058602
2025-04-28,FMCG,0.00490886213683283,0.4962642286328933,49.626422863289335
2025-04-29,FMCG,-0.002481616953973851,0.49255107395549325,49.255107395549324
2025-04-30,FMCG,-0.006913676764339914,0.48223205827589655,48.22320582758965
2025-05-02,FMCG,-0.007286251108579219,0.4714321432981121,47.143214329811215
2025-05-05,FMCG,0.011303924871730911,0.4880651016998039,48.806510169980385
2025-05-06,FMCG,-0.004467840574058905,0.48141666406158845,48.14166640615885
2025-05-07,FMCG,0.00035862708928395955,0.4819479402078375,48.194794020783746
2025-05-08,FMCG,-0.01346457265171673,0.4619941445008471,46.19941445008471
2025-05-09,FMCG,-0.0031416873941505887,0.45740101592674676,45.74010159267468
2025-05-12,FMCG,0.021446312751918818,0.48865689391927614,48.86568939192762
2025-05-13,FMCG,-0.013516123757127695,0.46853602310916176,46.85360231091617
2025-05-14,FMCG,0.007093739975001394,0.47895343580102057,47.89534358010206
2025-05-15,FMCG,0.004801549908892294,0.4860547045359469,48.60547045359469
2025-05-16,FMCG,0.004060231361216993,0.49208843045178785,49.20884304517878
2025-05-19,FMCG,0.0007222192265299821,0.49316604540394304,49.3166045403943
2025-05-20,FMCG,-0.01813868686802707,0.46608197406439067,46.60819740643907
2025-05-21,FMCG,0.0029532977212525825,0.47041175061756446,47.04117506175645
2025-05-22,FMCG,-0.010376336758898218,0.4551542631189154,45.51542631189154
2025-05-23,FMCG,0.008078248343435878,0.4669093606343995,46.69093606343995
2025-05-26,FMCG,0.006382036081658516,0.47627122910249065,47.627122910249064
2025-05-27,FMCG,-0.00020919560001906573,0.47596239965692755,47.59623996569275
2025-05-28,FMCG,0.0024020333338390506,0.47950771054039665,47.95077105403966
2025-05-29,FMCG,0.0032400128634518344,0.4843013345541236,48.43013345541236
2025-05-30,FMCG,-0.0052435716876284046,0.4765182941003465,47.65182941003465
2025-06-02,FMCG,0.006166155701581698,0.4856227357980032,48.56227357980032
2025-06-03,FMCG,-0.001741708231674835,0.4830352144499004,48.30352144499004
2025-06-04,FMCG,0.0015856433833225918,0.48538677942492714,48.53867794249271
2025-06-05,FMCG,-0.002014253956891261,0.48239483322695653,48.239483322695655
2025-06-06,FMCG,-4.238815934264143e-05,0.4823319972385569,48.23319972385569
2025-06-09,FMCG,0.0060245932938681225,0.4912624446484064,49.12624446484064
2025-06-10,FMCG,0.002400156012694198,0.4948417071714344,49.48417071714344
2025-06-11,FMCG,-0.0018673480761598994,0.4920503173853843,49.20503173853843
2025-06-12,FMCG,-0.01137272774883606,0.4750816353381959,47.50816353381959
2025-06-13,FMCG,-0.007630561195585629,0.4638259346512634,46.38259346512634
2025-06-16,FMCG,0.001997335280085408,0.4667496858344464,46.674968583444645
2025-06-17,FMCG,-0.0034477697065960653,0.46169267070046716,46.169267070046715
2025-06-18,FMCG,-0.0037721195027178365,0.45617899127033823,45.61789912703382
2025-06-19,FMCG,-0.006453884492215113,0.44678098026068924,44.67809802606892
2025-06-20,FMCG,0.0014695161055199694,0.4489070482123425,44.89070482123425
2025-06-23,FMCG,-0.00019093847443235937,0.44863039611096256,44.863039611096255
2025-06-24,FMCG,0.004609976899149267,0.45530854877243954,45.530854877243954
2025-06-25,FMCG,0.009064928830270188,0.4685008171931455,46.85008171931455
2025-06-26,FMCG,0.0060418985023151205,0.4773733500811934,47.737335008119345
2025-06-27,FMCG,-0.00013542375096405943,0.4771732786405509,47.71732786405509
2025-06-30,FMCG,-0.000951108742380952,0.47576832622122445,47.576832622122446
2025-07-01,FMCG,-0.007717946927200958,0.4643784246026048,46.437842460260484
2025-07-02,FMCG,-0.0008805180388797132,0.46308901298399596,46.3089012983996
2025-07-03,FMCG,0.0023009570533623854,0.46645551796811846,46.645551796811844
2025-07-04,FMCG,0.00467658337426549,0.47331351946254796,47.3313519462548
2025-07-07,FMCG,0.017279817143031586,0.498772107673217,49.8772107673217
2025-07-08,FMCG,-0.002220632309903502,0.4954438859057355,49.544388590573554
2025-07-09,FMCG,0.008532050262910517,0.5082030883056454,50.82030883056454
2025-07-10,FMCG,-0.004560381133839569,0.5013251073957377,50.13251073957377
2025-07-11,FMCG,0.0003063426549930356,0.501785027315145,50.1785027315145
2025-07-14,FMCG,-0.0003086707304312035,0.5013214702338129,50.13214702338129
2025-07-15,FMCG,0.006060481318921516,0.5104202009578609,51.042020095786086
2025-07-16,FMCG,0.003672442098304529,0.5159671316899881,51.59671316899881
2025-07-17,FMCG,0.0037531391408036564,0.5216567672681056,52.16567672681056
2025-07-18,FMCG,-0.004977801354395047,0.5140822621510741,51.40822621510741
2025-07-21,FMCG,-0.003083167660027305,0.5094140926857891,50.94140926857891
2025-07-22,FMCG,-0.001127869403776692,0.5077116707130194,50.77116707130194
2025-07-23,FMCG,-0.0026197286982400417,0.503761875180581,50.3761875180581
2025-07-24,FMCG,-0.009921771643930684,0.48884189324819016,48.88418932481902
2025-07-25,FMCG,-0.00976118474551716,0.47430903247132905,47.4309032471329
2025-07-28,FMCG,-0.002699142503643944,0.47032966229827955,47.032966229827956
2025-07-29,FMCG,0.004482351694756911,0.47692019695193366,47.692019695193366
2025-07-30,FMCG,0.004363178465837924,0.48336426335103555,48.33642633510355
2025-07-31,FMCG,0.009682853084561653,0.49772746158395265,49.772746158395265
2025-08-01,FMCG,0.007721360812446225,0.5092919557135516,50.92919557135516
2025-08-04,FMCG,-0.000531010328118903,0.5084905060969209,50.84905060969209
2025-08-05,FMCG,-0.006622639542918823,0.49850031722112575,49.850031722112575
2025-08-06,FMCG,-0.012778276365081912,0.4793520660345114,47.93520660345114
2025-08-07,FMCG,0.0026267053795850336,0.4832378880646644,48.32378880646644
2025-08-08,FMCG,-0.010560421137886375,0.4675742713190323,46.75742713190323
2025-08-11,FMCG,0.006937990935655692,0.47775628831084527,47.775628831084525
2025-08-12,FMCG,-0.0015310034000756995,0.475493838408958,47.5493838408958
2025-08-13,FMCG,-0.0037772971548338417,0.4699204597311608,46.99204597311608
2025-08-14,FMCG,-0.0001153080033637507,0.4697509661378456,46.97509661378456
2025-08-18,FMCG,0.017100779755529403,0.4948848537052455,49.48848537052455
2025-08-19,FMCG,0.009790908745742928,0.5095211348932667,50.95211348932666
2025-08-20,FMCG,0.021440384828325294,0.5418858489318688,54.18858489318688
2025-08-21,FMCG,-0.00819055791141116,0.5292569435934069,52.92569435934069
2025-08-22,FMCG,-0.004384324094049404,0.522552185529618,52.2552185529618
2025-08-25,FMCG,-0.001331604631791194,0.520524747987223,52.0524747987223
2025-08-26,FMCG,-0.0032609990513944504,0.515566318226415,51.5566318226415
2025-08-28,FMCG,-0.008877966974806244,0.5021111705050723,50.21111705050723
2025-08-29,FMCG,0.004470768994416524,0.5088267625523331,50.88267625523331
2025-09-01,FMCG,0.003501218260842435,0.5141094943658291,51.41094943658291
2025-09-02,FMCG,0.015923058374661563,0.5382187482302454,53.821874823024544
2025-09-03,FMCG,-0.002692204004343276,0.5340775495567041,53.407754955670406
2025-09-04,FMCG,0.005151796726428639,0.541980805254598,54.1980805254598
2025-09-05,FMCG,-0.011262289028328513,0.524614571749686,52.461457174968594
2025-09-08,FMCG,-0.00592408695646226,0.5155826224515514,51.55826224515514
2025-09-09,FMCG,-0.0015910013649359969,0.5131713284305577,51.31713284305577
2025-09-10,FMCG,0.005985570681464606,0.5222285223700445,52.222852237004446
2025-09-11,FMCG,0.0005632480332150841,0.5230859145913733,52.30859145913733
2025-09-12,FMCG,-0.004906807460995568,0.5156124252619192,51.56124252619192
2025-09-15,FMCG,0.0037654514410649146,0.5213193902527178,52.13193902527178
2025-09-16,FMCG,-0.0021903552212916093,0.5179871603830255,51.79871603830255
2025-09-17,FMCG,-0.00023305853457257416,0.5176333805199267,51.76333805199267
2025-09-18,FMCG,0.0001364241461489926,0.5178404223580313,51.78404223580313
2025-09-19,FMCG,-0.0033732838995636015,0.5127203156991842,51.27203156991842
2025-09-22,FMCG,-0.007318246016368722,0.5016498562749385,50.16498562749385
2025-09-23,FMCG,-0.011437063102614909,0.48447539211068946,48.44753921106894
2025-09-24,FMCG,-0.0026780352862270946,0.48049991462908115,48.04999146290812
2025-09-25,FMCG,-0.005189774342992883,0.4728164541573361,47.28164541573361
2025-09-26,FMCG,-0.01517953271682756,0.4504597886055728,45.04597886055728
2025-09-29,FMCG,-0.00035188715823557016,0.44994939043242543,44.994939043242546
2025-09-30,FMCG,0.0010067844271595978,0.45140917689888216,45.14091768988821
2025-10-01,FMCG,0.002800506618411789,0.4554738579048112,45.54738579048112
2025-10-03,FMCG,0.0023015769600183734,0.45882374300207385,45.88237430020739
2025-10-06,FMCG,0.000687499011050435,0.45982668288268447,45.98266828826845
2025-10-07,FMCG,-0.001575202428661839,0.4575271603463824,45.75271603463824
2025-10-08,FMCG,-0.007986574498592263,0.4458865110965544,44.588651109655444
2025-10-09,FMCG,0.0030829183725440607,0.4503440611862275,45.03440611862275
2025-10-10,FMCG,0.004113790483054165,0.45631047278228953,45.631047278228955
2025-10-13,FMCG,-0.007107713864911909,0.4459594346432785,44.595943464327846
2025-10-14,FMCG,-0.004427368963611988,0.4395576387196969,43.95576387196969
2025-10-15,FMCG,0.00815814653228853,0.45130176087804763,45.13017608780476
2025-10-16,FMCG,0.016622546970798693,0.47542609256704593,47.542609256704594
2025-10-17,FMCG,0.009976585749350172,0.4901458074963696,49.01458074963696
2025-10-20,FMCG,-0.0023354234586891944,0.4866656860206753,48.66656860206753
2025-10-21,FMCG,0.0038745708243442356,0.4924258775132846,49.24258775132846
2025-10-23,FMCG,0.001232519712611761,0.4942653218269315,49.42653218269315
2025-10-24,FMCG,-0.005568683103913178,0.48594423177651036,48.59442317765104
2025-10-27,FMCG,-0.0020804612731237008,0.4828527823482778,48.28527823482778
2025-10-28,FMCG,-0.0023475821741293238,0.47937166358957883,47.93716635895788
2025-10-29,FMCG,0.008262904769926735,0.4915955707651476,49.15955707651476
2025-10-30,FMCG,-0.005040477612504864,0.48407721668379455,48.40772166837945
2025-10-31,FMCG,-0.008525266925211298,0.47142506227394065,47.142506227394065
2025-11-03,FMCG,0.00663551374565098,0.4811887235003549,48.11887235003549
2025-11-04,FMCG,-0.0023122775660089096,0.47776380404397956,47.776380404397955
2025-11-06,FMCG,-0.003583938752719177,0.47246758907930064,47.246758907930065
2025-11-07,FMCG,-0.005774424140660232,0.46396493668658145,46.396493668658145
2025-11-10,FMCG,0.0029416700092407856,0.4682714384354125,46.82714384354125
2025-11-11,FMCG,0.0025210788238633664,0.4719730664665356,47.19730664665356
2025-11-12,FMCG,-0.0020920970486613642,0.46889355595847193,46.88935559584719
2025-11-13,FMCG,-0.004352573341567434,0.4625000890252069,46.25000890252069
2025-11-14,FMCG,0.006946984248704592,0.4726600541073942,47.26600541073942
2025-11-17,FMCG,0.005608537130195386,0.48091952270101124,48.091952270101125
2025-11-18,FMCG,-0.006288539527170012,0.4716067017459482,47.16067017459482
2025-11-19,FMCG,-0.0023976442802979116,0.468078312354659,46.807831235465905
2025-11-20,FMCG,0.0019040558678059798,0.47087361547969664,47.087361547969664
2025-11-21,FMCG,-0.005703891116186684,0.4624839125313287,46.24839125313287
2025-11-24,FMCG,-0.00591205991082273,0.45383762002182904,45.383762002182905
2025-11-25,FMCG,0.0015209794488958886,0.45604887716391396,45.604887716391396
2025-11-26,FMCG,0.007172346427101857,0.46649216412572625,46.64921641257263
2025-11-27,FMCG,-0.0036516361905596503,0.46113706826603273,46.11370682660328
2025-11-28,FMCG,0.0003977838326167219,0.461718284969026,46.1718284969026
2025-12-01,FMCG,-0.0030823579851622226,0.457212745941294,45.721274594129405
2025-12-02,FMCG,-0.0006660426554662408,0.4562421800944081,45.62421800944081
2025-12-03,FMCG,-0.007666514260297767,0.4450778786542673,44.50778786542673
2025-12-04,FMCG,0.004107476967963515,0.4510135027577531,45.10135027577531
2025-12-05,FMCG,0.0010503222204904942,0.45253753448193135,45.25375344819314
2025-12-08,FMCG,-0.014702289806433773,0.43118190669525536,43.11819066952553
2025-12-09,FMCG,-0.00027211390197813464,0.4307924622021839,43.079246220218394
2025-12-10,FMCG,0.005557462000387386,0.43874403694131314,43.87440369413132
2025-12-11,FMCG,0.0009959167113738703,0.4401769061710923,44.01769061710923
2025-12-12,FMCG,0.001125111395086975,0.44179726561916643,44.179726561916645
2025-12-15,FMCG,0.007616487330821999,0.4527786962263687,45.27786962263687
2025-12-16,FMCG,-1.6435567640063322e-05,0.45275481898384085,45.275481898384086
2025-12-17,FMCG,-0.00593737273781203,0.44412927212688125,44.412927212688125
2025-12-18,FMCG,-0.00029828465210102184,0.44369851052935605,44.3698510529356
2025-12-19,FMCG,0.0007990681151432715,0.444852123977,44.4852123977
2025-12-22,FMCG,0.005656143500863069,0.4530244149277407,45.30244149277407
2025-12-23,FMCG,0.0005244574304662389,0.4537864643787983,45.37864643787983
2025-12-24,FMCG,-0.0040219366091204314,0.44793942737586945,44.793942737586946
2025-12-26,FMCG,0.0027893066420072395,0.45197817443787325,45.19781744378732
2025-12-29,FMCG,0.0030257869128158922,0.4563715509957815,45.63715509957815
2025-12-30,FMCG,-0.001374376313860177,0.45436994843191303,45.4369948431913
2025-12-31,FMCG,0.007232120288568305,0.4648881268430516,46.48881268430516
2026-01-01,FMCG,-0.008265394115154354,0.4527802491400834,45.27802491400834
2026-01-02,FMCG,-0.0032510803835865687,0.44805714377044215,44.80571437704421
2026-01-05,FMCG,0.005266690877177649,0.45568361311916994,45.568361311916995
2026-01-06,FMCG,0.0013958542276397048,0.45771553524464825,45.77155352446483
2026-01-07,FMCG,0.0008708658363723162,0.45898500990344204,45.8985009903442
2026-01-08,FMCG,-0.014825145822991045,0.43735534437806556,43.73553443780656
2026-01-09,FMCG,-0.011574692807837779,0.4207183978111857,42.07183978111857
2026-01-12,FMCG,-0.001384388181409911,0.4187515720521442,41.87515720521442
2026-01-13,FMCG,0.0027275050627852764,0.42262122414775094,42.26212241477509
2026-01-14,FMCG,-0.007739318549567462,0.41161110531869594,41.161110531869596
2026-01-15,FMCG,0.0,0.41161110531869594,41.161110531869596
2026-01-16,FMCG,0.0016704011002832827,0.4139690620621923,41.39690620621923
2026-01-19,FMCG,-0.0003312356903161882,0.4135007050438344,41.35007050438344
2026-01-20,FMCG,-0.014009486285807279,0.3936982863015439,39.36982863015439
2026-01-21,FMCG,-0.008550185753130242,0.38178190706984627,38.17819070698463
2026-01-22,FMCG,0.016045977418368582,0.4039539483477992,40.39539483477992
2026-01-23,FMCG,-0.006951267880844279,0.39419468836046456,39.419468836046455
2026-01-27,FMCG,-0.0069776676141379765,0.3844664612356885,38.446646123568854
2026-01-28,FMCG,-0.00792132030264138,0.3734996589479762,37.34996589479762
2026-01-29,FMCG,-0.009266226364030072,0.36077250019724616,36.077250019724616
2026-01-30,FMCG,0.013018658285907491,0.37848793238217415,37.84879323821742
2026-02-02,FMCG,-0.008831842410670547,0.3663133441983637,36.63133441983637
2026-02-03,FMCG,0.007000066041953873,0.37587762784175505,37.5877627841755
2026-02-04,FMCG,-4.036939248722008e-05,0.3758220844977824,37.58220844977824
2026-02-05,FMCG,0.0013577647507094716,0.37769012722736117,37.769012722736115
2026-02-06,FMCG,0.007577618917610035,0.38812973799804373,38.812973799804375
2026-02-09,FMCG,0.013247418546632675,0.4065188736343315,40.65188736343315
2026-02-10,FMCG,0.007841910241831992,0.4175486683948144,41.754866839481444
2026-02-11,FMCG,0.002309951704286691,0.42082313735728216,42.08231373572821
2026-02-12,FMCG,-0.006791993931543734,0.41117291523055455,41.11729152305546
2026-02-13,FMCG,-0.014573947937871545,0.39060655463265004,39.06065546326501
2026-02-16,FMCG,0.0037191278793681096,0.39577839823921623,39.57783982392162
2026-02-17,FMCG,0.007446711416873364,0.4061723571728093,40.617235717280934
2026-02-18,FMCG,0.004555667330100795,0.4125784106408723,41.25784106408723
2026-02-19,FMCG,-0.014042139282226843,0.39274278785158656,39.27427878515866
2026-02-20,FMCG,0.004490542716347497,0.3989969588333191,39.89969588333191
2026-02-23,FMCG,0.00911858729204372,0.41175383472374416,41.17538347237441
2026-02-24,FMCG,0.003023239698370451,0.4160219049612077,41.60219049612077
2026-02-25,FMCG,0.0015681380771912173,0.4182424228285142,41.82424228285142
2026-02-26,FMCG,-0.0013528227408212494,0.4163237922269143,41.632379222691426
2026-02-27,FMCG,-0.013705114723972185,0.39691291216815316,39.691291216815316
2026-03-02,FMCG,-0.012631867929973447,0.37926729275197046,37.92672927519705
2026-03-04,FMCG,-0.009360857543492297,0.36635616811012106,36.635616811012106
2026-03-05,FMCG,0.007510687556306441,0.3766184423794283,37.66184423794283
2026-03-06,FMCG,0.0007809350719672906,0.37769349200179936,37.76934920017994
2026-03-09,FMCG,-0.01477862694765313,0.35733307383529533,35.733307383529535
2026-03-10,FMCG,0.009397885416298804,0.3700891345349522,37.00891345349522
2026-03-11,FMCG,-0.010915718708748778,0.35513362693645556,35.513362693645554
2026-03-12,FMCG,-0.018344153992211388,0.3302748470039094,33.02748470039094
2026-03-13,FMCG,-0.013563565669583074,0.3122315767579773,31.22315767579773
2026-03-16,FMCG,0.006536111169506737,0.3208084682238046,32.08084682238046
2026-03-17,FMCG,-0.008967848279049931,0.3089636582750892,30.89636582750892
2026-03-18,FMCG,0.0031043537324728903,0.3130271444933268,31.30271444933268
2026-03-19,FMCG,-0.02504519964711862,0.2801421175174055,28.014211751740547
2026-03-20,FMCG,0.0042932707851295,0.2856381142713569,28.56381142713569
2026-03-23,FMCG,-0.023441251269923795,0.2555011481925309,25.55011481925309
2026-03-24,FMCG,0.013930692554968534,0.27299114869041086,27.299114869041084
2026-03-25,FMCG,0.02442173734361845,0.3040798041644792,30.40798041644792
2026-03-27,FMCG,-0.02435765727498299,0.272315475235414,27.2315475235414
2026-03-30,FMCG,-0.015382315039988744,0.2527443177650899,25.274431776508987
2026-04-01,FMCG,0.01352722912115492,0.26969047718172323,26.969047718172323
2026-04-02,FMCG,-0.0005429134507135035,0.26900114514341844,26.900114514341844
2026-04-06,FMCG,0.005432358386924313,0.2758948141572548,27.58948141572548
2026-04-07,FMCG,0.0046048434750325645,0.28177011006705466,28.177011006705467
2026-04-08,FMCG,0.02051146056440586,0.30806108713232927,30.806108713232927
2026-04-09,FMCG,-0.004036645366687137,0.3027809084056128,30.278090840561276
2026-04-10,FMCG,0.012854999039811969,0.31952815573225224,31.952815573225223
2026-04-13,FMCG,-0.007565829932768351,0.3095448301144825,30.954483011448254
2026-04-15,FMCG,0.015137607817008536,0.3293682061715466,32.93682061715466
2026-04-16,FMCG,0.004245712094571585,0.3350123208426281,33.50123208426281
2026-04-17,FMCG,0.029711121589612553,0.37467703423081433,37.46770342308143
2026-04-20,FMCG,0.007030732812810336,0.3843420211623976,38.43420211623976
2026-04-21,FMCG,0.014000406949895383,0.4037233728165117,40.37233728165117
2026-04-22,FMCG,0.01732730503453231,0.42804611588140595,42.804611588140595
2026-04-23,FMCG,-0.0003750334619292874,0.42751055080277234,42.75105508027723
2026-04-24,FMCG,-0.010631694802661743,0.41233369429905764,41.233369429905764
2026-04-27,FMCG,0.010029779366778886,0.42649908964514505,42.6499089645145
2026-04-28,FMCG,-0.005691433435479894,0.4183802650306572,41.83802650306572
2026-04-29,FMCG,0.010594900104754652,0.43340786224921257,43.34078622492126
2026-04-30,FMCG,-0.010318701221473426,0.41861695479015215,41.86169547901522
2026-05-01,FMCG,0.0,0.41861695479015215,41.86169547901522
2026-05-04,FMCG,0.0072574529871952086,0.42891250064637965,42.891250064637966
2026-05-05,FMCG,0.005590324599621101,0.4369005853494492,43.69005853494492
2026-05-06,FMCG,-0.0023136859539346043,0.43357604864792587,43.357604864792584
2026-05-07,FMCG,-0.0015891336333364984,0.43129790473307383,43.12979047330738
2026-05-08,FMCG,0.0037578448239371054,0.436676500155887,43.6676500155887
2026-05-11,FMCG,-0.010267078787298697,0.421926029336926,42.192602933692605
2026-05-12,FMCG,-0.011564717333938164,0.4054818567378755,40.54818567378755
2023-05-12,FinServ,,,
2023-05-15,FinServ,0.004329543640522959,0.00432954364052307,0.43295436405230703
2023-05-16,FinServ,-0.0017270071378130414,0.0025950593499393104,0.25950593499393104
2023-05-17,FinServ,-0.006782808397918508,-0.004205350838331068,-0.4205350838331068
2023-05-18,FinServ,-0.0009303127709735223,-0.005131751317713262,-0.5131751317713262
2023-05-19,FinServ,-0.004685782086572198,-0.009793487135888235,-0.9793487135888235
2023-05-22,FinServ,0.01226858011423065,0.0023549407968179725,0.23549407968179725
2023-05-23,FinServ,0.0033816175509402764,0.0057445218568881184,0.5744521856888118
2023-05-24,FinServ,0.0007460597324363958,0.006494867345764099,0.6494867345764099
2023-05-25,FinServ,0.004285015953599606,0.010807713909556815,1.0807713909556815
2023-05-26,FinServ,0.0051978825121955395,0.016061773648879507,1.6061773648879507
2023-05-29,FinServ,0.016788750791107403,0.03312018155504104,3.312018155504104
2023-05-30,FinServ,0.0037456555441589138,0.036989893890865044,3.6989893890865044
2023-05-31,FinServ,0.003283404985586821,0.04039475167846951,4.039475167846951
2023-06-01,FinServ,0.008003179741167142,0.048721217877919054,4.872121787791905
2023-06-02,FinServ,0.002291089203536659,0.05112393173771901,5.112393173771901
2023-06-05,FinServ,0.004928827013746003,0.05630473976726269,5.630473976726269
2023-06-06,FinServ,0.008392578111888982,0.06516985980571799,6.516985980571799
2023-06-07,FinServ,0.011816016399795565,0.07775592433775036,7.775592433775036
2023-06-08,FinServ,-0.003924489664065071,0.07352628235230196,7.352628235230196
2023-06-09,FinServ,-0.003279882639266292,0.07000524213601866,7.000524213601866
2023-06-12,FinServ,0.009626018487165027,0.0803051323781836,8.03051323781836
2023-06-13,FinServ,0.011089372722889883,0.09228503864557602,9.228503864557602
2023-06-14,FinServ,-0.0008073550056639789,0.0914031768520136,9.14031768520136
2023-06-15,FinServ,-0.003721594872848458,0.0873414163848305,8.73414163848305
2023-06-16,FinServ,0.022478259874458832,0.11178295931459092,11.178295931459093
2023-06-19,FinServ,0.01242425641242305,0.12559603587607793,12.559603587607793
2023-06-20,FinServ,0.010581671638161693,0.13750672352493498,13.750672352493499
2023-06-21,FinServ,0.01877569558389095,0.15886420349046837,15.886420349046837
2023-06-22,FinServ,-0.016141920011071467,0.14015791021403112,14.015791021403112
2023-06-23,FinServ,-0.010129769607693675,0.12860837326717345,12.860837326717345
2023-06-26,FinServ,0.00739987665542123,0.13695993602162626,13.695993602162627
2023-06-27,FinServ,0.019483624195394393,0.15911203614029135,15.911203614029134
2023-06-28,FinServ,0.010130722817015636,0.1708546788922951,17.085467889229513
2023-06-30,FinServ,0.007283259414251143,0.1793823172550575,17.938231725505748
2023-07-03,FinServ,0.008823322786369782,0.18978838812873566,18.978838812873565
2023-07-04,FinServ,0.006045108652489341,0.196980788208444,19.6980788208444
2023-07-05,FinServ,0.007795756746806484,0.20631215926391788,20.63121592639179
2023-07-06,FinServ,-0.0034714102911043913,0.2021245548199646,20.21245548199646
2023-07-07,FinServ,-0.009613490286559626,0.1905679420889681,19.05679420889681
2023-07-10,FinServ,0.002858881921566125,0.19397163525500227,19.397163525500225
2023-07-11,FinServ,0.005035539216628471,0.1999839262478711,19.998392624787108
2023-07-12,FinServ,0.0038625455162429353,0.2046189187817633,20.46189187817633
2023-07-13,FinServ,-0.0036295536840587235,0.20024668974721216,20.024668974721216
2023-07-14,FinServ,0.0012384170145831714,0.20173309566949227,20.17330956694923
2023-07-17,FinServ,-0.0037058528449280463,0.19727964965806133,19.727964965806134
2023-07-18,FinServ,-0.011785699671876178,0.18316887128394232,18.31688712839423
2023-07-19,FinServ,0.007825391639205306,0.19242763107705563,19.242763107705564
2023-07-20,FinServ,0.004096382837034466,0.1973122711594053,19.73122711594053
2023-07-21,FinServ,0.0019135558417084043,0.1996033950502316,19.96033950502316
2023-07-24,FinServ,0.012483588476859358,0.21457875016948202,21.4578750169482
2023-07-25,FinServ,0.003091415795523604,0.2183335181026631,21.83335181026631
2023-07-26,FinServ,0.00177569920951943,0.22049691196768917,22.04969119676892
2023-07-27,FinServ,0.0015561799764965498,0.222396224823469,22.2396224823469
2023-07-28,FinServ,0.002147144809649866,0.2250208865329344,22.50208865329344
2023-07-31,FinServ,0.007985805241315133,0.23480366474932945,23.480366474932946
2023-08-01,FinServ,-0.008096459406000076,0.22480612700330638,22.48061270033064
2023-08-02,FinServ,-0.014099692874627662,0.20753673678159767,20.753673678159767
2023-08-03,FinServ,-0.0016801769245808837,0.20550786142087363,20.55078614208736
2023-08-04,FinServ,0.011669397479229559,0.21957541182012963,21.957541182012964
2023-08-07,FinServ,0.018828176716942584,0.24253779319351687,24.253779319351686
2023-08-08,FinServ,0.012124916344353514,0.257603459990686,25.7603459990686
2023-08-09,FinServ,-0.003484379478283003,0.2532214923028768,25.322149230287682
2023-08-10,FinServ,-8.984642170647837e-05,0.2531088948361877,25.31088948361877
2023-08-11,FinServ,-0.0046315965747125475,0.24730499997112254,24.730499997112254
2023-08-14,FinServ,-0.003298416520346266,0.2431908685533073,24.31908685533073
2023-08-16,FinServ,-0.005904674781425709,0.23585023078326173,23.585023078326174
2023-08-17,FinServ,0.005649922392473428,0.24283268867590757,24.283268867590756
2023-08-18,FinServ,-0.008259082038094346,0.23256803154050787,23.256803154050786
2023-08-21,FinServ,0.012304625616643203,0.24773431971565674,24.773431971565675
2023-08-22,FinServ,0.0073251703605245145,0.2568741861722472,25.687418617224722
2023-08-23,FinServ,0.003963768136479012,0.26185614402295987,26.185614402295986
2023-08-24,FinServ,-0.0004777363532999395,0.2612533094703251,26.12533094703251
2023-08-25,FinServ,-0.0049568144321800135,0.2550015108633079,25.500151086330792
2023-08-28,FinServ,0.0064338500577271664,0.2630760024064236,26.30760024064236
2023-08-29,FinServ,0.0040811054760903605,0.2682307487965627,26.82307487965627
2023-08-30,FinServ,0.00699053168616586,0.2770963560313948,27.709635603139482
2023-08-31,FinServ,0.002948716587420703,0.280862151240159,28.0862151240159
2023-09-01,FinServ,0.004944875001890302,0.287195854472694,28.719585447269402
2023-09-04,FinServ,0.0020097459134189063,0.28978279108099025,28.978279108099024
2023-09-05,FinServ,-0.0059606522022698635,0.2820948444468836,28.20948444468836
2023-09-06,FinServ,-0.0038330388367662054,0.2771805251157009,27.71805251157009
2023-09-07,FinServ,0.009354721929474502,0.2891281937818986,28.91281937818986
2023-09-08,FinServ,0.01754537437770301,0.31174643056265405,31.174643056265406
2023-09-11,FinServ,0.010582113720527595,0.3256274804633641,32.56274804633641
2023-09-12,FinServ,-0.036198564798376985,0.27764166821330183,27.764166821330182
2023-09-13,FinServ,0.004004455991056962,0.28275792804600264,28.275792804600265
2023-09-14,FinServ,0.011270041941323668,0.29721466369564653,29.721466369564652
2023-09-15,FinServ,0.00590934593330606,0.30488035389318147,30.488035389318146
2023-09-18,FinServ,0.004078632592941757,0.3102024814344597,31.020248143445972
2023-09-20,FinServ,-0.007109050028798907,0.3008881864460857,30.088818644608573
2023-09-21,FinServ,-0.00945160382784113,0.2885927066834786,28.859270668347857
2023-09-22,FinServ,0.005975539647392374,0.2962927434916063,29.629274349160628
2023-09-25,FinServ,0.0029682488600104875,0.3001404629497151,30.014046294971507
2023-09-26,FinServ,-0.003410340040768316,0.29570654187029466,29.570654187029465
2023-09-27,FinServ,0.017564340901511523,0.3184647732800232,31.846477328002322
2023-09-28,FinServ,-0.015157427640439697,0.2984802388825625,29.848023888256247
2023-09-29,FinServ,0.011926048347933876,0.3139659769903127,31.39659769903127
2023-10-03,FinServ,0.006581928160547584,0.3226144066562666,32.261440665626665
2023-10-04,FinServ,-0.02060018843978156,0.29536830064597774,29.536830064597773
2023-10-05,FinServ,0.005129166552311911,0.30201246040657614,30.201246040657615
2023-10-06,FinServ,0.013828763346101397,0.3200176825952139,32.00176825952139
2023-10-09,FinServ,-0.01599727032970839,0.29890100288674293,29.890100288674294
2023-10-10,FinServ,0.017607494254646753,0.3217713948324261,32.17713948324261
2023-10-11,FinServ,0.004732487300684307,0.32802666117287815,32.802666117287814
2023-10-12,FinServ,0.0021467229117478484,0.33087756643382993,33.087756643382995
2023-10-13,FinServ,-0.0007523137568064932,0.3298763289319766,32.98763289319766
2023-10-16,FinServ,0.0004943626724299126,0.3305337701479487,33.05337701479487
2023-10-17,FinServ,0.010553691618732354,0.3445758132463994,34.45758132463994
2023-10-18,FinServ,-0.0063626150664028115,0.3360207949191172,33.60207949191172
2023-10-19,FinServ,0.001441446839471105,0.3379465978714209,33.79465978714209
2023-10-20,FinServ,-0.0002266450712347861,0.33764335886943786,33.76433588694378
2023-10-23,FinServ,-0.024610604663572087,0.3047231469834495,30.47231469834495
2023-10-25,FinServ,-0.006811400311576618,0.29583615533356533,29.583615533356532
2023-10-26,FinServ,-0.012556669354529587,0.2795647691933969,27.95647691933969
2023-10-27,FinServ,0.02743681318416263,0.31467194872279247,31.467194872279247
2023-10-30,FinServ,0.00035971223370513455,0.31514485230605693,31.514485230605693
2023-10-31,FinServ,0.01059960660196275,0.3290848703650975,32.90848703650975
2023-11-01,FinServ,-0.00018494821285968367,0.32883905849358475,32.88390584935848
2023-11-02,FinServ,0.01060879792359011,0.3429364435381168,34.29364435381168
2023-11-03,FinServ,0.007887906989061218,0.3535294012969661,35.352940129696606
2023-11-06,FinServ,0.0013858872787838067,0.35540524047568334,35.54052404756833
2023-11-07,FinServ,0.002794601247075984,0.35919305765101006,35.91930576510101
2023-11-08,FinServ,0.006027334277457772,0.3673853685570725,36.73853685570725
2023-11-09,FinServ,0.002063123510084466,0.3702064534582883,37.020645345828825
2023-11-10,FinServ,0.0035950633370004604,0.3751324324432377,37.51324324432377
2023-11-13,FinServ,0.014645209106826925,0.39527153446594854,39.52715344659485
2023-11-15,FinServ,0.024624922228951858,0.4296299874904428,42.96299874904428
2023-11-16,FinServ,0.002439591957210476,0.4331177013097114,43.31177013097114
2023-11-17,FinServ,0.0019139510614807984,0.43586061845535995,43.586061845535994
2023-11-20,FinServ,-0.0020540489245286157,0.43291129049624866,43.291129049624864
2023-11-21,FinServ,0.001069168137368541,0.4344433135917227,43.444331359172274
2023-11-22,FinServ,-0.003160304200234843,0.42991003636278013,42.991003636278016
2023-11-23,FinServ,-0.002843665292163026,0.4258438508214597,42.58438508214597
2023-11-24,FinServ,-0.006686930387898793,0.41630933224700306,41.63093322470031
2023-11-28,FinServ,0.01109530462279284,0.43202371572838794,43.20237157283879
2023-11-29,FinServ,0.01608452076654196,0.45505713092220157,45.505713092220155
2023-11-30,FinServ,0.01818001786144722,0.48151009555179347,48.15100955517935
2023-12-01,FinServ,0.008463990049670297,0.49404958225903006,49.40495822590301
2023-12-04,FinServ,0.0141555348076608,0.5151986531250687,51.51986531250687
2023-12-05,FinServ,-0.006521261642652613,0.5053176462674454,50.53176462674453
2023-12-06,FinServ,0.004358130572300804,0.5118780171226673,51.18780171226673
2023-12-07,FinServ,0.0008818948180149628,0.5132113345114384,51.321133451143844
2023-12-08,FinServ,-8.878620883349295e-06,0.5131978992816828,51.31978992816828
2023-12-11,FinServ,0.00013446272392213463,0.5134013679930536,51.340136799305355
2023-12-12,FinServ,0.005281353017384386,0.5213941748744173,52.13941748744173
2023-12-13,FinServ,0.007719501320319429,0.5331385792160868,53.31385792160867
2023-12-14,FinServ,0.020526504239577043,0.5646085547622248,56.460855476222484
2023-12-15,FinServ,-0.003242313159963156,0.5595356038549284,55.95356038549284
2023-12-18,FinServ,0.0070974061485759255,0.5706042614386515,57.06042614386515
2023-12-19,FinServ,-0.0006585589392864811,0.5695699259621996,56.956992596219955
2023-12-20,FinServ,-0.03293056181987503,0.5178831064846845,51.78831064846845
2023-12-21,FinServ,0.01051960919663347,0.5338506435710755,53.385064357107545
2023-12-22,FinServ,0.0038839688713900164,0.5398080717240672,53.98080717240672
2023-12-26,FinServ,-0.0019272961390448071,0.5368404055725633,53.68404055725633
2023-12-27,FinServ,0.004272695277915201,0.5434068563163625,54.340685631636255
2023-12-28,FinServ,0.0009782144738780018,0.5449166392422937,54.49166392422937
2023-12-29,FinServ,0.005554416333856987,0.5534977494577487,55.34977494577487
2024-01-01,FinServ,-0.033097390311101635,0.5020810280965275,50.20810280965276
2024-01-02,FinServ,-0.006587282935320831,0.49218639537267816,49.21863953726782
2024-01-03,FinServ,0.0046678949069066085,0.49915176464779365,49.915176464779364
2024-01-04,FinServ,0.02414458010447739,0.5353481545181007,53.53481545181007
2024-01-05,FinServ,0.0018945905076819785,0.5382570105576376,53.825701055763766
2024-01-08,FinServ,-0.0002064877038081617,0.5379393793996607,53.79393793996607
2024-01-09,FinServ,-0.0010443527499823743,0.5363332281794786,53.63332281794786
2024-01-10,FinServ,-0.005556882004065759,0.5277960057115598,52.77960057115598
2024-01-11,FinServ,0.015355027018626215,0.55125535465821,55.125535465820995
2024-01-12,FinServ,0.0010939290869574085,0.5529523180119689,55.295231801196884
2024-01-15,FinServ,-0.003057475007878738,0.5482042051112199,54.820420511121995
2024-01-16,FinServ,-0.011344814839564054,0.5306401150703988,53.06401150703988
2024-01-17,FinServ,-0.005537496778108115,0.5221642003647533,52.21642003647533
2024-01-18,FinServ,-0.006638409551393095,0.5120594509982634,51.205945099826344
2024-01-19,FinServ,0.02363260123965419,0.5477933490543558,54.77933490543558
2024-01-23,FinServ,-0.037984480641165004,0.4890012225506768,48.90012225506768
2024-01-24,FinServ,0.026651121026828067,0.5286847743419698,52.86847743419698
2024-01-25,FinServ,0.0022087048376955823,0.5320611877983705,53.206118779837055
2024-01-29,FinServ,0.015503947962824931,0.5558141847298603,55.58141847298603
2024-01-30,FinServ,-0.0006848532717365483,0.5547486802952339,55.47486802952339
2024-01-31,FinServ,0.011035785397671402,0.571906553078285,57.1906553078285
2024-02-01,FinServ,-0.0026833652172281175,0.5676885537090217,56.76885537090217
2024-02-02,FinServ,0.0034741602497548054,0.5731349549663132,57.31349549663132
2024-02-05,FinServ,-0.01015091979809217,0.5571661882068748,55.71661882068748
2024-02-06,FinServ,0.016568134084537927,0.5829655264049949,58.296552640499485
2024-02-07,FinServ,0.016259826810316465,0.6087042717110416,60.870427171104154
2024-02-08,FinServ,-0.010485061353500597,0.5918369087225128,59.18369087225128
2024-02-09,FinServ,-0.01070365819969456,0.5747984305418887,57.479843054188876
2024-02-12,FinServ,-0.028287301237800478,0.5302516329483349,53.02516329483349
2024-02-13,FinServ,0.014489097729246418,0.5524235984084622,55.24235984084622
2024-02-14,FinServ,0.009229863139433483,0.566752255756199,56.675225575619905
2024-02-15,FinServ,0.002294791205686214,0.5703476250541974,57.03476250541974
2024-02-16,FinServ,0.003010333358139541,0.5750748948937732,57.50748948937732
2024-02-19,FinServ,-0.005639194033909398,0.5661927419435278,56.619274194352776
2024-02-20,FinServ,-0.001191185203974163,0.5643271163227528,56.43271163227528
2024-02-21,FinServ,-0.014987425547205476,0.540881880135391,54.088188013539096
2024-02-22,FinServ,0.003433572519077844,0.546172609814169,54.617260981416905
2024-02-23,FinServ,0.004648026608723362,0.5533592612462646,55.335926124626454
2024-02-26,FinServ,-0.0002970340823167091,0.5528978606035921,55.28978606035921
2024-02-27,FinServ,-0.006131505773186874,0.5433762584061317,54.33762584061317
2024-02-28,FinServ,-0.020586407255167454,0.5116036862026265,51.16036862026265
2024-02-29,FinServ,0.010711283622871758,0.5277949020109214,52.77949020109214
2024-03-01,FinServ,0.009927065929582988,0.5429614227300645,54.29614227300645
2024-03-04,FinServ,0.008160106659553315,0.555552152511118,55.555215251111804
2024-03-05,FinServ,-0.006208190559810373,0.5458949883226059,54.58949883226059
2024-03-06,FinServ,-0.010357138689222552,0.5298839395295747,52.988393952957466
2024-03-07,FinServ,0.005595236036477672,0.538444001279659,53.8444001279659
2024-03-11,FinServ,0.0010029324209951162,0.5399869566464277,53.99869566464277
2024-03-12,FinServ,-0.00807636872726887,0.5275494541493664,52.754945414936635
2024-03-13,FinServ,-0.0404331976335036,0.46578574517479443,46.578574517479446
2024-03-14,FinServ,0.017826223341347768,0.49191516923884415,49.191516923884414
2024-03-15,FinServ,-0.00807294433608754,0.4798710211234143,47.98710211234143
2024-03-18,FinServ,-0.004365650105173535,0.47341042204440353,47.341042204440356
2024-03-19,FinServ,-0.009175409950082177,0.45989127739742264,45.989127739742266
2024-03-20,FinServ,0.006865145012123524,0.4699136427186903,46.99136427186903
2024-03-21,FinServ,0.025836717383288438,0.5078913860834533,50.78913860834533
2024-03-22,FinServ,0.010472499541524205,0.5236827779328805,52.36827779328805
2024-03-26,FinServ,0.009061944171163969,0.5374903062010723,53.74903062010723
2024-03-27,FinServ,0.003263148271330726,0.5425073650359402,54.25073650359402
2024-03-28,FinServ,0.010737690934531252,0.5590703323859341,55.90703323859341
2024-04-01,FinServ,0.026748785417819974,0.6007735701582146,60.07735701582146
2024-04-02,FinServ,0.009848888880481563,0.6165394111735145,61.65394111735145
2024-04-03,FinServ,0.016741680777263398,0.6436029979592468,64.36029979592467
2024-04-04,FinServ,-0.004449394108081697,0.6362899604641017,63.628996046410165
2024-04-05,FinServ,0.0048474634546889816,0.6442218162487257,64.42218162487256
2024-04-08,FinServ,0.005222857784439474,0.6528093529610657,65.28093529610656
2024-04-09,FinServ,0.0042123283191970685,0.6597715286047774,65.97715286047774
2024-04-10,FinServ,-0.002126755020323679,0.6562416011737269,65.62416011737268
2024-04-12,FinServ,-0.00670346482103754,0.6451390438651199,64.513904386512
2024-04-15,FinServ,-0.022332162971566143,0.6083995306266374,60.839953062663746
2024-04-16,FinServ,-0.002391557928026881,0.6045529499777325,60.455294997773244
2024-04-18,FinServ,-0.00017137186127753963,0.6042779747521763,60.42779747521762
2024-04-19,FinServ,-0.00018846635717836117,0.6039756223263733,60.39756223263733
2024-04-22,FinServ,0.013964636196718125,0.6263745583605655,62.63745583605655
2024-04-23,FinServ,-0.00224360131601438,0.6227256222610955,62.27256222610955
2024-04-24,FinServ,0.008311917884323587,0.6362135843821177,63.62135843821177
2024-04-25,FinServ,0.002737566214599588,0.6406928274105912,64.06928274105911
2024-04-26,FinServ,-0.0033455855632072633,0.6352037491735485,63.52037491735485
2024-04-29,FinServ,0.0032747404189502264,0.6405586169841859,64.0558616984186
2024-04-30,FinServ,0.01535525196513619,0.6657498079115534,66.57498079115534
2024-05-02,FinServ,0.021599865212572077,0.701729779240311,70.1729779240311
2024-05-03,FinServ,-0.005157892260940024,0.6929524403817562,69.29524403817562
2024-05-06,FinServ,-0.02039269753998848,0.6584285733154656,65.84285733154655
2024-05-07,FinServ,-0.011447346963401456,0.6394439660227045,63.944396602270444
2024-05-08,FinServ,0.0011591893243836594,0.6413443919660431,64.1344391966043
2024-05-09,FinServ,-0.036617000865511916,0.5812432829448193,58.12432829448193
2024-05-10,FinServ,0.014582497754391261,0.6043017595675086,60.430175956750865
2024-05-13,FinServ,0.006956520985960341,0.6154621184257532,61.54621184257532
2024-05-14,FinServ,0.00995991064612623,0.6315519767774755,63.15519767774755
2024-05-15,FinServ,0.0019288547266890104,0.6346990035197213,63.46990035197213
2024-05-16,FinServ,0.01783777953427067,0.663858403949398,66.3858403949398
2024-05-17,FinServ,0.0002292962691584866,0.6642399204738316,66.42399204738317
2024-05-21,FinServ,-0.005582981520497421,0.6549484997521522,65.49484997521522
2024-05-22,FinServ,-0.00837636927438644,0.6410860399881364,64.10860399881363
2024-05-23,FinServ,0.008645872644381348,0.6552746608883462,65.52746608883461
2024-05-24,FinServ,0.0004463928171632524,0.6560135636073989,65.6013563607399
2024-05-27,FinServ,-0.0016675587033836308,0.653252063776484,65.3252063776484
2024-05-28,FinServ,0.002268876058189104,0.6570030878021382,65.70030878021382
2024-05-29,FinServ,-0.012310337130080246,0.63660482116571,63.660482116571
2024-05-30,FinServ,-0.018532808920952503,0.6062739367359362,60.62739367359362
2024-05-31,FinServ,0.0024865812252877996,0.610268067349693,61.0268067349693
2024-06-03,FinServ,0.03836931002944086,0.6720529420563419,67.20529420563419
2024-06-04,FinServ,-0.09004615569735491,0.5214910025017163,52.14910025017163
2024-06-05,FinServ,0.05183254666900167,0.6003537558953527,60.03537558953526
2024-06-06,FinServ,0.03036947517208487,0.6489556595515693,64.89556595515693
2024-06-07,FinServ,0.018757669990207337,0.6798862256419222,67.98862256419223
2024-06-10,FinServ,0.006994559373380011,0.691636289587698,69.16362895876979
2024-06-11,FinServ,0.007220499894072871,0.7038507492374757,70.38507492374757
2024-06-12,FinServ,0.01008569651696775,0.7210352708044931,72.10352708044931
2024-06-13,FinServ,0.011933546258853199,0.7415733248217566,74.15733248217566
2024-06-14,FinServ,0.010248983454256844,0.7594226810122302,75.94226810122302
2024-06-18,FinServ,0.009259352988488479,0.7757137966716754,77.57137966716753
2024-06-19,FinServ,-0.005570994002917624,0.7658213057595193,76.58213057595194
2024-06-20,FinServ,-0.0024565379649962014,0.7614834986825219,76.14834986825218
2024-06-21,FinServ,-0.0039222861571171115,0.7545744563396493,75.45744563396492
2024-06-24,FinServ,0.0053511762391093825,0.7639634934801622,76.39634934801623
2024-06-25,FinServ,0.0038471893189115634,0.7707497949912292,77.07497949912292
2024-06-26,FinServ,-0.0012619212081686102,0.7685152482705695,76.85152482705695
2024-06-27,FinServ,0.006588096220626581,0.7801663968938213,78.01663968938213
2024-06-28,FinServ,-0.0005922977909940061,0.7791120082693392,77.91120082693392
2024-07-01,FinServ,0.011688427020394888,0.7999070291391037,79.99070291391037
2024-07-02,FinServ,-0.02171570193251829,0.7608207845880746,76.08207845880746
2024-07-03,FinServ,0.014054364984456055,0.7855680025668916,78.55680025668916
2024-07-04,FinServ,-0.0026415683548564987,0.7808513026358666,78.08513026358665
2024-07-05,FinServ,0.005786819874331635,0.7911567683471892,79.11567683471891
2024-07-08,FinServ,-0.0024530105757770647,0.7867630418515588,78.67630418515587
2024-07-09,FinServ,-0.0008004851957113564,0.7853327644883124,78.53327644883123
2024-07-10,FinServ,0.005519570362746587,0.7951870343028227,79.51870343028227
2024-07-11,FinServ,0.0028689578728021926,0.8003373502780384,80.03373502780384
2024-07-12,FinServ,0.0009311129718837402,0.8020136677386489,80.20136677386489
2024-07-15,FinServ,0.016343563489419722,0.8314649925261377,83.14649925261376
2024-07-16,FinServ,-0.0010504807346273003,0.8295410738353446,82.95410738353446
2024-07-18,FinServ,0.0036682277418928987,0.8362522471573199,83.62522471573199
2024-07-19,FinServ,-0.021248446985831386,0.7972347386309839,79.72347386309839
2024-07-22,FinServ,0.0010582741400801078,0.7991367056785308,79.91367056785307
2024-07-23,FinServ,-0.013409414957082255,0.7750113350275694,77.50113350275694
2024-07-24,FinServ,0.013339845193607817,0.7986897114537361,79.8689711453736
2024-07-25,FinServ,-0.004554323431679847,0.7904978967545409,79.04978967545408
2024-07-26,FinServ,0.027050666418497703,0.8389320580826698,83.89320580826698
2024-07-29,FinServ,0.009011194401864854,0.8555030323498742,85.55030323498742
2024-07-30,FinServ,-0.0005818921104051986,0.854423329774517,85.4423329774517
2024-07-31,FinServ,0.006159800931363842,0.8658462083284051,86.58462083284051
2024-08-01,FinServ,-0.004745059243905769,0.8569926575298699,85.69926575298699
2024-08-02,FinServ,-0.005053642211496442,0.847608081049338,84.7608081049338
2024-08-05,FinServ,-0.04056261303356578,0.7726642694200447,77.26642694200447
2024-08-06,FinServ,-0.02090831127227154,0.7356008530937765,73.56008530937765
2024-08-07,FinServ,0.024600305797765825,0.7782971648227466,77.82971648227466
2024-08-08,FinServ,0.0011142720527496973,0.7802786716549925,78.02786716549926
2024-08-09,FinServ,0.006918420359140388,0.7925953878619139,79.25953878619138
2024-08-12,FinServ,-0.0030771172613735785,0.7870793616512652,78.70793616512653
2024-08-13,FinServ,-0.0177194054453747,0.7554133778791052,75.54133778791052
2024-08-14,FinServ,0.00019843047389722646,0.7557617053875632,75.57617053875632
2024-08-16,FinServ,0.020133041188800688,0.79111052811985,79.111052811985
2024-08-19,FinServ,0.0097903607754704,0.8086461463788865,80.86461463788865
2024-08-20,FinServ,0.03945645943397232,0.8800089196838956,88.00089196838957
2024-08-21,FinServ,0.007333497716694115,0.893795960803762,89.3795960803762
2024-08-22,FinServ,0.002439988918531062,0.8984168019620822,89.84168019620822
2024-08-23,FinServ,-0.006505586207949896,0.8860664877982971,88.60664877982971
2024-08-26,FinServ,0.018500775790076408,0.9209601810142303,92.09601810142303
2024-08-27,FinServ,0.017375914616104028,0.9543386211004694,95.43386211004695
2024-08-28,FinServ,9.419999389072651e-05,0.9545227197866377,95.45227197866377
2024-08-29,FinServ,0.002127634160343158,0.9586812290924225,95.86812290924225
2024-08-30,FinServ,0.0013377110839415747,0.9613013786824878,96.13013786824878
2024-09-02,FinServ,0.012223042792066144,0.9852744493622623,98.52744493622623
2024-09-03,FinServ,0.01730487910326668,1.0196293836952806,101.96293836952806
2024-09-04,FinServ,0.0026612044822552114,1.0250040304636645,102.50040304636644
2024-09-05,FinServ,0.002058402676388606,1.0291723041796685,102.91723041796685
2024-09-06,FinServ,-0.01343531517596221,1.0019097347266812,100.19097347266812
2024-09-09,FinServ,-0.004220977457627389,0.9934597188641952,99.34597188641952
2024-09-10,FinServ,-0.01238467240111253,0.9687713733012482,96.87713733012482
2024-09-11,FinServ,-0.0034337151565085704,0.9620111731970435,96.20111731970435
2024-09-12,FinServ,0.017033361740535276,0.9954308192490811,99.54308192490811
2024-09-13,FinServ,0.007725182512632468,1.0108458865191121,101.08458865191122
2024-09-16,FinServ,-0.0053792492787594695,1.0000290452343576,100.00290452343576
2024-09-17,FinServ,-0.008132431273980001,0.9837639464780255,98.37639464780254
2024-09-18,FinServ,0.011465972534905644,1.0065097294040783,100.65097294040784
2024-09-19,FinServ,-0.010608073061341653,0.985224527596267,98.5224527596267
2024-09-20,FinServ,0.009201584593172954,1.003491739023386,100.34917390233859
2024-09-23,FinServ,0.012978273280696655,1.0294936023280497,102.94936023280496
2024-09-24,FinServ,-0.01150858354236631,1.0061370056569592,100.61370056569592
2024-09-25,FinServ,0.002635884178307787,1.0114249504496882,101.14249504496881
2024-09-26,FinServ,0.005059240205574215,1.0216012324294983,102.16012324294982
2024-09-27,FinServ,0.002382943405778931,1.0264185937554307,102.64185937554306
2024-09-30,FinServ,-0.011362149078320637,1.0033941235981003,100.33941235981003
2024-10-01,FinServ,-0.0015205850761517382,1.0003477923921071,100.0347792392107
2024-10-03,FinServ,-0.021463197656880956,0.9574139323414899,95.74139323414899
2024-10-04,FinServ,-0.01377167339167742,0.9304570669729639,93.0457066972964
2024-10-07,FinServ,-0.02825011885283371,0.8759214253906851,87.5921425390685
2024-10-08,FinServ,0.013620629207425046,0.9014726555481958,90.14726555481958
2024-10-09,FinServ,0.015148658678673368,0.930277415793926,93.0277415793926
2024-10-10,FinServ,-0.004712830156705387,0.9211803461779648,92.11803461779648
2024-10-11,FinServ,0.0021772836402911104,0.9253633007157469,92.5363300715747
2024-10-14,FinServ,0.0035589517788212036,0.9322155758597064,93.22155758597064
2024-10-15,FinServ,0.013547565144323145,0.9583923922465416,95.83923922465416
2024-10-16,FinServ,0.0072038726581583265,0.9725004016549916,97.25004016549916
2024-10-17,FinServ,-0.01712043414162485,0.9387303384341288,93.87303384341288
2024-10-18,FinServ,0.0024541657112388568,0.9434883039540525,94.34883039540524
2024-10-21,FinServ,-0.017537918660294406,0.9094035641620728,90.94035641620728
2024-10-22,FinServ,-0.031556320675080615,0.8491498129932324,84.91498129932324
2024-10-23,FinServ,0.011882614229877412,0.8711225468742809,87.11225468742809
2024-10-24,FinServ,-0.0033938616613022362,0.864772215798846,86.4772215798846
2024-10-25,FinServ,-0.0282569954028848,0.8120793558695907,81.20793558695907
2024-10-28,FinServ,0.01678143062102679,0.8424886398599112,84.24886398599112
2024-10-29,FinServ,0.02601168817207242,0.8904148798205331,89.04148798205331
2024-10-30,FinServ,0.0008902169808174879,0.8920977592473396,89.20977592473396
2024-10-31,FinServ,-0.00836522366729927,0.8762699382908397,87.62699382908397
2024-11-01,FinServ,0.009285228043262822,0.893691532538589,89.3691532538589
2024-11-04,FinServ,-0.020354326301324832,0.8551467171712426,85.51467171712426
2024-11-05,FinServ,0.010770537163890332,0.8751276438330047,87.51276438330046
2024-11-06,FinServ,0.00610809222596222,0.8865810964169878,88.65810964169879
2024-11-07,FinServ,-0.01386985952637808,0.8604144816245638,86.04144816245638
2024-11-08,FinServ,-0.00797406595020711,0.8455794138533692,84.55794138533692
2024-11-11,FinServ,-0.001642392993611551,0.8425482471549026,84.25482471549026
2024-11-12,FinServ,-0.012816532089429502,0.8189331684189198,81.89331684189199
2024-11-13,FinServ,-0.023087060140006842,0.7769393489689791,77.69393489689791
2024-11-14,FinServ,0.001715452141433456,0.7799876033803654,77.99876033803655
2024-11-18,FinServ,0.0021806663565654126,0.7838691624621603,78.38691624621603
2024-11-19,FinServ,0.0028940082486562657,0.7890316945328495,78.90316945328495
2024-11-21,FinServ,-0.01767782328882791,0.7574055083787854,75.74055083787854
2024-11-22,FinServ,0.021720410770053558,0.7955770779103273,79.55770779103273
2024-11-25,FinServ,0.009796020203686126,0.8131665872428127,81.31665872428127
2024-11-26,FinServ,0.0076345353729977885,0.8270092716902557,82.70092716902558
2024-11-27,FinServ,0.0026230527175465632,0.8318016133253456,83.18016133253457
2024-11-28,FinServ,-0.004647022453978885,0.8232891900969881,82.32891900969881
2024-11-29,FinServ,-0.001600630775637768,0.8203707773064313,82.03707773064312
2024-12-02,FinServ,0.003028689140575723,0.8258841145114806,82.58841145114806
2024-12-03,FinServ,0.014466870747722302,0.8522989439964375,85.22989439964374
2024-12-04,FinServ,0.010272051121423102,0.8713258534413271,87.1325853441327
2024-12-05,FinServ,0.004293793518988211,0.8793609402627485,87.93609402627484
2024-12-06,FinServ,-0.001618558042620379,0.8763190854978997,87.63190854978997
2024-12-09,FinServ,0.010882834450847595,0.8967387554823392,89.67387554823392
2024-12-10,FinServ,0.005370967495222,0.9069260776849628,90.69260776849629
2024-12-11,FinServ,0.007970154220288227,0.9221245726108012,92.21245726108012
2024-12-12,FinServ,-0.002884359319202793,0.9165804746871224,91.65804746871224
2024-12-13,FinServ,-0.00901329853013441,0.8993057627117407,89.93057627117406
2024-12-16,FinServ,-0.003952166252095561,0.8917993905739405,89.17993905739405
2024-12-17,FinServ,-0.018540267050247514,0.8567249246672042,85.67249246672041
2024-12-18,FinServ,-0.014207552174635254,0.8303454084260493,83.03454084260493
2024-12-19,FinServ,-0.004263974269941663,0.8225408626994148,82.25408626994148
2024-12-20,FinServ,-0.02191461516952613,0.7826005810626211,78.26005810626211
2024-12-23,FinServ,-0.002655903904087846,0.7778661652199477,77.78661652199477
2024-12-24,FinServ,0.00011402971640612536,0.7780688947945757,77.80688947945758
2024-12-26,FinServ,0.004989251384553575,0.7869401274897612,78.69401274897612
2024-12-27,FinServ,-0.00182207908632573,0.783684181254946,78.3684181254946
2024-12-30,FinServ,0.0015289423585156626,0.786411331553881,78.6411331553881
2024-12-31,FinServ,0.0002931725164838288,0.7869350582594279,78.6935058259428
2025-01-01,FinServ,0.008620433092318905,0.8023392123694724,80.23392123694724
2025-01-02,FinServ,0.02252173369587363,0.8429310161400883,84.29310161400882
2025-01-03,FinServ,0.0012695319582932685,0.8452706759620077,84.52706759620077
2025-01-06,FinServ,-0.02785625944669038,0.7938683372630404,79.38683372630405
2025-01-07,FinServ,0.011310928361190525,0.8141586535152305,81.41586535152305
2025-01-08,FinServ,-0.011523618567038506,0.7932529811720288,79.32529811720288
2025-01-09,FinServ,-0.012252348833304675,0.7712814201003455,77.12814201003455
2025-01-10,FinServ,-0.01709502309985326,0.7410013233073893,74.10013233073893
2025-01-13,FinServ,-0.029076100034576734,0.6903797946705732,69.03797946705733
2025-01-14,FinServ,0.02745067346846649,0.7367818584517687,73.67818584517687
2025-01-15,FinServ,0.0018716183517466511,0.7400324512510277,74.00324512510277
2025-01-16,FinServ,0.012065201588216282,0.7610262935454095,76.10262935454095
2025-01-17,FinServ,-0.0009475468182440786,0.7593576386841165,75.93576386841166
2025-01-20,FinServ,0.006625577239850432,0.771014398611739,77.1014398611739
2025-01-21,FinServ,-0.016066706496471583,0.7425600300682191,74.25600300682191
2025-01-22,FinServ,-0.009078581323608755,0.7267400571239748,72.67400571239749
2025-01-23,FinServ,0.006878555971763537,0.7386175352555882,73.86175352555881
2025-01-24,FinServ,-0.018163333235771267,0.7070384455931857,70.70384455931857
2025-01-27,FinServ,-0.02797917277227021,0.6592769219950263,65.92769219950263
2025-01-28,FinServ,0.009106964356799082,0.6743878977816944,67.43878977816944
2025-01-29,FinServ,0.028834234235759065,0.7226675906278519,72.26675906278518
2025-01-30,FinServ,-0.002671130828079682,0.718066120119992,71.8066120119992
2025-01-31,FinServ,0.00851773243658199,0.7327001476395305,73.27001476395306
2025-02-01,FinServ,-0.0036762201687653953,0.7263303604103555,72.63303604103555
2025-02-03,FinServ,-0.009550545062124131,0.7098429645111433,70.98429645111433
2025-02-04,FinServ,0.025041050677688498,0.752659228836356,75.26592288363561
2025-02-05,FinServ,0.011705787213434656,0.7731754848267771,77.31754848267771
2025-02-06,FinServ,-0.007851246473691889,0.759253847054294,75.9253847054294
2025-02-07,FinServ,0.0013328174502534756,0.7615986112810733,76.15986112810734
2025-02-10,FinServ,-0.01924012597973519,0.7277052320742987,72.77052320742987
2025-02-11,FinServ,-0.031878259251922704,0.672628996775331,67.2628996775331
2025-02-12,FinServ,0.00413660016506409,0.6795479941594826,67.95479941594826
2025-02-13,FinServ,0.013694052069221562,0.7025478118442592,70.25478118442592
2025-02-14,FinServ,-0.02681274276467182,0.6568978353207242,65.68978353207243
2025-02-17,FinServ,0.005442784711017013,0.665915973526525,66.5915973526525
2025-02-18,FinServ,-0.0029496349643556414,0.6610021295233326,66.10021295233327
2025-02-19,FinServ,0.013088890649951505,0.6827428047660002,68.27428047660003
2025-02-20,FinServ,0.014686344352295485,0.7074561450531414,70.74561450531414
2025-02-21,FinServ,-0.009444597400342477,0.6913299091843739,69.13299091843739
2025-02-24,FinServ,-0.011003646159343239,0.6727191133249948,67.27191133249949
2025-02-25,FinServ,-0.00939944846465021,0.656996476223461,65.6996476223461
2025-02-27,FinServ,0.006114153211981674,0.6671276065508052,66.71276065508052
2025-02-28,FinServ,-0.01851111247548236,0.6362672199149615,63.62672199149615
2025-03-03,FinServ,-0.0018041568380773602,0.6333151372212302,63.33151372212302
2025-03-04,FinServ,0.001802757149319609,0.6362596077619476,63.62596077619476
2025-03-05,FinServ,0.01937142695061095,0.6679562912259434,66.79562912259433
2025-03-06,FinServ,0.01243539060737807,0.6886979792233714,68.86979792233714
2025-03-07,FinServ,0.001245586373097825,0.6908013984145698,69.08013984145698
2025-03-10,FinServ,-0.01283613721965417,0.6690980396533373,66.90980396533372
2025-03-11,FinServ,-0.004587756369624093,0.6614406244903905,66.14406244903905
2025-03-12,FinServ,-0.0012368747905246243,0.6593856304660048,65.93856304660048
2025-03-13,FinServ,-0.008435082280616717,0.6453885761377509,64.5388576137751
2025-03-17,FinServ,0.014003117014239105,0.6684291449033002,66.84291449033002
2025-03-18,FinServ,0.0,0.6684291449033002,66.84291449033002
2025-03-19,FinServ,0.05400192805861107,0.758527535557258,75.8527535557258
2025-03-20,FinServ,0.005177046472906124,0.7676315143327233,76.76315143327233
2025-03-21,FinServ,0.01948900123983816,0.8020808871071305,80.20808871071306
2025-03-24,FinServ,0.01785106915426634,0.8342499576444615,83.42499576444615
2025-03-25,FinServ,-0.01084735284893387,0.8143532011407499,81.435320114075
2025-03-26,FinServ,-0.011951331289391146,0.7926692649579494,79.26692649579495
2025-03-27,FinServ,0.011265777533580162,0.8128650780882525,81.28650780882525
2025-03-28,FinServ,-0.005721912871460756,0.8024920220637177,80.24920220637178
2025-04-01,FinServ,-0.011919241934616366,0.7810076835675244,78.10076835675244
2025-04-02,FinServ,0.0049929017113273565,0.7899000798786957,78.99000798786957
2025-04-03,FinServ,0.008494348741800252,0.8051041153701617,80.51041153701617
2025-04-04,FinServ,-0.0195632977943535,0.7697903260113621,76.97903260113621
2025-04-07,FinServ,-0.038563807583477265,0.7015404724159606,70.15404724159606
2025-04-08,FinServ,0.02956229155372018,0.751841907951976,75.18419079519761
2025-04-09,FinServ,-0.011839582966005397,0.7311008303394535,73.11008303394534
2025-04-11,FinServ,0.011138818943660334,0.7503832490618247,75.03832490618248
2025-04-15,FinServ,0.03387152688711392,0.8096714023451761,80.96714023451761
2025-04-16,FinServ,0.011158647405467494,0.8298648874437038,82.98648874437038
2025-04-17,FinServ,0.011482629052447445,0.8508765471623183,85.08765471623182
2025-04-21,FinServ,0.02533770820925392,0.8977735170456684,89.77735170456684
2025-04-22,FinServ,0.0037335278988015765,0.9048589074171651,90.48589074171652
2025-04-23,FinServ,0.0035059750271604117,0.9115372951768339,91.15372951768339
2025-04-24,FinServ,-0.00838177630496253,0.8955152171700687,89.55152171700686
2025-04-25,FinServ,-0.023704696504795564,0.8505826042268305,85.05826042268305
2025-04-28,FinServ,0.003413803031907128,0.8569001287319347,85.69001287319347
2025-04-29,FinServ,-0.003250008968617689,0.8508651866597285,85.08651866597286
2025-04-30,FinServ,-0.008345995580502226,0.835417873991761,83.5417873991761
2025-05-02,FinServ,-0.002423865333573539,0.8309690682343711,83.09690682343711
2025-05-05,FinServ,0.02009872726639345,0.8677692161700163,86.77692161700163
2025-05-06,FinServ,-0.024596299475665925,0.8218290051776689,82.18290051776688
2025-05-07,FinServ,0.01815701744332349,0.8549079862034323,85.49079862034323
2025-05-08,FinServ,-0.02095557711633593,0.8160373188548391,81.60373188548391
2025-05-09,FinServ,-0.011544716903051921,0.7950716821232826,79.50716821232827
2025-05-12,FinServ,0.04741799892592401,0.8801903892181611,88.0190389218161
2025-05-13,FinServ,-0.004549876335554686,0.8716357554599199,87.16357554599199
2025-05-14,FinServ,0.013083906304136899,0.8961240623198299,89.61240623198299
2025-05-15,FinServ,0.005482503839554853,0.906519569771771,90.6519569771771
2025-05-16,FinServ,0.012346144755188599,0.9300577363587732,93.00577363587732
2025-05-19,FinServ,0.00028242537084934965,0.930602833630725,93.0602833630725
2025-05-20,FinServ,-0.01719858494293288,0.89739919680546,89.739919680546
2025-05-21,FinServ,0.015469269089839904,0.9267505755516898,92.67505755516898
2025-05-22,FinServ,-0.005185797997050989,0.9167588362761769,91.6758836276177
2025-05-23,FinServ,0.011092731058197402,0.938020926550412,93.8020926550412
2025-05-26,FinServ,0.0013102211942276926,0.9405601626432352,94.05601626432352
2025-05-27,FinServ,0.001880390298559073,0.9442091731468398,94.42091731468398
2025-05-28,FinServ,0.0015238710680540782,0.9471718972560437,94.71718972560437
2025-05-29,FinServ,0.0010485226134809085,0.9492135510226511,94.92135510226511
2025-05-30,FinServ,0.0026447676119349716,0.9543687678911406,95.43687678911405
2025-06-02,FinServ,0.002972861002596802,0.9601788345858973,96.01788345858972
2025-06-03,FinServ,-0.007724732842637679,0.9450369767649285,94.50369767649285
2025-06-04,FinServ,-0.0016939390865206893,0.9417422026052582,94.17422026052581
2025-06-05,FinServ,0.005362121126471824,0.9521540594920097,95.21540594920097
2025-06-06,FinServ,0.029754980754953548,1.0102403659628987,101.02403659628987
2025-06-09,FinServ,0.024148410906830817,1.058784476341669,105.87844763416689
2025-06-10,FinServ,-0.007142580177384345,1.0440794431514444,104.40794431514445
2025-06-11,FinServ,-0.005132829311904309,1.0335875322697756,103.35875322697757
2025-06-12,FinServ,-0.016998909420725117,0.9990187620096058,99.90187620096059
2025-06-13,FinServ,-0.005690658386954524,0.9876430291258964,98.76430291258964
2025-06-16,FinServ,0.0074759966270223285,1.0025026417073661,100.25026417073661
2025-06-17,FinServ,-0.006787201744734777,0.9889112522837338,98.89112522837338
2025-06-18,FinServ,-0.0061555506474832225,0.9766684083369521,97.66684083369522
2025-06-19,FinServ,-0.014875829334515834,0.9472638264436026,94.72638264436026
2025-06-20,FinServ,0.01457359032843936,0.9756424517115811,97.56424517115812
2025-06-23,FinServ,0.006377182862690804,0.9882414848974408,98.82414848974408
2025-06-24,FinServ,0.012187667807160331,1.0124735116357861,101.24735116357861
2025-06-25,FinServ,0.0030131361046325787,1.0185373682333125,101.85373682333125
2025-06-26,FinServ,0.012892420629327208,1.0445612010405916,104.45612010405915
2025-06-27,FinServ,0.0017640145544423117,1.0481678367566754,104.81678367566754
2025-06-30,FinServ,0.004983925518291024,1.05837575270403,105.83757527040301
2025-07-01,FinServ,-0.001131834105111482,1.056046012825985,105.6046012825985
2025-07-02,FinServ,-0.012202198287665743,1.0309577316889178,103.09577316889178
2025-07-03,FinServ,0.0017168474629582341,1.0344445763179433,103.44445763179434
2025-07-04,FinServ,-0.00042019353284152965,1.03358971586405,103.35897158640499
2025-07-07,FinServ,-0.00017583039901914485,1.0332321489728682,103.32321489728682
2025-07-08,FinServ,-0.000644135962149289,1.0319224710263168,103.19224710263168
2025-07-09,FinServ,0.0029321382515792947,1.0378803486278567,103.78803486278568
2025-07-10,FinServ,-0.0009868027736454022,1.0358693626474733,103.58693626474734
2025-07-11,FinServ,-0.006727101214249687,1.0221738633859538,102.21738633859539
2025-07-14,FinServ,0.0015125332425686786,1.0252324685765788,102.52324685765788
2025-07-15,FinServ,0.005183326110046466,1.0357299089098655,103.57299089098655
2025-07-16,FinServ,-0.005703771845961725,1.0241185699694433,102.41185699694432
2025-07-17,FinServ,-0.0018836134506234775,1.0203059130053922,102.03059130053921
2025-07-18,FinServ,-0.008014953268436277,1.0041132555247083,100.41132555247083
2025-07-21,FinServ,0.00728665391637002,1.0187165352269267,101.87165352269267
2025-07-22,FinServ,-0.002004411594487598,1.0146701963977338,101.46701963977338
2025-07-23,FinServ,0.0014725682080179991,1.0176369356785906,101.76369356785906
2025-07-24,FinServ,-0.010251398923819077,0.9969533345675174,99.69533345675174
2025-07-25,FinServ,-0.01399011044521326,0.969015736862981,96.90157368629811
2025-07-28,FinServ,-0.012131148718935246,0.9451293141291723,94.51293141291724
2025-07-29,FinServ,0.005587640579261071,0.9559979976167106,95.59979976167105
2025-07-30,FinServ,-0.0017073522932173084,0.9526584199499513,95.26584199499513
2025-07-31,FinServ,-0.004549318853635736,0.9437751541853623,94.37751541853623
2025-08-01,FinServ,-0.013225496622603451,0.9180677624485833,91.80677624485834
2025-08-04,FinServ,0.019306847599066167,0.9550996044228599,95.50996044228599
2025-08-05,FinServ,-0.0016089395274399303,0.9519539673892219,95.19539673892218
2025-08-06,FinServ,-0.003415121891902079,0.9452878066632058,94.52878066632057
2025-08-07,FinServ,0.0021843496712456766,0.9495369954441688,94.95369954441688
2025-08-08,FinServ,-0.010693399406016995,0.928689817695078,92.8689817695078
2025-08-11,FinServ,0.007989640383206854,0.9440993557492146,94.40993557492146
2025-08-12,FinServ,-0.006540885216717205,0.9313832250133649,93.13832250133649
2025-08-13,FinServ,0.009194882022500598,0.9491420659075993,94.91420659075993
2025-08-14,FinServ,0.007594275060936584,0.9639443868889437,96.39443868889437
2025-08-18,FinServ,0.015614713319528368,0.9946108154657114,99.46108154657114
2025-08-19,FinServ,0.0039615717868356085,1.0025126093979773,100.25126093979773
2025-08-20,FinServ,-0.0027440229732020286,0.9970176687936625,99.70176687936625
2025-08-21,FinServ,-0.0067563408580585,0.983525136723727,98.3525136723727
2025-08-22,FinServ,-0.005164411278067122,0.9732813971373013,97.32813971373014
2025-08-25,FinServ,-0.00017059392661475235,0.9729447673154479,97.29447673154479
2025-08-26,FinServ,-0.022837891073881934,0.9278868696247125,92.78868696247125
2025-08-28,FinServ,-0.016576489616052566,0.8959292729494543,89.59292729494544
2025-08-29,FinServ,-0.007211624516764971,0.8822565429225997,88.22565429225997
2025-09-01,FinServ,0.01813774789741456,0.9163964375763889,91.6396437576389
2025-09-02,FinServ,0.0034453737732663926,0.922999139601596,92.2999139601596
2025-09-03,FinServ,0.009213858754017923,0.9407173820579833,94.07173820579833
2025-09-04,FinServ,-0.0014490281171836326,0.9379052280038742,93.79052280038742
2025-09-05,FinServ,0.004828289854143221,0.9472619961545363,94.72619961545364
2025-09-08,FinServ,0.0038132479880545146,0.9546873890435879,95.46873890435879
2025-09-09,FinServ,0.0013881648493539952,0.9574008173685336,95.74008173685336
2025-09-10,FinServ,0.010267933353344152,0.9774992785070551,97.7499278507055
2025-09-11,FinServ,-0.003150461423130334,0.9712692433158505,97.12692433158506
2025-09-12,FinServ,0.00774469436786297,0.9865361211221002,98.65361211221003
2025-09-15,FinServ,0.005041787240823042,0.9965518135910076,99.65518135910077
2025-09-16,FinServ,0.006750957012669583,1.010030449058128,101.0030449058128
2025-09-17,FinServ,-0.001387796281948359,1.007240936274322,100.7240936274322
2025-09-18,FinServ,0.012457525829674415,1.0322461920843393,103.22461920843394
2025-09-19,FinServ,0.0007688486408193278,1.0338086818069336,103.38086818069337
2025-09-22,FinServ,0.003942907111413272,1.041827800521684,104.18278005216841
2025-09-23,FinServ,0.0027072079376047288,1.0473554529504785,104.73554529504784
2025-09-24,FinServ,-0.005961854409658375,1.0351494178151674,103.51494178151674
2025-09-25,FinServ,-0.012116211075889788,1.0104911178979448,101.04911178979448
2025-09-26,FinServ,-0.012274877183662901,0.9858125863469023,98.58125863469023
2025-09-29,FinServ,0.006089577246341504,0.9979053454882187,99.79053454882188
2025-09-30,FinServ,0.001496474817215353,1.0008951605249217,100.08951605249217
2025-10-01,FinServ,0.010232358544751042,1.0213690372178696,102.13690372178696
2025-10-03,FinServ,0.004712829417149584,1.0308954046793857,103.08954046793856
2025-10-06,FinServ,0.012347519311481382,1.0559719249082633,105.59719249082633
2025-10-07,FinServ,-0.0008459686599691739,1.0542326370940143,105.42326370940143
2025-10-08,FinServ,-0.009062166223752671,1.0356168394744105,103.56168394744105
2025-10-09,FinServ,0.007164271136907483,1.05020055044326,105.02005504432601
2025-10-10,FinServ,-0.002854622874188601,1.0443480010552908,104.43480010552908
2025-10-13,FinServ,0.006713784251263408,1.0580733124688777,105.80733124688777
2025-10-14,FinServ,-0.0011810027702642278,1.055642722185445,105.5642722185445
2025-10-15,FinServ,0.021752838223498487,1.1003587857664567,110.03587857664567
2025-10-16,FinServ,-0.0030638400256839103,1.0939236224503284,109.39236224503284
2025-10-17,FinServ,-0.000327244958124622,1.0932383965021835,109.32383965021835
2025-10-20,FinServ,0.006335853876617924,1.106500849111347,110.65008491113471
2025-10-21,FinServ,0.0010282935435041586,1.1086669503338742,110.86669503338742
2025-10-23,FinServ,-0.0035363684647172415,1.1012099270281217,110.12099270281217
2025-10-24,FinServ,-0.002205866896341426,1.0965749376078264,109.65749376078264
2025-10-27,FinServ,0.007672448359378075,1.1126608005481886,111.26608005481886
2025-10-28,FinServ,0.002303607578167131,1.1175275419784279,111.75275419784279
2025-10-29,FinServ,0.0053862321836910644,1.1289330369748845,112.89330369748845
2025-10-30,FinServ,-0.005504232937924622,1.1172148936301314,111.72148936301313
2025-10-31,FinServ,-0.009179503124737177,1.0977799128983134,109.77799128983135
2025-11-03,FinServ,0.008477355504359107,1.1155635389898562,111.55635389898562
2025-11-04,FinServ,-0.002066988376445355,1.1111906937451326,111.11906937451326
2025-11-06,FinServ,-0.008460955623022287,1.0933280029736174,109.33280029736174
2025-11-07,FinServ,0.011745389992431033,1.1179149567506195,111.79149567506195
2025-11-10,FinServ,0.004154193463487496,1.1267131852201753,112.67131852201753
2025-11-11,FinServ,-0.003109413156150472,1.120100355262693,112.01003552626929
2025-11-12,FinServ,0.0042849505602738395,1.1291848804678124,112.91848804678123
2025-11-13,FinServ,-0.0026424644687702385,1.1235585850737335,112.35585850737336
2025-11-14,FinServ,0.009474723129620265,1.143678714716835,114.3678714716835
2025-11-17,FinServ,0.006539636651275485,1.1576975946081567,115.76975946081566
2025-11-18,FinServ,-0.005328829087107388,1.1461995929048272,114.61995929048273
2025-11-19,FinServ,-0.0010716834747416717,1.143899546267614,114.38995462676141
2025-11-20,FinServ,0.004725063621831549,1.1540296080225443,115.40296080225443
2025-11-21,FinServ,-0.011631303964751217,1.1289754349025602,112.89754349025603
2025-11-24,FinServ,-0.005267176252561474,1.1177617460495548,111.77617460495549
2025-11-25,FinServ,0.0036322271500147897,1.125453937760819,112.54539377608191
2025-11-26,FinServ,0.014909650684946412,1.1571437135197766,115.71437135197766
2025-11-27,FinServ,0.00039792710406929085,1.158002099470759,115.8002099470759
2025-11-28,FinServ,0.0017803663785666002,1.161844133853533,116.18441338535331
2025-12-01,FinServ,0.0010327976794739981,1.1640768814583615,116.40768814583615
2025-12-02,FinServ,-0.004907636031110785,1.1534563797808226,115.34563797808227
2025-12-03,FinServ,-0.01658913172292169,1.1177324082370728,111.77324082370728
2025-12-04,FinServ,6.919097295365884e-05,1.1178789362028545,111.78789362028544
2025-12-05,FinServ,0.012033411270048562,1.1433642444623566,114.33642444623567
2025-12-08,FinServ,-0.021711146783742974,1.0968293487398082,109.68293487398083
2025-12-09,FinServ,0.0033398417538487157,1.1038324269494248,110.38324269494248
2025-12-10,FinServ,-0.0022949604390752536,1.0990042147591321,109.90042147591322
2025-12-11,FinServ,0.002222319668149406,1.10366887310912,110.366887310912
2025-12-12,FinServ,0.009592121800146996,1.1238475211671606,112.38475211671606
2025-12-15,FinServ,0.0015882087450579045,1.1272206343734474,112.72206343734474
2025-12-16,FinServ,-0.007395507164911792,1.1114887589305904,111.14887589305904
2025-12-17,FinServ,-0.0011457257058920562,1.1090695719817814,110.90695719817813
2025-12-18,FinServ,0.00559495091488221,1.120869712713091,112.08697127130911
2025-12-19,FinServ,0.009556055388729062,1.1411368611600552,114.11368611600552
2025-12-22,FinServ,0.009641053874147657,1.1617796769904225,116.17796769904226
2025-12-23,FinServ,0.007003980828543214,1.1769207404035975,117.69207404035976
2025-12-24,FinServ,0.004605867555793613,1.1869473490133569,118.69473490133569
2025-12-26,FinServ,-0.0058659307734511765,1.174118867258862,117.4118867258862
2025-12-29,FinServ,-0.008610111747472534,1.155399460859475,115.5399460859475
2025-12-30,FinServ,0.0025676743145614258,1.1609338246927439,116.09338246927439
2025-12-31,FinServ,0.007141153850925397,1.1763653855965432,117.63653855965433
2026-01-01,FinServ,0.0052077143683572314,1.1876992748859099,118.76992748859098
2026-01-02,FinServ,0.011158010770240222,1.2121096469571335,121.21096469571336
2026-01-05,FinServ,-0.003911201248071959,1.2034576409450826,120.34576409450825
2026-01-06,FinServ,0.00284952769514335,1.2097364545180311,120.97364545180311
2026-01-07,FinServ,-0.0031049211860899126,1.2028753969847226,120.28753969847226
2026-01-08,FinServ,-0.01983233417657268,1.1591872359623712,115.91872359623711
2026-01-09,FinServ,-0.014615247981124953,1.1276301790711014,112.76301790711014
2026-01-12,FinServ,0.0043402636190842565,1.1368646549321895,113.68646549321895
2026-01-13,FinServ,0.008814104727032882,1.1556992037882567,115.56992037882567
2026-01-14,FinServ,0.004459333770528154,1.16531218604681,116.53121860468102
2026-01-15,FinServ,0.0,1.16531218604681,116.53121860468102
2026-01-16,FinServ,0.006422708894164391,1.1792193558827755,117.92193558827755
2026-01-19,FinServ,-0.00023785975113899713,1.1787010073091078,117.87010073091078
2026-01-20,FinServ,-0.024345208889563145,1.1256600761782658,112.56600761782659
2026-01-21,FinServ,-0.011198423696616085,1.1018560340102406,110.18560340102405
2026-01-22,FinServ,0.010468162625673632,1.1238586047900134,112.38586047900134
2026-01-23,FinServ,-0.01879863304322089,1.083932966242879,108.3932966242879
2026-01-27,FinServ,-0.001554584600251982,1.0806933161456005,108.06933161456004
2026-01-28,FinServ,0.02063072399468512,1.1236195256685861,112.36195256685862
2026-01-29,FinServ,-0.0038080417981655765,1.1155326937514394,111.55326937514394
2026-01-30,FinServ,-0.0051260030675183725,1.1046884666738341,110.46884666738342
2026-02-02,FinServ,-0.020566138438312044,1.0614031522987015,106.14031522987015
2026-02-03,FinServ,0.033391723464613186,1.130236956309342,113.0236956309342
2026-02-04,FinServ,0.01522413505435957,1.1626679714299835,116.26679714299834
2026-02-05,FinServ,-0.006479946524689622,1.1486539986244582,114.86539986244581
2026-02-06,FinServ,0.006611724424473792,1.1628603067469068,116.28603067469068
2026-02-09,FinServ,0.01598765638978922,1.1974393741502904,119.74393741502905
2026-02-10,FinServ,0.0012715123886311078,1.2002334455377883,120.02334455377883
2026-02-11,FinServ,-0.002929588557205253,1.1937876668125607,119.37876668125607
2026-02-12,FinServ,0.000159255673361409,1.1941370399446507,119.41370399446507
2026-02-13,FinServ,-0.016966664501509496,1.1569098529175745,115.69098529175746
2026-02-16,FinServ,0.0010891480109662208,1.1592590469937134,115.92590469937134
2026-02-17,FinServ,0.006702257953399831,1.1737309581148772,117.37309581148772
2026-02-18,FinServ,0.00853618930425921,1.1922863370698744,119.22863370698744
2026-02-19,FinServ,-0.015019549009973815,1.1593591849863576,115.93591849863576
2026-02-20,FinServ,0.0016324084317284632,1.1628841411270598,116.28841411270598
2026-02-23,FinServ,0.005382722910233807,1.1745263471456862,117.45263471456862
2026-02-24,FinServ,-0.006020955667118501,1.161433620412541,116.14336204125411
2026-02-25,FinServ,0.00449152979600104,1.1711417639207027,117.11417639207026
2026-02-26,FinServ,-0.0011789538940786739,1.1685820878835318,116.85820878835318
2026-02-27,FinServ,-0.023415639298109883,1.1178033519253092,111.78033519253093
2026-03-02,FinServ,-0.015035924405787804,1.085960220819436,108.59602208194362
2026-03-04,FinServ,-0.02855905411556654,1.0263871699901346,102.63871699901345
2026-03-05,FinServ,0.013981887957825248,1.0547198883601112,105.47198883601112
2026-03-06,FinServ,-0.015130103311092073,1.0236317641738673,102.36317641738673
2026-03-09,FinServ,-0.021247337736333922,0.9806349766264919,98.06349766264918
2026-03-10,FinServ,0.025733776828027646,1.031604195092784,103.16041950927838
2026-03-11,FinServ,-0.018946477684725228,0.9931124515462644,99.31124515462643
2026-03-12,FinServ,-0.005042981446278414,0.9830612224327699,98.30612224327699
2026-03-13,FinServ,-0.016271638565329007,0.9507935669684244,95.07935669684244
2026-03-16,FinServ,0.0025352782926086133,0.9557393715521201,95.57393715521201
2026-03-17,FinServ,0.004396421055044546,0.9643376253033913,96.43376253033912
2026-03-18,FinServ,0.02027091237018782,1.0041565411713793,100.41565411713793
2026-03-19,FinServ,-0.03530850011220734,0.9333927797125485,93.33927797125486
2026-03-20,FinServ,-0.00555874145984517,0.9226455491097951,92.26455491097951
2026-03-23,FinServ,-0.039211528671079264,0.8472556780365534,84.72556780365534
2026-03-24,FinServ,0.018784183561849053,0.8819548677784599,88.19548677784599
2026-03-25,FinServ,0.030021363820242092,0.9384537195573124,93.84537195573124
2026-03-27,FinServ,-0.023293504315140663,0.8933003394761037,89.33003394761036
2026-03-30,FinServ,-0.037818702095240596,0.8216981779606389,82.1698177960639
2026-04-01,FinServ,0.028557162958651183,0.8737207096901389,87.37207096901389
2026-04-02,FinServ,-0.0009502652991277838,0.8719401779194633,87.19401779194634
2026-04-06,FinServ,0.016498718362850627,0.9028247917070611,90.28247917070611
2026-04-07,FinServ,0.002275014841700159,0.9071537463493495,90.71537463493496
2026-04-08,FinServ,0.054691791694408604,1.011459401773899,101.14594017738989
2026-04-09,FinServ,-0.001493262231203718,1.0084557654196304,100.84557654196304
2026-04-10,FinServ,0.01574700495163421,1.0400829283028314,104.00829283028314
2026-04-13,FinServ,-0.009640127989283832,1.0204162677652393,102.04162677652393
2026-04-15,FinServ,0.02530912680777266,1.0715512392905966,107.15512392905966
2026-04-16,FinServ,0.0010213943344539237,1.0736671099899389,107.36671099899388
2026-04-17,FinServ,0.015251783538165406,1.1052942318817185,110.52942318817185
2026-04-20,FinServ,0.0012411815096667013,1.107907284154738,110.7907284154738
2026-04-21,FinServ,0.008707084135449236,1.1262610102275996,112.62610102275997
2026-04-22,FinServ,-0.0022219403813002266,1.121536585027791,112.1536585027791
2026-04-23,FinServ,-0.015547878200761393,1.0885511926053195,108.85511926053195
2026-04-24,FinServ,-0.011640030505625466,1.064240393010833,106.42403930108331
2026-04-27,FinServ,0.009457334550605536,1.0837626050004099,108.37626050004098
2026-04-28,FinServ,-0.004070133829978731,1.0752814123281529,107.52814123281529
2026-04-29,FinServ,-0.0018241130331574957,1.0714958644564554,107.14958644564554
2026-04-30,FinServ,-0.009219059981383487,1.0523986198308433,105.23986198308432
2026-05-01,FinServ,0.0,1.0523986198308433,105.23986198308432
2026-05-04,FinServ,0.016499444954112888,1.0862620578826396,108.62620578826396
2026-05-05,FinServ,0.005005758380018301,1.0967053816618,109.67053816618
2026-05-06,FinServ,0.028399919832243735,1.1562516464128292,115.62516464128292
2026-05-07,FinServ,0.006850666198117355,1.1710234066815444,117.10234066815444
2026-05-08,FinServ,0.0009289579717841962,1.1730401961821113,117.30401961821113
2026-05-11,FinServ,-0.01789475494133512,1.1341541743937618,113.41541743937617
2026-05-12,FinServ,-0.03114980663827398,1.0676756845251307,106.76756845251307
2023-05-12,IT,,,
2023-05-15,IT,0.016741788084529155,0.016741788084529086,1.6741788084529086
2023-05-16,IT,0.004395776537780216,0.021211157781571677,2.1211157781571677
2023-05-17,IT,-0.001691949323533454,0.019483320253978365,1.9483320253978365
2023-05-18,IT,-0.003846876861965451,0.015561493458133624,1.5561493458133624
2023-05-19,IT,0.01538129925286927,0.03118214869870406,3.118214869870406
2023-05-22,IT,0.0204498761320719,0.05226969590919639,5.226969590919639
2023-05-23,IT,-0.0055899418726851275,0.046387569474675816,4.638756947467582
2023-05-24,IT,0.00024636366279084357,0.04664536134899033,4.664536134899033
2023-05-25,IT,0.004609778426608351,0.051470164556046694,5.147016455604669
2023-05-26,IT,0.0187605819192772,0.07119635671387625,7.119635671387625
2023-05-29,IT,-0.004352749195229918,0.0665337076342567,6.65337076342567
2023-05-30,IT,0.000528130621410947,0.06709697674402526,6.709697674402526
2023-05-31,IT,0.01189129490832911,0.07978614159027497,7.978614159027497
2023-06-01,IT,0.015161369636836482,0.0961571784116586,9.61571784116586
2023-06-02,IT,0.009950807771831181,0.10706482778174586,10.706482778174585
2023-06-05,IT,-0.005201599554028617,0.10130631986727545,10.130631986727545
2023-06-06,IT,-0.01688961397489298,0.08270568125660716,8.270568125660716
2023-06-07,IT,0.00753618768810408,0.09086515448153354,9.086515448153353
2023-06-08,IT,-0.010463775783288456,0.07945058609523636,7.945058609523636
2023-06-09,IT,0.001803354921819816,0.08139721862253246,8.139721862253246
2023-06-12,IT,0.014078545279966109,0.09662171833053912,9.662171833053911
2023-06-13,IT,0.011378027165925614,0.1090991100324481,10.90991100324481
2023-06-14,IT,-0.003457628636570053,0.10526425718880561,10.52642571888056
2023-06-15,IT,-0.002417477545221428,0.1025923056655158,10.25923056655158
2023-06-16,IT,0.0007580764802737763,0.10342815495977153,10.342815495977153
2023-06-19,IT,-0.00021464107157156525,0.10319131395818881,10.319131395818882
2023-06-20,IT,0.0053236333163424465,0.10906429999147615,10.906429999147615
2023-06-21,IT,0.004053191605908189,0.11355955010261387,11.355955010261386
2023-06-22,IT,-0.009023620952984607,0.10351121081391179,10.35112108139118
2023-06-23,IT,-0.013340583887945871,0.08878972693475995,8.878972693475994
2023-06-26,IT,0.0044260825744471925,0.09360880017238293,9.360880017238294
2023-06-27,IT,0.006672298417595745,0.10090568443924197,10.090568443924198
2023-06-28,IT,0.0033400550580314128,0.10458277003896876,10.458277003896876
2023-06-30,IT,0.014846374601538042,0.12098181962137189,12.09818196213719
2023-07-03,IT,-0.0068174399235583685,0.11333959341070199,11.333959341070198
2023-07-04,IT,0.00028952394498538733,0.11366193188189477,11.366193188189477
2023-07-05,IT,0.005613626107532051,0.11991361357767172,11.991361357767172
2023-07-06,IT,0.0032600819997985124,0.1235646237906256,12.35646237906256
2023-07-07,IT,-0.00825888052337537,0.11428523780244748,11.428523780244749
2023-07-10,IT,-0.015168166069045358,0.09738357426717426,9.738357426717425
2023-07-11,IT,0.010075335794549164,0.10844008227333846,10.844008227333845
2023-07-12,IT,-0.003164316076984086,0.10493262750062726,10.493262750062726
2023-07-13,IT,0.011535931909042119,0.11767905505555354,11.767905505555355
2023-07-14,IT,0.04421230683205115,0.16709422437742671,16.70942243774267
2023-07-17,IT,0.006963024526993138,0.17522073008707872,17.52207300870787
2023-07-18,IT,0.0014766182140037764,0.1769560824226002,17.69560824226002
2023-07-19,IT,0.00717302022889659,0.18539841221034048,18.53984122103405
2023-07-20,IT,-0.003649587084561201,0.1810721974750782,18.10721974750782
2023-07-21,IT,-0.017841357579522696,0.1600002660726927,16.00002660726927
2023-07-24,IT,-0.0008759564870195469,0.15898415631468188,15.898415631468188
2023-07-25,IT,-0.003973324620366639,0.15437913603178188,15.437913603178188
2023-07-26,IT,0.00018101163755210168,0.15458809208955082,15.458809208955081
2023-07-27,IT,0.0014085119163195624,0.1562143431756997,15.621434317569971
2023-07-28,IT,0.010823033538261242,0.1687280897893091,16.87280897893091
2023-07-31,IT,0.009044943794521249,0.17929916967253168,17.929916967253167
2023-08-01,IT,0.005577562688638971,0.18587678472004,18.587678472004
2023-08-02,IT,-0.008127404727952498,0.17623868413313715,17.623868413313716
2023-08-03,IT,-0.001918006559090293,0.1739826506219142,17.39826506219142
2023-08-04,IT,0.017672740250577874,0.19473014106504016,19.473014106504017
2023-08-07,IT,0.0133470876258245,0.21067630894704914,21.067630894704912
2023-08-08,IT,-0.0037760368950642276,0.2061047505364848,20.61047505364848
2023-08-09,IT,0.004522557083402966,0.21155942811934936,21.155942811934935
2023-08-10,IT,0.000648423910914388,0.2123450322220357,21.23450322220357
2023-08-11,IT,0.0006799775495701363,0.21316939962627957,21.316939962627956
2023-08-14,IT,0.005758335981253362,0.22015523663150316,22.015523663150315
2023-08-16,IT,0.003475376381595563,0.22439573532277235,22.439573532277237
2023-08-17,IT,-0.0014103228203157588,0.2226689420761494,22.26689420761494
2023-08-18,IT,-0.013119186129767334,0.20662852064996673,20.662852064996674
2023-08-21,IT,0.009863960715527455,0.21853065697589313,21.853065697589315
2023-08-22,IT,0.0038423804632193802,0.223212715366091,22.3212715366091
2023-08-23,IT,0.0033287394809118644,0.22728447182528355,22.728447182528356
2023-08-24,IT,0.014796398246803087,0.24544386163252785,24.544386163252785
2023-08-25,IT,-0.00546310636656194,0.23863986934284775,23.863986934284775
2023-08-28,IT,-0.00305191074831122,0.23485965101231354,23.485965101231354
2023-08-29,IT,0.0020793075024526943,0.2374273039491397,23.74273039491397
2023-08-30,IT,0.007298787769528467,0.2464590232208843,24.645902322088432
2023-08-31,IT,0.01624371559042037,0.26670614908919776,26.670614908919777
2023-09-01,IT,0.013686176770066158,0.28404251336136244,28.404251336136245
2023-09-04,IT,0.013514558079740032,0.3013957804850398,30.139578048503978
2023-09-05,IT,0.01460892630854744,0.32040777554040023,32.04077755404002
2023-09-06,IT,-0.0024426268131402195,0.3171825121035865,31.718251210358652
2023-09-07,IT,0.0019883664074385496,0.3198015535631187,31.98015535631187
2023-09-08,IT,2.511765885269018e-05,0.31983470388829427,31.983470388829428
2023-09-11,IT,0.0030765141377180863,0.3238951940142576,32.38951940142576
2023-09-12,IT,-0.01583748570317221,0.3029280228065583,30.292802280655827
2023-09-13,IT,-0.004784160755280396,0.2966946056928921,29.669460569289207
2023-09-14,IT,0.014387990880089041,0.31535143585386205,31.535143585386205
2023-09-15,IT,0.004542545552724194,0.32132647966906935,32.13264796690694
2023-09-18,IT,-0.010816031439139638,0.3070349709236009,30.703497092360088
2023-09-20,IT,-0.007111150186257753,0.2977404489466722,29.774044894667217
2023-09-21,IT,-0.0019542466848959253,0.29520434397646267,29.520434397646266
2023-09-22,IT,-0.002084029359500484,0.2925051000970631,29.25051000970631
2023-09-25,IT,0.0010098539885390976,0.2938103415276032,29.38103415276032
2023-09-26,IT,-0.002391122032885928,0.29071668311360077,29.071668311360078
2023-09-27,IT,0.0043570404454445575,0.29634038790553663,29.634038790553664
2023-09-28,IT,-0.014870000840595298,0.2770638052476837,27.70638052476837
2023-09-29,IT,0.001411519279926297,0.2788664054304868,27.886640543048678
2023-10-03,IT,-0.0015476242306786388,0.2768872007936416,27.68872007936416
2023-10-04,IT,-0.0026580292232118176,0.273493197299187,27.349319729918697
2023-10-05,IT,0.009419131960155314,0.2854883977749081,28.54883977749081
2023-10-06,IT,0.0017163660482428906,0.287694766416259,28.7694766416259
2023-10-09,IT,-0.0044684033915615914,0.28194082675470855,28.194082675470856
2023-10-10,IT,0.01555068033311121,0.3018758787575353,30.18758787575353
2023-10-11,IT,0.0032115846426120642,0.3060569633363399,30.605696333633993
2023-10-12,IT,-0.0036896723297474726,0.30123804109764385,30.123804109764386
2023-10-13,IT,-0.0068910824808924,0.2922711024291651,29.22711024291651
2023-10-16,IT,0.0005047347111250339,0.29292335651074497,29.292335651074495
2023-10-17,IT,0.0016497594717313812,0.29505636906437127,29.505636906437125
2023-10-18,IT,-0.010624540535221468,0.2812969901758502,28.12969901758502
2023-10-19,IT,-0.0004824986970923466,0.28067876604750186,28.067876604750186
2023-10-20,IT,-0.012806875019813509,0.26427727315020255,26.427727315020256
2023-10-23,IT,-0.02976503069756659,0.22664602130465084,22.664602130465084
2023-10-25,IT,-0.0020474276937010433,0.22413455227026358,22.413455227026358
2023-10-26,IT,-0.0021813485056556793,0.22146428819394748,22.14642881939475
2023-10-27,IT,0.014173549875113189,0.23877677320333413,23.87767732033341
2023-10-30,IT,0.008098743310958547,0.24880930830908543,24.880930830908543
2023-10-31,IT,0.0017029522982775374,0.2509359709907806,25.093597099078057
2023-11-01,IT,0.0016223377890736428,0.2529654116882305,25.29654116882305
2023-11-02,IT,0.010199345460637756,0.26574483877226895,26.574483877226896
2023-11-03,IT,0.007612979379954579,0.27538092813012627,27.538092813012625
2023-11-06,IT,0.009141153723948992,0.28703938125075656,28.703938125075656
2023-11-07,IT,-0.0010024356446860622,0.2857492070988761,28.574920709887607
2023-11-08,IT,0.005056090886484171,0.29225007194719277,29.225007194719275
2023-11-09,IT,-0.003512924101241015,0.287710495524619,28.771049552461903
2023-11-10,IT,0.0006159440207790011,0.2885036531048317,28.850365310483173
2023-11-13,IT,-7.177181299485682e-05,0.28841117486159784,28.841117486159785
2023-11-15,IT,0.02265778209013866,0.3176037145041113,31.760371450411128
2023-11-16,IT,0.026584888497277307,0.3526320623378014,35.26320623378014
2023-11-17,IT,0.0018794735177767483,0.3551742984782611,35.51742984782611
2023-11-20,IT,0.014374780742055157,0.37465463188615455,37.46546318861546
2023-11-21,IT,-0.002827571547526547,0.37076769756135763,37.07676975613576
2023-11-22,IT,-0.004701691798226051,0.3643227703204601,36.43227703204601
2023-11-23,IT,-0.0014818889562972358,0.3623009954742975,36.23009954742975
2023-11-24,IT,-0.004229646909091053,0.35653894327953806,35.65389432795381
2023-11-28,IT,-0.004464931218193644,0.3504820902029937,35.04820902029937
2023-11-29,IT,0.013705314953669253,0.36899087258851515,36.899087258851516
2023-11-30,IT,0.008849386846440467,0.38110560240929714,38.110560240929715
2023-12-01,IT,0.002151801553664924,0.3840774675903369,38.40774675903369
2023-12-04,IT,0.007607437951673115,0.39460675104533927,39.46067510453393
2023-12-05,IT,-0.006276185772862854,0.3858539399956902,38.58539399956902
2023-12-06,IT,0.010481396837772541,0.4003796250999756,40.03796250999756
2023-12-07,IT,-0.002182974759577341,0.39732263172455595,39.732263172455596
2023-12-08,IT,0.005344786291140295,0.4047910225708973,40.47910225708973
2023-12-11,IT,0.006042755435410137,0.4132798311581529,41.32798311581529
2023-12-12,IT,0.0045149616889176,0.4196607354515518,41.96607354515518
2023-12-13,IT,-0.004287116063352052,0.41357448510808714,41.357448510808716
2023-12-14,IT,0.03787475433356433,0.4671132714637505,46.71132714637505
2023-12-15,IT,0.039162267464158025,0.5245687538010297,52.45687538010297
2023-12-18,IT,0.002289878129996399,0.5280598304480346,52.80598304480346
2023-12-19,IT,-0.008768325964436231,0.5146613037615051,51.46613037615051
2023-12-20,IT,-0.026817791056503667,0.4740414333958578,47.40414333958578
2023-12-21,IT,0.01865803873280595,0.5015441555539184,50.15441555539184
2023-12-22,IT,0.020097605678021446,0.5317215979003789,53.17215979003789
2023-12-26,IT,-0.003924906318194678,0.5257097341230645,52.57097341230646
2023-12-27,IT,0.003729431824851514,0.5313997645609889,53.13997645609889
2023-12-28,IT,-0.002508316387158497,0.5275585294362499,52.755852943624994
2023-12-29,IT,-0.0004900038490891898,0.5268100198771173,52.68100198771173
2024-01-01,IT,-0.0022218349158820267,0.5234177000650357,52.34177000650357
2024-01-02,IT,-0.011295109507384701,0.506210530317313,50.6210530317313
2024-01-03,IT,-0.015393641845310639,0.48302446486997286,48.30244648699728
2024-01-04,IT,0.0024860761161234275,0.4867113765717128,48.67113765717128
2024-01-05,IT,0.01084519831665231,0.5028350562902559,50.28350562902559
2024-01-08,IT,-0.01130558797996128,0.4858446223419963,48.584462234199634
2024-01-09,IT,0.004273451102892602,0.49219430668207065,49.21943066820707
2024-01-10,IT,0.005120924944309064,0.4998357217289149,49.983572172891485
2024-01-11,IT,-0.00035734049012200276,0.49929976969700984,49.92997696970099
2024-01-12,IT,0.03880573778383551,0.5574812034192371,55.74812034192371
2024-01-15,IT,0.014706607349024408,0.5803864679314101,58.03864679314101
2024-01-16,IT,-0.008679074919186718,0.5666701753749646,56.667017537496456
2024-01-17,IT,0.006967109204392521,0.5775853375740667,57.758533757406674
2024-01-18,IT,0.007856335657467689,0.589979377514348,58.997937751434804
2024-01-19,IT,0.012189577552691969,0.6093605544437399,60.93605544437399
2024-01-23,IT,-0.02311002699495478,0.5721681885859298,57.21681885859298
2024-01-24,IT,0.013847433397428836,0.5939386828669297,59.39386828669298
2024-01-25,IT,-0.012718396521992149,0.5736663386664862,57.36663386664862
2024-01-29,IT,0.002007389412346309,0.576825299813291,57.6825299813291
2024-01-30,IT,-0.0024233079244247767,0.5730041665688199,57.30041665688199
2024-01-31,IT,0.013582596744144654,0.5943696478401836,59.436964784018365
2024-02-01,IT,-0.009402275732979547,0.5793789447908966,57.93789447908966
2024-02-02,IT,0.019079317698122485,0.6095124174442876,60.95124174442876
2024-02-05,IT,0.001876972158707816,0.6125334274409249,61.253342744092485
2024-02-06,IT,0.02871431065080709,0.6588362132112742,65.88362132112742
2024-02-07,IT,-0.002361147834128698,0.6549194556792761,65.49194556792762
2024-02-08,IT,0.005211940209851139,0.6635447969343959,66.3544796934396
2024-02-09,IT,-0.004359221007227264,0.6562930375091358,65.62930375091358
2024-02-12,IT,-0.008573682847085129,0.6420925063036971,64.20925063036971
2024-02-13,IT,0.0020888083607863107,0.645522522860049,64.5522522860049
2024-02-14,IT,-0.00915757371301821,0.6304535290605264,63.04535290605264
2024-02-15,IT,0.010884361541306231,0.6481999747471197,64.81999747471197
2024-02-16,IT,0.014545675706080943,0.672174157078562,67.2174157078562
2024-02-19,IT,9.482708904773318e-07,0.6721757427526389,67.21757427526389
2024-02-20,IT,-0.009622330735951458,0.6560855147072377,65.60855147072377
2024-02-21,IT,-0.014655468396433514,0.6318148057846544,63.18148057846544
2024-02-22,IT,0.01461399834002781,0.6556621446476241,65.56621446476241
2024-02-23,IT,0.005532368808142031,0.6648218782534943,66.48218782534943
2024-02-26,IT,-0.005298043068363462,0.6560015802413535,65.60015802413534
2024-02-27,IT,0.008716243409671377,0.6704356931015376,67.04356931015376
2024-02-28,IT,-0.011478973118279553,0.6512608066846104,65.12608066846104
2024-02-29,IT,0.004767520443175621,0.659133226337494,65.9133226337494
2024-03-01,IT,-0.0017490051245368247,0.6562313938223405,65.62313938223406
2024-03-04,IT,0.0004468463835483868,0.6569714748309892,65.69714748309892
2024-03-05,IT,-0.013951168319308841,0.6338547868853286,63.38547868853286
2024-03-06,IT,0.0036414235574466825,0.63980434419574,63.980434419573996
2024-03-07,IT,0.00519590024889448,0.6483246039958848,64.83246039958847
2024-03-11,IT,-0.00993284107448462,0.6319520576652307,63.19520576652307
2024-03-12,IT,-0.002527951486208178,0.6278265620356354,62.78265620356353
2024-03-13,IT,-0.02256695530869471,0.5910914727598711,59.109147275987105
2024-03-14,IT,0.026625228530366325,0.6334546468348197,63.345464683481964
2024-03-15,IT,-0.0024614979545173918,0.6294339015628387,62.943390156283876
2024-03-18,IT,-0.00790885270727657,0.6165469488391353,61.65469488391353
2024-03-19,IT,-0.021844837830163513,0.5812337428968988,58.12337428968988
2024-03-20,IT,-0.0059712103239397745,0.5717918636467509,57.1791863646751
2024-03-21,IT,0.021019253060511882,0.6048297545871955,60.482975458719544
2024-03-22,IT,-0.01171509452496065,0.586029022315737,58.602902231573694
2024-03-26,IT,0.004460556880642911,0.5931035949841266,59.31035949841266
2024-03-27,IT,0.0032080042781402226,0.5982142781323561,59.82142781323561
2024-03-28,IT,-0.0002512365125055056,0.5978127483508817,59.78127483508817
2024-04-01,IT,0.0076218314590707935,0.6099910078219668,60.99910078219668
2024-04-02,IT,-0.0009595619043234354,0.6084461217845576,60.84461217845576
2024-04-03,IT,0.012611365628806335,0.6287308239206182,62.87308239206182
2024-04-04,IT,0.012090476361495458,0.6484229554464696,64.84229554464696
2024-04-05,IT,-0.0067596346627750185,0.6372802184979194,63.728021849791936
2024-04-08,IT,-0.013345542300433085,0.6154298260842932,61.54298260842932
2024-04-09,IT,-0.004109425053973843,0.6087913382840457,60.879133828404576
2024-04-10,IT,-0.0017399925487212528,0.6059920533429841,60.59920533429841
2024-04-12,IT,-0.0087541744737185,0.5919329187046143,59.19329187046143
2024-04-15,IT,-0.018435329342481523,0.5625851110571569,56.25851110571569
2024-04-16,IT,-0.016071095830742354,0.537472655993666,53.7472655993666
2024-04-18,IT,-0.004947301810016323,0.5298663147398179,52.986631473981795
2024-04-19,IT,-0.011235605747643823,0.5126773399808007,51.26773399808007
2024-04-22,IT,-0.009713970468099093,0.4979832369724646,49.79832369724646
2024-04-23,IT,2.8398026569024414e-05,0.4980257767402281,49.80257767402281
2024-04-24,IT,-0.00035099817183830383,0.4974999724312257,49.749997243122564
2024-04-25,IT,2.329725700329983e-05,0.4975348600729459,49.75348600729459
2024-04-26,IT,0.010226922321305865,0.5128500327603596,51.28500327603596
2024-04-29,IT,-8.333694758407664e-05,0.5127239564564767,51.27239564564767
2024-04-30,IT,-0.009180569375419305,0.4988362892283693,49.883628922836934
2024-05-02,IT,-0.00010889015747647522,0.4986730807088038,49.86730807088038
2024-05-03,IT,-0.011012600829147333,0.48216879229756926,48.21687922975693
2024-05-06,IT,-0.0030266842895759704,0.4776827352994224,47.76827352994224
2024-05-07,IT,-0.002332904959575482,0.4742354419175634,47.42354419175634
2024-05-08,IT,-0.008872071383983757,0.4611559198400721,46.11559198400721
2024-05-09,IT,-0.015418901334178803,0.43862650087820687,43.86265008782069
2024-05-10,IT,-0.011225953541451792,0.42247654661584666,42.24765466158467
2024-05-13,IT,0.0009928870736422072,0.42388890519154065,42.38889051915407
2024-05-14,IT,0.008906813097904812,0.436571217542262,43.6571217542262
2024-05-15,IT,0.009275471424950976,0.44989609282048226,44.98960928204823
2024-05-16,IT,0.016296279414093232,0.47352400467048694,47.352400467048696
2024-05-17,IT,-0.005564230329941537,0.4653249777118025,46.532497771180246
2024-05-21,IT,-0.002466019392686396,0.4617114579001773,46.17114579001773
2024-05-22,IT,0.004824830994084986,0.46876396864666336,46.87639686466633
2024-05-23,IT,0.010649213060229017,0.48440514908396914,48.44051490839691
2024-05-24,IT,-0.00271650151413789,0.4803727602488883,48.03727602488883
2024-05-27,IT,0.011424109578187847,0.49728470087853593,49.728470087853594
2024-05-28,IT,-0.006908076028386892,0.4869413443287265,48.69413443287265
2024-05-29,IT,-0.007868795724520513,0.4752409066358598,47.52409066358598
2024-05-30,IT,-0.019864324990325866,0.4459362418274222,44.59362418274222
2024-05-31,IT,-0.006974367867691029,0.4358517505636912,43.58517505636912
2024-06-03,IT,0.00013683885958581943,0.4360482308797724,43.60482308797724
2024-06-04,IT,-0.022272735665287827,0.40406350823078285,40.406350823078284
2024-06-05,IT,0.04075172198501282,0.4612815139675055,46.12815139675055
2024-06-06,IT,0.03260098374453355,0.5089207288505475,50.89207288505475
2024-06-07,IT,0.03837829195260296,0.5668305291157083,56.68305291157083
2024-06-10,IT,-0.006498127462473808,0.5566490646254192,55.66490646254192
2024-06-11,IT,-0.0007990265997490818,0.5554052606163089,55.54052606163089
2024-06-12,IT,0.006967355561018889,0.5662423221085018,56.62423221085018
2024-06-13,IT,0.014449785592069634,0.5888741878481947,58.88741878481947
2024-06-14,IT,-0.009227205274501861,0.574213319561562,57.421331956156195
2024-06-18,IT,0.005614177565755598,0.5830512326639583,58.30512326639583
2024-06-19,IT,0.0044315134843792075,0.5900665455479719,59.00665455479719
2024-06-20,IT,0.0030642265794397334,0.594938869719918,59.493886971991806
2024-06-21,IT,0.007176167793247964,0.6063844186690015,60.63844186690015
2024-06-24,IT,-0.0003163110710289419,0.6058763014930482,60.587630149304815
2024-06-25,IT,0.0005007068680196356,0.6066803747863956,60.66803747863956
2024-06-26,IT,-0.0035244642337081775,0.60101768727046,60.101768727046
2024-06-27,IT,0.00806725208809933,0.6139335005511766,61.39335005511766
2024-06-28,IT,0.008957388910258995,0.6283901305909092,62.83901305909092
2024-07-01,IT,0.022262072183800566,0.6646414692215123,66.46414692215123
2024-07-02,IT,0.004783768081844582,0.672604727949689,67.26047279496889
2024-07-03,IT,0.00484741218864085,0.6807125324947305,68.07125324947305
2024-07-04,IT,0.011192430807874494,0.6995237912226053,69.95237912226054
2024-07-05,IT,-0.004034371252552057,0.6926672812962686,69.26672812962687
2024-07-08,IT,-0.0037077331059487814,0.6863913227800502,68.63913227800502
2024-07-09,IT,-0.002177769287538013,0.6827187515505293,68.27187515505292
2024-07-10,IT,-0.0077214313814931886,0.6697257541760799,66.972575417608
2024-07-11,IT,-0.000958281803959083,0.6681256863682512,66.81256863682512
2024-07-12,IT,0.04678700384947548,0.7461722892777716,74.61722892777716
2024-07-15,IT,-0.0009180417227326409,0.7445692302611349,74.45692302611349
2024-07-16,IT,-0.0001577805283869854,0.7442939712061765,74.42939712061765
2024-07-18,IT,0.010245449283219448,0.7621650466231946,76.21650466231947
2024-07-19,IT,-0.018485353560449645,0.7295908027044986,72.95908027044986
2024-07-22,IT,-0.002148057893679696,0.7258755415279134,72.58755415279134
2024-07-23,IT,0.0066370201922782805,0.7373302123463934,73.73302123463934
2024-07-24,IT,0.011341091409063996,0.7570334330923423,75.70334330923423
2024-07-25,IT,-0.006001654855201181,0.7464883248578729,74.64883248578728
2024-07-26,IT,0.018438719109117114,0.7786913325072797,77.86913325072797
2024-07-29,IT,-0.004938849021979234,0.7699066445593232,76.99066445593232
2024-07-30,IT,0.0018802502311362022,0.7732345119368453,77.32345119368453
2024-07-31,IT,-0.0010311791598460564,0.7714059894626162,77.14059894626162
2024-08-01,IT,-0.013092625508905647,0.7482136342183496,74.82136342183496
2024-08-02,IT,-0.02014108199153206,0.7130027200728435,71.30027200728435
2024-08-05,IT,-0.03680293576346743,0.6499591910033578,64.99591910033577
2024-08-06,IT,0.0029074535388000293,0.6547563706921162,65.47563706921163
2024-08-07,IT,0.013649602680553772,0.6773431376851786,67.73431376851786
2024-08-08,IT,-0.013545253463048105,0.6546230997407285,65.46230997407285
2024-08-09,IT,0.011765713255843588,0.6740909206787729,67.40909206787728
2024-08-12,IT,0.0024557534414418355,0.6782020752185163,67.82020752185163
2024-08-13,IT,-0.008817795333516875,0.663404032790956,66.34040327909561
2024-08-14,IT,0.009173781297645024,0.6786637375974012,67.86637375974011
2024-08-16,IT,0.03270387285741515,0.73356254304214,73.35625430421399
2024-08-19,IT,0.011705268606586494,0.7538543582547652,75.38543582547652
2024-08-20,IT,0.010151334457097021,0.7716583204344465,77.16583204344465
2024-08-21,IT,0.004314434327209776,0.7793020239082156,77.93020239082156
2024-08-22,IT,-0.0011407877090025699,0.7772722180287377,77.72722180287377
2024-08-23,IT,-0.0064256269967031265,0.7658521296840819,76.58521296840819
2024-08-26,IT,0.017632358660073927,0.796988267775327,79.6988267775327
2024-08-27,IT,0.009219019290936672,0.8135547372815348,81.35547372815348
2024-08-28,IT,0.005028666145485437,0.8226744985918872,82.26744985918873
2024-08-29,IT,0.005700847643467583,0.8330652882119933,83.30652882119934
2024-08-30,IT,0.0009731189666119668,0.8348490788109906,83.48490788109906
2024-09-02,IT,-0.0008086016717283186,0.8333654167784947,83.33654167784947
2024-09-03,IT,0.006420506326747376,0.8451365510361608,84.51365510361609
2024-09-04,IT,-0.011352278506707942,0.8241900470258918,82.41900470258918
2024-09-05,IT,0.0026394404935487004,0.8290048881039407,82.90048881039407
2024-09-06,IT,-0.008354225111784724,0.8137249695381656,81.37249695381657
2024-09-09,IT,-0.011044477612565282,0.7936933247167506,79.36933247167505
2024-09-10,IT,0.02171725233005867,0.832647415252366,83.2647415252366
2024-09-11,IT,-0.0040152783439645285,0.8252888257737805,82.52888257737806
2024-09-12,IT,0.014325267005024912,0.8514365755642783,85.14365755642783
2024-09-13,IT,0.012031030665622021,0.8737112657803463,87.37112657803463
2024-09-16,IT,-0.00724166876080758,0.8601424694401716,86.01424694401716
2024-09-17,IT,0.0005297162890211217,0.8611278172061341,86.11278172061341
2024-09-18,IT,-0.028833426139048313,0.8074651257533929,80.7465125753393
2024-09-19,IT,-0.008203675404778463,0.7926372685562548,79.26372685562548
2024-09-20,IT,0.008258470771858139,0.8074417110431702,80.74417110431702
2024-09-23,IT,-0.0014312257780105281,0.8048548538740736,80.48548538740737
2024-09-24,IT,0.0048669413047741986,0.8136389765115155,81.36389765115155
2024-09-25,IT,-0.0070412110993463535,0.8008687616198955,80.08687616198955
2024-09-26,IT,0.0035990511612675803,0.8073501804276941,80.73501804276941
2024-09-27,IT,-0.004692894476133589,0.7988684767495258,79.88684767495258
2024-09-30,IT,-0.007858818199997283,0.7847314964250454,78.47314964250454
2024-10-01,IT,0.00715806896477805,0.7975067275600676,79.75067275600676
2024-10-03,IT,-0.020213337370632665,0.7611731176499139,76.11731176499138
2024-10-04,IT,-0.0034835216483435584,0.7550380329680997,75.50380329680996
2024-10-07,IT,-0.005807542370708568,0.7448455752294325,74.48455752294325
2024-10-08,IT,0.006400247261054178,0.7560130183432574,75.60130183432574
2024-10-09,IT,0.011201309743272918,0.7756826640749397,77.56826640749397
2024-10-10,IT,-0.007674856917650299,0.7620545536970122,76.20545536970123
2024-10-11,IT,0.013347153395068295,0.7855729661156847,78.55729661156847
2024-10-14,IT,0.011303148780400571,0.8057555630099513,80.57555630099513
2024-10-15,IT,-0.00032515341472251854,0.8051684154224845,80.51684154224846
2024-10-16,IT,-0.007180331804794429,0.7922067072362162,79.22067072362162
2024-10-17,IT,0.001312507217216757,0.7945589914742079,79.4558991474208
2024-10-18,IT,-0.003376625258874938,0.788499438255055,78.84994382550549
2024-10-21,IT,-0.016116633061789395,0.7596748490774818,75.96748490774819
2024-10-22,IT,-0.02233917703737903,0.7203651610957169,72.03651610957169
2024-10-23,IT,0.028756068232340108,0.769836099052726,76.9836099052726
2024-10-24,IT,-0.015889205278806516,0.741714809965035,74.1714809965035
2024-10-25,IT,-0.008564435769942784,0.7267980053455314,72.67980053455314
2024-10-28,IT,0.004170574021805873,0.7339997442475317,73.39997442475317
2024-10-29,IT,0.003312740183959983,0.7397440348792765,73.97440348792766
2024-10-30,IT,0.002411373197354878,0.7439392070152426,74.39392070152427
2024-10-31,IT,-0.01943752736830708,0.7100413409502202,71.00413409502202
2024-11-01,IT,0.0031969089770713197,0.715508187464267,71.5508187464267
2024-11-04,IT,-0.003796231989445909,0.7089957204048589,70.8995720404859
2024-11-05,IT,0.0013580399030690415,0.7113166047873429,71.13166047873429
2024-11-06,IT,0.042370958521160414,0.7838267296653605,78.38267296653605
2024-11-07,IT,-0.00901062757313707,0.7677533313493388,76.77533313493387
2024-11-08,IT,-0.004806316408609641,0.7592569495065,75.92569495065
2024-11-11,IT,0.0011669125074234127,0.7613098484446508,76.13098484446508
2024-11-12,IT,-0.002591828829261397,0.7567448348021899,75.674483480219
2024-11-13,IT,-0.01339622405795385,0.7332110873825266,73.32110873825266
2024-11-14,IT,0.0009163914523889994,0.7347993872081899,73.47993872081899
2024-11-18,IT,-0.013590955852983592,0.7112218053228603,71.12218053228602
2024-11-19,IT,0.005691033018499445,0.7209604251189288,72.09604251189288
2024-11-21,IT,-0.0019744977614066443,0.717562392612062,71.7562392612062
2024-11-22,IT,0.022526733853579516,0.7562534635073512,75.62534635073513
2024-11-25,IT,0.018630525198109423,0.7889733879134917,78.89733879134917
2024-11-26,IT,0.01050196658389081,0.8077611266528291,80.77611266528291
2024-11-27,IT,0.006603176728327273,0.8196980928547177,81.96980928547177
2024-11-28,IT,-0.01573184388492143,0.791070886540238,79.10708865402381
2024-11-29,IT,0.00019570536633125405,0.7914214087242137,79.14214087242138
2024-12-02,IT,0.014357185782973111,0.8171411787048628,81.71411787048628
2024-12-03,IT,0.011897054485405071,0.8387598063155879,83.87598063155879
2024-12-04,IT,0.0064916667690571965,0.8506964222465248,85.06964222465247
2024-12-05,IT,0.011010915842426148,0.8710742848017603,87.10742848017603
2024-12-06,IT,0.002375181212984096,0.8755184252911192,87.55184252911192
2024-12-09,IT,0.005023371995060749,0.8849398520249472,88.49398520249471
2024-12-10,IT,0.0110702615811472,0.905806629251592,90.5806629251592
2024-12-11,IT,0.004167230826928731,0.9137485653871744,91.37485653871744
2024-12-12,IT,0.002048489993918507,0.9176688601742462,91.76688601742462
2024-12-13,IT,0.0011192077730202785,0.9198151300686321,91.98151300686321
2024-12-16,IT,-0.0002356430836351006,0.9193627389113734,91.93627389113735
2024-12-17,IT,-0.005810981107745017,0.9082093582966497,90.82093582966498
2024-12-18,IT,-0.002124630504691454,0.904155118484675,90.4155118484675
2024-12-19,IT,-0.004731259247727905,0.8951460669712361,89.51460669712361
2024-12-20,IT,-0.034244646377994736,0.8302474600731586,83.02474600731587
2024-12-23,IT,0.0038179084390302697,0.8372351772964854,83.72351772964855
2024-12-24,IT,-0.004617093695845368,0.8287524903416044,82.87524903416043
2024-12-26,IT,0.006272831765902572,0.8402239470549928,84.02239470549928
2024-12-27,IT,0.001377442225445096,0.8427587492239417,84.27587492239417
2024-12-30,IT,0.00391432442534427,0.8499719048060459,84.99719048060459
2024-12-31,IT,-0.010841741352296926,0.8299149879051229,82.99149879051228
2025-01-01,IT,0.0007035771884673519,0.8312024743474475,83.12024743474475
2025-01-02,IT,0.014237645374139869,0.8572744857854542,85.72744857854542
2025-01-03,IT,-0.009757307101700646,0.8391524882554924,83.91524882554924
2025-01-06,IT,-0.014233473066954007,0.8129749608478865,81.29749608478865
2025-01-07,IT,0.009515523705775101,0.8302263670658112,83.02263670658112
2025-01-08,IT,-0.005677853777425304,0.8198346093740232,81.98346093740231
2025-01-09,IT,-0.010808946710189738,0.8001641140599405,80.01641140599405
2025-01-10,IT,0.005387119510435391,0.8098618132807784,80.98618132807785
2025-01-13,IT,-0.03234910619395391,0.7513144012865764,75.13144012865764
2025-01-14,IT,-0.00557020608768269,0.7415592191470837,74.15592191470837
2025-01-15,IT,0.0060319957637928745,0.7520642969793734,75.20642969793734
2025-01-16,IT,0.00307265312764011,0.7574477828213138,75.74477828213138
2025-01-17,IT,-0.008496784838069388,0.7425151271465389,74.25151271465388
2025-01-20,IT,0.005252299157474453,0.751667337880737,75.1667337880737
2025-01-21,IT,-0.01459235050877905,0.7261063941116015,72.61063941116015
2025-01-22,IT,0.0025535167568342455,0.7305140357130442,73.05140357130442
2025-01-23,IT,0.037514168763087385,0.7954328312956747,79.54328312956747
2025-01-24,IT,-0.01818858196889943,0.7627764540740001,76.2776454074
2025-01-27,IT,-0.035697102313321336,0.6998504426374066,69.98504426374066
2025-01-28,IT,-0.013366904295677906,0.6771287044537067,67.71287044537067
2025-01-29,IT,0.030060546631913775,0.7275441100816584,72.75441100816585
2025-01-30,IT,-0.010943677473602207,0.7086384245195034,70.86384245195035
2025-01-31,IT,0.014192347754950771,0.7328880152277555,73.28880152277554
2025-02-01,IT,-0.0018217268452030276,0.7297311666106845,72.97311666106845
2025-02-03,IT,-0.00208216254162347,0.726129585168489,72.6129585168489
2025-02-04,IT,0.00952888535332661,0.7425776760905449,74.2577676090545
2025-02-05,IT,0.0102640166274737,0.7604635223326026,76.04635223326027
2025-02-06,IT,0.0009631794687643881,0.7621591646528219,76.21591646528219
2025-02-07,IT,-0.0014782197232560252,0.7595543062201158,75.95543062201158
2025-02-10,IT,-0.015222660467566818,0.7327692084422819,73.27692084422819
2025-02-11,IT,-0.028762499395184826,0.6829304351324659,68.29304351324659
2025-02-12,IT,-0.01028670093962062,0.6656186330440728,66.56186330440728
2025-02-13,IT,-0.0067333068500800945,0.6544035116925759,65.4403511692576
2025-02-14,IT,-0.014872783033366647,0.6297979272135323,62.979792721353235
2025-02-17,IT,-0.008817594973363634,0.6154270292029358,61.54270292029358
2025-02-18,IT,0.005249450162502287,0.6239071328838957,62.39071328838956
2025-02-19,IT,0.0024830891030424075,0.6279394389899127,62.793943898991266
2025-02-20,IT,0.00041639067027709445,0.628617297784084,62.8617297784084
2025-02-21,IT,-0.015340980926892494,0.6036327108815711,60.36327108815711
2025-02-24,IT,-0.020090610285440364,0.5714147510462653,57.14147510462653
2025-02-25,IT,-0.010530191950536416,0.5548674520838437,55.48674520838437
2025-02-27,IT,-0.012644800030280193,0.5352064640786522,53.52064640786522
2025-02-28,IT,-0.04358851479532082,0.46828909440528776,46.828909440528776
2025-03-03,IT,-0.0036312992271614274,0.46295729735152436,46.295729735152435
2025-03-04,IT,-0.0044066757297356665,0.45651051893564576,45.65105189356458
2025-03-05,IT,0.03437754325223864,0.5065817722976964,50.65817722976964
2025-03-06,IT,0.009800459257861865,0.5213469655757372,52.134696557573726
2025-03-07,IT,-0.008512624479445511,0.508396310154847,50.8396310154847
2025-03-10,IT,-0.019024888558504253,0.47969923845209195,47.969923845209195
2025-03-11,IT,-0.0009711976969670509,0.47826215795950344,47.82621579595035
2025-03-12,IT,-0.024803917162590363,0.4415954658488839,44.15954658488839
2025-03-13,IT,-0.008859862204837178,0.42882312866634464,42.882312866634464
2025-03-17,IT,-0.001568117242568013,0.4265825664817029,42.65825664817029
2025-03-18,IT,0.0,0.4265825664817029,42.65825664817029
2025-03-19,IT,0.02715731892822017,0.46532472421708526,46.532472421708526
2025-03-20,IT,0.011152380835082222,0.481666583588616,48.1666583588616
2025-03-21,IT,0.010444693687048735,0.49714213720053513,49.714213720053515
2025-03-24,IT,0.016524368169044873,0.5218814650770274,52.18814650770274
2025-03-25,IT,0.0010133008172692587,0.5234235888093768,52.34235888093768
2025-03-26,IT,-0.008235455756947034,0.5108775012446476,51.08775012446476
2025-03-27,IT,-0.003392901972293133,0.5057512419907813,50.575124199078125
2025-03-28,IT,-0.014213953011466236,0.4843485645901673,48.43485645901673
2025-04-01,IT,-0.018706147012359738,0.4565821221233586,45.658212212335854
2025-04-02,IT,0.014173891368262713,0.47722755889128865,47.72275588912886
2025-04-03,IT,-0.03304843541914188,0.42840749931189315,42.840749931189315
2025-04-04,IT,-0.03990446998536534,0.37140765512873086,37.14076551287309
2025-04-07,IT,-0.03851947835132867,0.31858174764615343,31.85817476461534
2025-04-08,IT,0.0183189580405301,0.34273679135429225,34.27367913542923
2025-04-09,IT,-0.014186320637535572,0.3236882967003245,32.368829670032454
2025-04-11,IT,0.015294211413786974,0.34393306535601487,34.39330653560149
2025-04-15,IT,0.0375734386769648,0.3944292519731145,39.44292519731145
2025-04-16,IT,-1.8295315859974186e-05,0.3944037404495053,39.44037404495053
2025-04-17,IT,-0.002559492248312382,0.3908347748848069,39.08347748848069
2025-04-21,IT,0.031117393939712495,0.4341139284799487,43.41139284799487
2025-04-22,IT,-0.003387341566307267,0.42925609475918836,42.92560947591883
2025-04-23,IT,0.035428179723392544,0.4798920365550712,47.98920365550712
2025-04-24,IT,0.0058292309457922235,0.4885186690109893,48.85186690109893
2025-04-25,IT,-0.013011472159200831,0.4691508497907022,46.91508497907022
2025-04-28,IT,0.005675869008210178,0.47748955756741496,47.748955756741495
2025-04-29,IT,0.015307514790559192,0.5001062508227749,50.01062508227749
2025-04-30,IT,-0.0010316932149044716,0.49855860138216523,49.85586013821652
2025-05-02,IT,0.0002281412883121319,0.4989004844720957,49.890048447209566
2025-05-05,IT,0.006116041122220838,0.5080678214732437,50.80678214732437
2025-05-06,IT,-0.02191048256125395,0.4750253277696659,47.50253277696659
2025-05-07,IT,0.012042047630922694,0.4927876530234856,49.27876530234856
2025-05-08,IT,0.0012920528794083967,0.49471641360891994,49.471641360891994
2025-05-09,IT,-0.007777541233162777,0.4830911950701915,48.30911950701915
2025-05-12,IT,0.06863094326631763,0.5848771427378292,58.48771427378292
2025-05-13,IT,-0.00912661659879967,0.57041257669986,57.041257669986
2025-05-14,IT,0.016767411802685272,0.5967443310735026,59.674433107350254
2025-05-15,IT,0.014745789931889802,0.6202895875544485,62.028958755444854
2025-05-16,IT,4.288103314175004e-05,0.6203590672459516,62.03590672459516
2025-05-19,IT,-0.009460982589974532,0.6050288783212303,60.50288783212303
2025-05-20,IT,-0.00208296745057326,0.601685655410457,60.1685655410457
2025-05-21,IT,0.005276654661732041,0.6101371974907079,61.013719749070795
2025-05-22,IT,-0.006895342740997597,0.5990347496539803,59.90347496539803
2025-05-23,IT,0.008614973576459607,0.61281039177009,61.281039177009
2025-05-26,IT,0.007272559253905277,0.6245396509095522,62.45396509095522
2025-05-27,IT,-0.006144657283096649,0.6145574115119115,61.45574115119115
2025-05-28,IT,0.0011837887315705102,0.6164687063821328,61.64687063821328
2025-05-29,IT,0.010223548426903878,0.6329947524824053,63.29947524824053
2025-05-30,IT,-0.007137175635027366,0.6213397821228603,62.13397821228603
2025-06-02,IT,-0.005919700691003571,0.6117419358942762,61.17419358942762
2025-06-03,IT,-0.004444129706172344,0.6045791456782847,60.457914567828475
2025-06-04,IT,0.00709348780692532,0.6159612082834003,61.59612082834003
2025-06-05,IT,0.00622057697859681,0.6260134193739535,62.60134193739535
2025-06-06,IT,0.0015910551206688571,0.6286004963511247,62.86004963511247
2025-06-09,IT,0.013433704117791797,0.6504786335451946,65.04786335451946
2025-06-10,IT,0.017828411818553557,0.679904046321762,67.99040463217621
2025-06-11,IT,0.008652256544313926,0.694439007100369,69.4439007100369
2025-06-12,IT,-0.01122848295654288,0.6754130275882411,67.5413027588241
2025-06-13,IT,-0.0022546805195051292,0.6716355064728128,67.16355064728128
2025-06-16,IT,0.017488151352946745,0.7008693212169692,70.08693212169692
2025-06-17,IT,0.0017609756464069173,0.7038645106693531,70.38645106693531
2025-06-18,IT,-0.004431743693100591,0.6963134198702963,69.63134198702963
2025-06-19,IT,-0.02159521065905276,0.6596811742244189,65.96811742244188
2025-06-20,IT,0.0069342211306005165,0.6711897704927856,67.11897704927856
2025-06-23,IT,-0.00812463487426213,0.6576119638019298,65.76119638019297
2025-06-24,IT,-0.0016453516387563778,0.6548846092408662,65.48846092408662
2025-06-25,IT,0.015861249128808527,0.6811331463074666,68.11331463074666
2025-06-26,IT,-0.0033692379521839066,0.6754690087082531,67.54690087082531
2025-06-27,IT,-0.0010141971199003092,0.673769752865139,67.3769752865139
2025-06-30,IT,0.0021571576276582295,0.6773803380544756,67.73803380544756
2025-07-01,IT,-0.0018658468341554478,0.674250603261042,67.4250603261042
2025-07-02,IT,0.0036039559246420043,0.6802845286419998,68.02845286419998
2025-07-03,IT,-0.0008793690591289806,0.6788069384169788,67.88069384169788
2025-07-04,IT,0.00656717425358049,0.6898319561196831,68.98319561196831
2025-07-07,IT,-0.0023808348561164218,0.6858087452975741,68.58087452975741
2025-07-08,IT,0.003615510548762372,0.6919038045993933,69.19038045993932
2025-07-09,IT,-0.00496333288556261,0.6835063228068166,68.35063228068165
2025-07-10,IT,-0.0077277074675906375,0.6704966784243263,67.04966784243263
2025-07-11,IT,-0.011001075068300883,0.652119419063633,65.21194190636331
2025-07-14,IT,-0.0014243121988876818,0.6497662852210413,64.97662852210414
2025-07-15,IT,0.007575011978541858,0.6622632845933851,66.22632845933852
2025-07-16,IT,0.0044343527525940495,0.6696343463649579,66.96343463649579
2025-07-17,IT,-0.006229473658366931,0.6592334031851728,65.92334031851728
2025-07-18,IT,-0.0020753115022120565,0.6557899770186881,65.57899770186881
2025-07-21,IT,0.004151911900795861,0.6626646711294903,66.26646711294903
2025-07-22,IT,-0.010048599926195995,0.6459572190378899,64.595721903789
2025-07-23,IT,5.274986612241169e-05,0.6460440430608374,64.60440430608374
2025-07-24,IT,-0.02017840670772683,0.6128294969011248,61.282949690112474
2025-07-25,IT,-0.018344592174348157,0.5832427975337144,58.32427975337144
2025-07-28,IT,-0.0025634955971209203,0.5791841615930635,57.918416159306354
2025-07-29,IT,0.006518774256378684,0.5894785066517372,58.94785066517372
2025-07-30,IT,0.006913924130274608,0.6004680404534297,60.046804045342974
2025-07-31,IT,-0.014648126496251041,0.5770241821436608,57.70241821436608
2025-08-01,IT,-0.017230486499212123,0.5498512882643034,54.98512882643034
2025-08-04,IT,0.012756982523553659,0.5696227140627981,56.96227140627981
2025-08-05,IT,-0.006546113140930443,0.5593477861879688,55.93477861879688
2025-08-06,IT,-0.01600703627131135,0.5343872496148687,53.43872496148687
2025-08-07,IT,0.00635459336053567,0.5441376566437619,54.41376566437619
2025-08-08,IT,-0.013720395303524658,0.5229514775915514,52.295147759155135
2025-08-11,IT,0.0005537510139828529,0.5237948135165142,52.37948135165142
2025-08-12,IT,0.011017739286933089,0.54058358749862,54.058358749862
2025-08-13,IT,-0.0018718228601806222,0.5376998879215211,53.76998879215211
2025-08-14,IT,0.0032128435764283937,0.5426402771289045,54.26402771289045
2025-08-18,IT,-0.0027242802790956823,0.5384376926441836,53.84376926441836
2025-08-19,IT,0.0027977824814549197,0.5427419066694734,54.27419066694734
2025-08-20,IT,0.02321328337440854,0.5785540117225672,57.85540117225671
2025-08-21,IT,-0.004005414309609101,0.5722312488955228,57.22312488955228
2025-08-22,IT,-0.006242219096912962,0.5624170369689039,56.24170369689039
2025-08-25,IT,0.017599496302427152,0.5899147898338872,58.991478983388724
2025-08-26,IT,-0.015137650537536188,0.5658472153609215,56.584721536092154
2025-08-28,IT,-0.016143318645665084,0.5405692448129229,54.05692448129229
2025-08-29,IT,-0.006955150411969713,0.5298543539951945,52.98543539951945
2025-09-01,IT,0.019449309021165255,0.5596089640834221,55.96089640834221
2025-09-02,IT,0.0012808346639690577,0.5616065653068569,56.16065653068569
2025-09-03,IT,-0.0049519020648383675,0.5538736425316486,55.38736425316486
2025-09-04,IT,-0.010659444976323838,0.5373102119389226,53.73102119389226
2025-09-05,IT,-0.010755395276905564,0.5207758329462959,52.07758329462959
2025-09-08,IT,-0.004861712166382975,0.5133822585769197,51.33822585769197
2025-09-09,IT,0.020582477186788996,0.5445314143889703,54.453141438897035
2025-09-10,IT,0.03613011938766592,0.6003355187888444,60.03355187888444
2025-09-11,IT,-0.005399781408780508,0.5916940568066773,59.16940568066773
2025-09-12,IT,-0.0010060184460858265,0.5900927832250047,59.00927832250047
2025-09-15,IT,-0.0009170102270248568,0.5886346518808689,58.86346518808689
2025-09-16,IT,0.012428192292978792,0.6083785088177338,60.83785088177338
2025-09-17,IT,0.00502667677619745,0.6164633077153432,61.646330771534316
2025-09-18,IT,0.00909273811763662,0.6311613852491675,63.11613852491676
2025-09-19,IT,-0.0063842821459199174,0.6207475907402074,62.07475907402073
2025-09-22,IT,-0.025797603496980306,0.5789361870256053,57.89361870256053
2025-09-23,IT,-0.00859143733374569,0.5653708557207915,56.53708557207915
2025-09-24,IT,-0.011428211636474556,0.5474814662920451,54.748146629204506
2025-09-25,IT,-0.008756718551445459,0.5339306066281475,53.39306066281475
2025-09-26,IT,-0.028254716949186114,0.4905898315181758,49.05898315181758
2025-09-29,IT,-0.006680997704108121,0.4806312042760359,48.06312042760359
2025-09-30,IT,-0.0016379660877117934,0.47820598057502384,47.82059805750238
2025-10-01,IT,0.010765968732295447,0.49412029994178663,49.41202999417867
2025-10-03,IT,0.007032338126419756,0.5046274590925248,50.46274590925248
2025-10-06,IT,0.013055306103674775,0.524270831142972,52.427083114297204
2025-10-07,IT,0.004149490502593003,0.5305957784801791,53.059577848017916
2025-10-08,IT,0.0051077243252871775,0.5384136397701043,53.841363977010424
2025-10-09,IT,0.008906917994768252,0.5521161639015695,55.21161639015695
2025-10-10,IT,0.006000472614847333,0.5614295944381227,56.142959443812266
2025-10-13,IT,-0.01306546519415751,0.541028790418864,54.102879041886396
2025-10-14,IT,-0.004601313439791936,0.5339380339344033,53.39380339344033
2025-10-15,IT,0.009666854886930473,0.5487663903139908,54.87663903139908
2025-10-16,IT,0.008430338048502005,0.5618230145424958,56.18230145424958
2025-10-17,IT,-0.014760880470478065,0.5387691317087924,53.876913170879234
2025-10-20,IT,0.0016116820600385242,0.5412491383129083,54.12491383129083
2025-10-21,IT,0.0036462987115922774,0.5468689930601813,54.686899306018134
2025-10-23,IT,0.016874228925630244,0.572971214567038,57.297121456703806
2025-10-24,IT,0.0027928229162216267,0.577364244621638,57.736424462163804
2025-10-27,IT,0.016269050463174735,0.6030264631161952,60.302646311619526
2025-10-28,IT,-0.012404725185960778,0.5831413603754161,58.31413603754161
2025-10-29,IT,0.00364922067011603,0.5889185925514135,58.891859255141355
2025-10-30,IT,-0.0014408866112338714,0.5866291410250657,58.66291410250657
2025-10-31,IT,-0.005365495054795403,0.5781160902151015,57.811609021510144
2025-11-03,IT,0.0022074025313152915,0.5815996276673516,58.15996276673516
2025-11-04,IT,-0.008357037700735575,0.5683821399514661,56.83821399514662
2025-11-06,IT,-0.01002178744748194,0.5526641475084457,55.266414750844575
2025-11-07,IT,-0.007053033977213942,0.5417131545208669,54.17131545208669
2025-11-10,IT,0.012561143244123397,0.561078834296153,56.1078834296153
2025-11-11,IT,0.010415703412622336,0.5773385684379042,57.73385684379042
2025-11-12,IT,0.022528797035657494,0.6128741089027565,61.28741089027565
2025-11-13,IT,-0.005433183916583119,0.6041110672347927,60.41110672347927
2025-11-14,IT,-0.012241260337404252,0.5844747260506602,58.44747260506602
2025-11-17,IT,0.0038043067002661666,0.5905025538673772,59.05025538673772
2025-11-18,IT,-0.013058057528392683,0.5697336800199213,56.97336800199213
2025-11-19,IT,0.025505739849587216,0.6097708988956447,60.977089889564475
2025-11-20,IT,-0.0023228802191330254,0.606031593917264,60.6031593917264
2025-11-21,IT,-0.010918520753138868,0.5884961046288817,58.849610462888165
2025-11-24,IT,0.003941738553751263,0.594757540966981,59.4757540966981
2025-11-25,IT,-0.007284134632607131,0.5831411123322119,58.31411123322119
2025-11-26,IT,0.012909498278383584,0.6035786697963028,60.35786697963028
2025-11-27,IT,0.0014470868740556796,0.6058991874408808,60.58991874408808
2025-11-28,IT,2.6590216060843507e-05,0.6059418886472467,60.59418886472467
2025-12-01,IT,0.005809600056417455,0.6152717687341349,61.527176873413495
2025-12-02,IT,0.0017305915818813331,0.6180671444595567,61.80671444595567
2025-12-03,IT,0.007913432966471056,0.6308716103424865,63.08716103424865
2025-12-04,IT,0.011607491986117581,0.6498019394899235,64.98019394899235
2025-12-05,IT,-0.0011067797704667336,0.6479759720780194,64.79759720780194
2025-12-08,IT,-0.014180001169254651,0.6246076708670494,62.46076708670494
2025-12-09,IT,-0.0063708613332039,0.6142575206750962,61.42575206750962
2025-12-10,IT,-0.010685690162515983,0.5970080649666509,59.700806496665095
2025-12-11,IT,0.012965025505100947,0.6177133152607956,61.771331526079564
2025-12-12,IT,0.004348246174298263,0.6247475309949899,62.47475309949899
2025-12-15,IT,-0.0014556747906680403,0.6223824269729203,62.23824269729204
2025-12-16,IT,-0.00796809713989817,0.6094551261967363,60.94551261967362
2025-12-17,IT,-0.0026745278850102312,0.6051505935820505,60.51505935820505
2025-12-18,IT,0.00380614245334315,0.611260025400292,61.1260025400292
2025-12-19,IT,0.013020291027014262,0.6322390998511982,63.22390998511982
2025-12-22,IT,0.01318587497105886,0.6537616005447098,65.37616005447097
2025-12-23,IT,-0.0033335630969094643,0.6482486819020481,64.82486819020481
2025-12-24,IT,-0.010319558432855036,0.6312394833172836,63.123948331728364
2025-12-26,IT,-0.008252236990383027,0.6177781085128795,61.77781085128795
2025-12-29,IT,-0.00906246888589966,0.6031170447401919,60.31170447401919
2025-12-30,IT,-0.014197322539482663,0.5803570749874731,58.035707498747314
2025-12-31,IT,0.006564696335109506,0.590731639285808,59.0731639285808
2026-01-01,IT,0.0010032448186899341,0.5923275325608475,59.23275325608475
2026-01-02,IT,0.003265015437966359,0.5975265065369575,59.75265065369575
2026-01-05,IT,-0.004007850053610198,0.5911238598420898,59.112385984208984
2026-01-06,IT,-0.00402844730437938,0.5847141012179753,58.47141012179753
2026-01-07,IT,0.030763493655967637,0.6334654434173168,63.34654434173168
2026-01-08,IT,-0.01896789458171357,0.6024820430837052,60.248204308370525
2026-01-09,IT,-0.006114444607187878,0.5926837553972566,59.26837553972566
2026-01-12,IT,-0.0038344501266219565,0.5865766889697048,58.657668896970485
2026-01-13,IT,0.009487382258931257,0.6016291485010699,60.162914850106986
2026-01-14,IT,-0.012097780379679585,0.5822529908128107,58.225299081281065
2026-01-15,IT,0.0,0.5822529908128107,58.225299081281065
2026-01-16,IT,0.018409758063257713,0.6113818855685402,61.138188556854026
2026-01-19,IT,-0.006452390431950719,0.600984620507879,60.0984620507879
2026-01-20,IT,-0.019942071997250014,0.5690576699392209,56.90576699392209
2026-01-21,IT,-0.010677723270396247,0.552303706344317,55.2303706344317
2026-01-22,IT,0.00719443407464896,0.5634716530234445,56.34716530234445
2026-01-23,IT,-0.013678276896975948,0.542086054832817,54.2086054832817
2026-01-27,IT,0.002564795923320987,0.5460411908596625,54.60411908596625
2026-01-28,IT,0.006564074555689361,0.5561895205026322,55.61895205026322
2026-01-29,IT,-0.00939273275537528,0.5415726482198353,54.15726482198353
2026-01-30,IT,-0.0017173938370256211,0.5389251608544552,53.89251608544552
2026-02-02,IT,-0.0035808773742870108,0.5334144585652305,53.34144585652305
2026-02-03,IT,0.016301718800746684,0.55841174987376,55.84117498737599
2026-02-04,IT,-0.03166045767437878,0.5090717206276272,50.90717206276272
2026-02-05,IT,-0.008571193994569678,0.49613717415840886,49.61371741584089
2026-02-06,IT,-0.018034149266730568,0.4691556130361316,46.91556130361316
2026-02-09,IT,0.004995815857308087,0.47649524394459064,47.649524394459064
2026-02-10,IT,0.008721932754088314,0.4893731361740068,48.937313617400676
2026-02-11,IT,-0.014804451431530226,0.46732378391609286,46.73237839160929
2026-02-12,IT,-0.05272371868610087,0.3899610175114756,38.99610175114756
2026-02-13,IT,-0.02382424903028173,0.35684624008789845,35.68462400878985
2026-02-16,IT,-0.001993433733142588,0.35414145702221966,35.414145702221965
2026-02-17,IT,0.011222757761464693,0.36933865856913695,36.9338658569137
2026-02-18,IT,-0.009716543831331512,0.3560334194732133,35.60334194732133
2026-02-19,IT,-0.008969163476122491,0.3438709340548727,34.38709340548727
2026-02-20,IT,-0.007425998109607108,0.33389135103902534,33.38913510390253
2026-02-23,IT,-0.01193565731170226,0.3179704809819801,31.79704809819801
2026-02-24,IT,-0.0463932376474196,0.2568255632454992,25.68255632454992
2026-02-25,IT,0.014383032141853384,0.2749025257183624,27.490252571836237
2026-02-26,IT,0.004998065571203689,0.2812745721387959,28.12745721387959
2026-02-27,IT,0.0011548422891767742,0.28275424219874856,28.275424219874857
2026-03-02,IT,-0.015421596322741357,0.2629721240942755,26.29721240942755
2026-03-04,IT,-0.010481697558191762,0.24973403226509228,24.973403226509227
2026-03-05,IT,-0.006427401292013468,0.2417014901314385,24.17014901314385
2026-03-06,IT,-0.004861037342717589,0.2356655328194015,23.566553281940152
2026-03-09,IT,-0.004761595033609494,0.2297817939551261,22.978179395512612
2026-03-10,IT,0.009826154018187294,0.2418658192712917,24.18658192712917
2026-03-11,IT,-0.007735462407697063,0.2322594129109148,23.22594129109148
2026-03-12,IT,-0.0058921643011643375,0.22499873798838732,22.49987379883873
2026-03-13,IT,-0.016953990021659204,0.20423012160798715,20.423012160798713
2026-03-16,IT,-0.011399028952333625,0.1905030675865056,19.05030675865056
2026-03-17,IT,-0.0015127754953334568,0.1887021037187413,18.87021037187413
2026-03-18,IT,0.03146192140685416,0.22610095588210255,22.610095588210257
2026-03-19,IT,-0.03241274890365901,0.18635965346855965,18.635965346855965
2026-03-20,IT,0.009858980187607173,0.19805594978748275,19.805594978748275
2026-03-23,IT,-0.01937879987012626,0.1748390633033372,17.48390633033372
2026-03-24,IT,0.017169525217382523,0.19501049222708988,19.50104922270899
2026-03-25,IT,0.00770561731771839,0.20421878577085018,20.421878577085018
2026-03-27,IT,-0.013745407200420244,0.18766630820203423,18.766630820203424
2026-03-30,IT,-0.026895495462862008,0.15572343439839242,15.572343439839242
2026-04-01,IT,0.03968756753434515,0.20159128625210387,20.159128625210386
2026-04-02,IT,0.028377284040309696,0.23568918348244083,23.568918348244082
2026-04-06,IT,0.0039689617419516625,0.240593586576626,24.0593586576626
2026-04-07,IT,0.018272376676463947,0.2632621798929593,26.32621798929593
2026-04-08,IT,0.015158917086049328,0.28241186653589856,28.241186653589857
2026-04-09,IT,0.003563604410595801,0.2869818751196862,28.69818751196862
2026-04-10,IT,-0.003039302026028131,0.28307034849917345,28.307034849917343
2026-04-13,IT,-0.01148357650556103,0.2683361119901664,26.833611199016637
2026-04-15,IT,0.03648521150023428,0.3146116232895124,31.461162328951243
2026-04-16,IT,0.018788643583037824,0.33931139252961784,33.931139252961785
2026-04-17,IT,0.0026608420355735143,0.3428750885815832,34.28750885815832
2026-04-20,IT,-0.012097596654156422,0.32662952740300866,32.66295274030087
2026-04-21,IT,0.009764190967359546,0.3395829914515096,33.95829914515096
2026-04-22,IT,-0.023164187603131058,0.3085526397275633,30.85526397275633
2026-04-23,IT,-0.006413028057894682,0.3001608549337582,30.016085493375822
2026-04-24,IT,-0.03696072367027335,0.25210596884764525,25.210596884764524
2026-04-27,IT,0.02620127040007844,0.2849127359069745,28.491273590697453
2026-04-28,IT,-0.0044509358505068555,0.27919367174595333,27.919367174595333
2026-04-29,IT,0.0030046649524688427,0.28303722013886845,28.303722013886844
2026-04-30,IT,0.002707422656698392,0.28651094417805956,28.651094417805957
2026-05-01,IT,0.0,0.28651094417805956,28.651094417805957
2026-05-04,IT,-0.0021123993818977726,0.283793319254773,28.379331925477302
2026-05-05,IT,0.0009711626282374173,0.28504009134881403,28.504009134881404
2026-05-06,IT,0.016478322293387016,0.3062153961339833,30.62153961339833
2026-05-07,IT,-0.007028009693050163,0.29703530166874237,29.703530166874238
2026-05-08,IT,0.015247048907709665,0.3168112623483117,31.68112623483117
2026-05-11,IT,-0.0067327163009409195,0.3079455456970366,30.794554569703656
2026-05-12,IT,-0.03866875654104203,0.2573689178215375,25.736891782153748
2023-05-12,Media,,,
2023-05-15,Media,0.016251301602372314,0.016251301602372425,1.6251301602372425
2023-05-16,Media,-0.0036723108296236595,0.012519310941878858,1.2519310941878858
2023-05-17,Media,-0.013244446002275014,-0.0008909463981515708,-0.08909463981515708
2023-05-18,Media,-0.009546743339217012,-0.010429184100776423,-1.0429184100776423
2023-05-19,Media,-0.000944917879309011,-0.011364247257562021,-1.1364247257562021
2023-05-22,Media,0.0029754403640974356,-0.008422620533462433,-0.8422620533462433
2023-05-23,Media,0.007211294235662802,-0.001272064292701769,-0.1272064292701769
2023-05-24,Media,0.010452034614050816,0.009166674661330587,0.9166674661330587
2023-05-25,Media,0.0037262980209072094,0.012927130443886492,1.2927130443886492
2023-05-26,Media,0.011774933414020167,0.024854279958117953,2.4854279958117953
2023-05-29,Media,0.00459638703072069,0.029564906878895902,2.9564906878895902
2023-05-30,Media,0.008539821997705789,0.03835720791872621,3.835720791872621
2023-05-31,Media,0.004348900808271293,0.0428729204195184,4.28729204195184
2023-06-01,Media,0.006204770345148901,0.04934370738989613,4.934370738989613
2023-06-02,Media,0.01123906502488671,0.06113734955070704,6.113734955070704
2023-06-05,Media,0.002617564471151426,0.06391494497590289,6.391494497590289
2023-06-06,Media,0.0006907725263333026,0.06464986819024765,6.464986819024765
2023-06-07,Media,0.017575904483922287,0.08336205258237994,8.336205258237994
2023-06-08,Media,-0.015486058257790175,0.06658504472181015,6.658504472181015
2023-06-09,Media,-0.005195752305011465,0.06104333301720599,6.104333301720599
2023-06-12,Media,0.014470209998770099,0.07639685286375997,7.639685286375997
2023-06-13,Media,0.012863474548467577,0.09024305638462349,9.024305638462348
2023-06-14,Media,0.001825485729012838,0.09223327952520877,9.223327952520876
2023-06-15,Media,-0.002478894305332699,0.08952574866849883,8.952574866849883
2023-06-16,Media,0.017010563347173054,0.10805919543460063,10.805919543460064
2023-06-19,Media,-0.00304940733258275,0.10468027159910664,10.468027159910665
2023-06-20,Media,0.006055428099143931,0.11136958355631776,11.136958355631776
2023-06-21,Media,0.008822582103276862,0.12117473295432801,12.117473295432802
2023-06-22,Media,0.0017308562213758025,0.12311532521611146,12.311532521611145
2023-06-23,Media,-0.020962037049842543,0.09957254015768524,9.957254015768523
2023-06-26,Media,0.008433738015451053,0.10884604689035915,10.884604689035914
2023-06-27,Media,0.0009891223991170747,0.10994283135251082,10.99428313525108
2023-06-28,Media,-0.00270476813998502,0.10694069334506384,10.694069334506384
2023-06-30,Media,-0.005550512240731317,0.10079660547688851,10.079660547688851
2023-07-03,Media,0.0058113856883470275,0.10719375911573792,10.719375911573792
2023-07-04,Media,0.009187666232174665,0.11736628582884001,11.736628582884002
2023-07-05,Media,0.0210096519895357,0.140841762638944,14.084176263894399
2023-07-06,Media,0.009361254258490555,0.15152147244771186,15.152147244771186
2023-07-07,Media,0.005922573148395963,0.15834144260023209,15.834144260023209
2023-07-10,Media,0.006071022789775088,0.16537375989659897,16.537375989659896
2023-07-11,Media,-0.003528400042974701,0.16126185507209811,16.12618550720981
2023-07-12,Media,0.002951692979814506,0.16468954353744092,16.468954353744092
2023-07-13,Media,-0.011034051529212975,0.1518382990985132,15.18382990985132
2023-07-14,Media,0.027947014480711428,0.18402874072285735,18.402874072285734
2023-07-17,Media,0.018995584904412582,0.20652005919652305,20.652005919652304
2023-07-18,Media,-0.0069508538287571045,0.19813371462358464,19.813371462358464
2023-07-19,Media,0.011358943225737335,0.21174324746483575,21.174324746483574
2023-07-20,Media,0.013402700467835267,0.2279838792545288,22.79838792545288
2023-07-21,Media,0.00811998049902668,0.2379550844071947,23.79550844071947
2023-07-24,Media,0.0016340141970168087,0.23997792059038514,23.997792059038513
2023-07-25,Media,-0.005699302274606889,0.23291091160710198,23.2910911607102
2023-07-26,Media,0.0038669797822597635,0.23767855317561404,23.767855317561406
2023-07-27,Media,-0.006870050922541539,0.22917563848956002,22.917563848956
2023-07-28,Media,0.007882881748574343,0.23886508469600165,23.886508469600166
2023-07-31,Media,0.006427562705063589,0.24682796771099924,24.682796771099923
2023-08-01,Media,0.011605227857040969,0.26129769037481654,26.129769037481655
2023-08-02,Media,-0.0038307015163397753,0.2564660353997419,25.646603539974187
2023-08-03,Media,0.021228839156836085,0.2831393507712705,28.31393507712705
2023-08-04,Media,-0.005335352523046712,0.27629334999871236,27.629334999871237
2023-08-07,Media,0.0019942529514731105,0.27883860177889286,27.883860177889286
2023-08-08,Media,0.01165578028544667,0.2937444635417754,29.374446354177543
2023-08-09,Media,0.00913115970470732,0.30555785085545617,30.555785085545615
2023-08-10,Media,0.015064895912870815,0.3252259439868248,32.52259439868248
2023-08-11,Media,-0.009608334360516911,0.31249273001376787,31.249273001376785
2023-08-14,Media,-0.002292868354098067,0.30948335696813567,30.948335696813565
2023-08-16,Media,0.007168977838600238,0.3188710141342559,31.88710141342559
2023-08-17,Media,-0.003386507100813854,0.3144046480798326,31.44046480798326
2023-08-18,Media,0.0069117566378941245,0.32348949313107744,32.348949313107745
2023-08-21,Media,0.0047514896964656606,0.32977803982107057,32.977803982107055
2023-08-22,Media,0.004343867441821275,0.33555441935309815,33.555441935309815
2023-08-23,Media,0.01646732303700129,0.35754742541008033,35.754742541008035
2023-08-24,Media,-0.007892530103550337,0.346832941488034,34.6832941488034
2023-08-25,Media,-0.01092559375877266,0.33211799190840297,33.211799190840296
2023-08-28,Media,0.0011448276397333992,0.33364303740492596,33.364303740492595
2023-08-29,Media,0.009380925928171982,0.34615384395344395,34.61538439534439
2023-08-30,Media,0.007184360667476991,0.35582509868231615,35.58250986823162
2023-08-31,Media,-0.0060294751379551675,0.3476501849583955,34.76501849583955
2023-09-01,Media,0.004163108431201525,0.35326059880570604,35.326059880570604
2023-09-04,Media,0.016022492255484688,0.3749432062697231,37.49432062697231
2023-09-05,Media,0.024722246422083267,0.4089348910314925,40.89348910314925
2023-09-06,Media,-0.0033860122067303627,0.4041642202919715,40.41642202919715
2023-09-07,Media,0.0031116317264760496,0.40853346222901465,40.853346222901465
2023-09-08,Media,-0.007200214032321725,0.39839171982927857,39.83917198292786
2023-09-11,Media,0.0013342488304025277,0.4002575223459053,40.02575223459053
2023-09-12,Media,-0.047233124434509895,0.3341189845525827,33.41189845525827
2023-09-13,Media,0.01781330113450865,0.3578840477736829,35.788404777368285
2023-09-14,Media,-0.0014189401397064275,0.35595729159322964,35.595729159322964
2023-09-15,Media,0.017406742871098654,0.3795600915121844,37.95600915121844
2023-09-18,Media,-0.0034427391145343406,0.37481062602428494,37.481062602428494
2023-09-20,Media,0.0006930785436349354,0.3757634777707437,37.57634777707437
2023-09-21,Media,-0.0015209075459164043,0.3736710687160061,37.36710687160061
2023-09-22,Media,0.00020172970199567458,0.37394817897133814,37.39481789713381
2023-09-25,Media,0.004900364885465573,0.3806810263820186,38.068102638201864
2023-09-26,Media,-0.0080569293219507,0.3695569769363003,36.95569769363003
2023-09-27,Media,-0.0027534782086666917,0.3657859316447787,36.578593164477866
2023-09-28,Media,-0.0027914074458532875,0.3619734666257437,36.19734666257437
2023-09-29,Media,0.01048388534141334,0.37625224028789517,37.62522402878952
2023-10-03,Media,0.02400515688078001,0.4092893912235309,40.92893912235309
2023-10-04,Media,-0.006416390309418506,0.40024684043051795,40.02468404305179
2023-10-05,Media,0.025449633986218807,0.4358826100098341,43.58826100098341
2023-10-06,Media,-0.008351651433028615,0.42389061895228464,42.389061895228465
2023-10-09,Media,-0.02814158504781105,0.3838200800002587,38.38200800002587
2023-10-10,Media,0.016697141782226747,0.40692592007711537,40.69259200771154
2023-10-11,Media,0.015221235693462933,0.4283410711098512,42.83410711098512
2023-10-12,Media,0.0299691612272648,0.47114725495746645,47.11472549574665
2023-10-13,Media,0.002659363793197221,0.47505957070176197,47.505957070176194
2023-10-16,Media,0.0031619703111705685,0.4797236652715289,47.972366527152886
2023-10-17,Media,-0.0030579495011026844,0.4751987450275419,47.51987450275419
2023-10-18,Media,-0.006419719930954894,0.4657283822419689,46.572838224196886
2023-10-19,Media,0.004725757568655398,0.47265505923794193,47.265505923794194
2023-10-20,Media,-0.010333017237834558,0.45743808912545214,45.74380891254521
2023-10-23,Media,-0.06074200749664734,0.36891037378989444,36.891037378989445
2023-10-25,Media,-0.014275911490082768,0.3493679304558137,34.93679304558137
2023-10-26,Media,0.004990541902761443,0.3561020076549959,35.61020076549959
2023-10-27,Media,0.0183844275877052,0.38103316681627075,38.10331668162708
2023-10-30,Media,-0.0032875431333445893,0.37649296071178284,37.649296071178284
2023-10-31,Media,-0.005196134203720754,0.36934051855744743,36.93405185574474
2023-11-01,Media,-0.001164604669606259,0.36774577819525445,36.77457781952545
2023-11-02,Media,0.0061205085202086715,0.37611707788417803,37.6117077884178
2023-11-03,Media,0.01512385253014873,0.3969292696343174,39.69292696343174
2023-11-06,Media,0.01748784827166152,0.42135855674792544,42.135855674792545
2023-11-07,Media,-0.006238273770769111,0.4124917329445066,41.24917329445066
2023-11-08,Media,0.0020421938790558536,0.4153763149157428,41.53763149157428
2023-11-09,Media,-0.004579352696353456,0.4088948075716785,40.88948075716785
2023-11-10,Media,0.003199130860331377,0.4134020464295418,41.340204642954184
2023-11-13,Media,0.0056342488739909435,0.42136550531813377,42.13655053181338
2023-11-15,Media,0.02189609009585939,0.4524878524817262,45.24878524817262
2023-11-16,Media,0.00019003035607940977,0.45276386926553425,45.27638692655343
2023-11-17,Media,0.008192742314839921,0.46466598929073677,46.466598929073676
2023-11-20,Media,-0.001332426281168718,0.4627144298334718,46.27144298334718
2023-11-21,Media,0.0038452025035903142,0.46833886302110495,46.83388630211049
2023-11-22,Media,-0.008533027456372341,0.45580948718768743,45.580948718768745
2023-11-23,Media,0.010276004032121047,0.4707693913480282,47.07693913480282
2023-11-24,Media,0.002744169421311504,0.4748054317375663,47.48054317375663
2023-11-28,Media,0.014495684528907204,0.4961837460175529,49.61837460175529
2023-11-29,Media,-0.004078413100409552,0.490081690627175,49.0081690627175
2023-11-30,Media,-0.0030364795652257637,0.4855570880230684,48.55570880230684
2023-12-01,Media,0.0038781416207936334,0.49131828879619555,49.131828879619555
2023-12-04,Media,0.0003869011452909618,0.4918952815501243,49.18952815501243
2023-12-05,Media,0.015753735841960395,0.5153982057195321,51.53982057195321
2023-12-06,Media,0.01474590707463945,0.5377441268421477,53.77441268421477
2023-12-07,Media,0.0016906465440651372,0.5403439086358499,54.03439086358499
2023-12-08,Media,-0.011548318126535263,0.5225555271546525,52.25555271546525
2023-12-11,Media,0.015548043320925214,0.546228286449367,54.6228286449367
2023-12-12,Media,-0.002443023266426911,0.5424508147703639,54.24508147703639
2023-12-13,Media,0.004252076191867529,0.5490094331569759,54.90094331569759
2023-12-14,Media,0.0004428054005516796,0.5496953428994833,54.96953428994833
2023-12-15,Media,-0.00331144372510081,0.5445636139804209,54.456361398042084
2023-12-18,Media,0.010303127041028218,0.560477449118211,56.0477449118211
2023-12-19,Media,0.003247334914633415,0.5655448420222304,56.554484202223044
2023-12-20,Media,-0.05277033067289091,0.48293052302547856,48.293052302547856
2023-12-21,Media,0.019382967258409455,0.5116741167997774,51.16741167997774
2023-12-22,Media,0.008072521943976903,0.5238771392797856,52.38771392797857
2023-12-26,Media,0.0029506255353268854,0.5283735300796455,52.83735300796455
2023-12-27,Media,-0.00026098916493737245,0.5279746411483177,52.79746411483177
2023-12-28,Media,-0.005677499520333404,0.5192995658561166,51.929956585611656
2023-12-29,Media,0.0037446140540576614,0.5249887563627449,52.49887563627449
2024-01-01,Media,0.012123345453026436,0.5434767218681118,54.34767218681118
2024-01-02,Media,0.004315137756225017,0.5501370365464993,55.01370365464992
2024-01-03,Media,0.009066325021159942,0.5641910827471677,56.41910827471677
2024-01-04,Media,0.008564998286604612,0.5775883766908192,57.75883766908192
2024-01-05,Media,0.017160784634568625,0.6046610310652092,60.46610310652092
2024-01-08,Media,0.02880895053320781,0.6508896313317332,65.08896313317332
2024-01-09,Media,-0.01816593421401174,0.6208996788943668,62.08996788943668
2024-01-10,Media,0.043655249518149,0.6916604588203881,69.1660458820388
2024-01-11,Media,-0.0007249708695555163,0.6904340542665643,69.04340542665643
2024-01-12,Media,-0.008572719239543926,0.6759424377263732,67.59424377263731
2024-01-15,Media,-0.006788518023149816,0.664565272282106,66.4565272282106
2024-01-16,Media,-0.007586434177090984,0.6519371574104662,65.19371574104662
2024-01-17,Media,0.006773423120409391,0.6631264267459334,66.31264267459333
2024-01-18,Media,-0.0033138453770545848,0.6576150829252041,65.7615082925204
2024-01-19,Media,0.0023551867310534144,0.6615190759737035,66.15190759737035
2024-01-23,Media,-0.07414202915492077,0.5383306802014043,53.83306802014043
2024-01-24,Media,0.030186477593213232,0.5847674648102565,58.47674648102566
2024-01-25,Media,0.018620369345766677,0.6142764203321778,61.42764203321778
2024-01-29,Media,-0.0008915109790575068,0.612837275180218,61.283727518021806
2024-01-30,Media,0.008280392771668567,0.6261922012954979,62.61922012954979
2024-01-31,Media,-0.0036070496775151076,0.6203264452402373,62.03264452402373
2024-02-01,Media,-0.006116073473509662,0.6104164096500773,61.04164096500773
2024-02-02,Media,-0.0009863210901780509,0.6088280219812705,60.88280219812705
2024-02-05,Media,0.008059305569438652,0.6217940586190931,62.17940586190931
2024-02-06,Media,0.011180242409714908,0.6399261093330899,63.99261093330899
2024-02-07,Media,0.01175435578420228,0.6592023842819938,65.92023842819938
2024-02-08,Media,-0.007170776032545671,0.647304615591642,64.7304615591642
2024-02-09,Media,-0.016892667368892784,0.6194772466652105,61.947724666521054
2024-02-12,Media,-0.048458663453331316,0.5409995437987336,54.09995437987336
2024-02-13,Media,0.008101275628611931,0.5534836058466122,55.348360584661215
2024-02-14,Media,0.028186826301759157,0.597271378407241,59.7271378407241
2024-02-15,Media,0.018319320736335583,0.6265323050912521,62.653230509125216
2024-02-16,Media,0.017481799467414107,0.6549670166761283,65.49670166761284
2024-02-19,Media,0.01079418178328638,0.6728310314994737,67.28310314994737
2024-02-20,Media,0.008977896902650793,0.687849536035831,68.7849536035831
2024-02-21,Media,-0.024449722588889396,0.6465820831079692,64.65820831079692
2024-02-22,Media,0.009671202053667019,0.6625065111316544,66.25065111316543
2024-02-23,Media,0.006258836906975616,0.6729118682416124,67.29118682416124
2024-02-26,Media,-0.0017153268614708839,0.6700422775771442,67.00422775771442
2024-02-27,Media,-0.015130330979164275,0.6447739851682046,64.47739851682046
2024-02-28,Media,-0.0315673474962513,0.5928528332256058,59.28528332256058
2024-02-29,Media,0.0020569787815078178,0.5961292977056156,59.612929770561564
2024-03-01,Media,0.0029326987882518987,0.6008102641628901,60.081026416289006
2024-03-04,Media,0.0017886576730255024,0.603673565724943,60.3673565724943
2024-03-05,Media,-0.021011914296367104,0.5699773142025812,56.99773142025813
2024-03-06,Media,-0.03161793488028254,0.5203378737186031,52.033787371860306
2024-03-07,Media,0.018837799188771785,0.5489776932827986,54.89776932827986
2024-03-11,Media,-0.033790590690633324,0.49663682206015825,49.66368220601582
2024-03-12,Media,-0.026390704047008114,0.4571395226233137,45.71395226233137
2024-03-13,Media,-0.06213205238189231,0.36660445347595627,36.660445347595626
2024-03-14,Media,0.03226992381511114,0.41070467507501696,41.0704675075017
2024-03-15,Media,0.0036930939987026984,0.41591454004447836,41.59145400444784
2024-03-18,Media,0.003831157411546375,0.4213391315286861,42.13391315286861
2024-03-19,Media,-0.016534556104289506,0.3978379199152029,39.78379199152029
2024-03-20,Media,0.012561194026133038,0.41539643324434383,41.53964332443438
2024-03-21,Media,0.013964202857352837,0.43516131616174136,43.516131616174135
2024-03-22,Media,0.00903320897143621,0.4481254282383518,44.81254282383518
2024-03-26,Media,-0.019870824332824215,0.41934998224193176,41.93499822419318
2024-03-27,Media,-0.010966028433414453,0.4037853499797004,40.378534997970036
2024-03-28,Media,-0.001305952480280391,0.40195207302011315,40.19520730201131
2024-04-01,Media,0.04731070832639972,0.46827941863435907,46.82794186343591
2024-04-02,Media,0.018596465226607344,0.4955842257859362,49.55842257859362
2024-04-03,Media,0.017079193432460955,0.5211275980726717,52.112759807267174
2024-04-04,Media,0.0006696966356377759,0.5221462921074769,52.21462921074769
2024-04-05,Media,-0.0023854123999101917,0.5185153454678064,51.85153454678064
2024-04-08,Media,-0.0023512919336951266,0.5149448725848158,51.494487258481584
2024-04-09,Media,-0.009489372376468228,0.5005689965590374,50.05689965590374
2024-04-10,Media,0.005493749454831276,0.5088127466658203,50.88127466658203
2024-04-12,Media,-0.014478186472437003,0.4869678743676027,48.69678743676027
2024-04-15,Media,-0.02202829858888583,0.45421250203895225,45.42125020389523
2024-04-16,Media,0.014555440195070816,0.47537920514330434,47.53792051433044
2024-04-18,Media,0.006535561541579658,0.4850216367356852,48.50216367356852
2024-04-19,Media,-0.008592541472891568,0.47226152673389254,47.22615267338925
2024-04-22,Media,0.00892711942918508,0.4854045812140404,48.54045812140404
2024-04-23,Media,0.011466655201227083,0.5024372033811448,50.243720338114485
2024-04-24,Media,0.010405089754954779,0.5180701973335089,51.80701973335089
2024-04-25,Media,0.00525100159203374,0.5260415863565262,52.604158635652624
2024-04-26,Media,0.0034528127736650274,0.5313107222390421,53.131072223904205
2024-04-29,Media,-0.007172084028061423,0.5203280330660722,52.03280330660722
2024-04-30,Media,-0.00405274339321731,0.5141665336745407,51.41665336745407
2024-05-02,Media,-0.008958471305451986,0.5006019162309416,50.06019162309416
2024-05-03,Media,-0.005620935670658092,0.49216712939254115,49.216712939254116
2024-05-06,Media,-0.017865412190590076,0.46550894856869385,46.550894856869384
2024-05-07,Media,-0.01468067626244645,0.44399428613503855,44.39942861350386
2024-05-08,Media,0.001031511428233954,0.44548378274349143,44.54837827434914
2024-05-09,Media,-0.022257315992888466,0.41331119342837375,41.331119342837376
2024-05-10,Media,0.010251750077126073,0.427800106564606,42.7800106564606
2024-05-13,Media,-0.0017185214262581405,0.4253464014890611,42.534640148906114
2024-05-14,Media,0.014956381355802649,0.4466644258338526,44.666442583385255
2024-05-15,Media,-0.005422776551606105,0.4388194879073981,43.88194879073981
2024-05-16,Media,0.0015962591103643661,0.44111621662314016,44.111621662314015
2024-05-17,Media,0.004971638003201925,0.4482809247727342,44.828092477273415
2024-05-21,Media,0.0005815726839390883,0.44912320539725203,44.9123205397252
2024-05-22,Media,0.009988673716791546,0.4635980242713964,46.35980242713964
2024-05-23,Media,0.014016264609340717,0.48411220146129263,48.41122014612927
2024-05-24,Media,-0.003910917323540465,0.47830796134251985,47.83079613425198
2024-05-27,Media,-0.005186207209268816,0.4706411499358858,47.06411499358858
2024-05-28,Media,-0.003414363292926305,0.46561984677647783,46.561984677647786
2024-05-29,Media,0.0022435672359370287,0.46890806344504465,46.89080634450447
2024-05-30,Media,-0.0025885600303602457,0.46510570674373697,46.510570674373696
2024-05-31,Media,0.0017901725927736006,0.46772849882546574,46.77284988254657
2024-06-03,Media,0.023888087617083553,0.502789725803499,50.2789725803499
2024-06-04,Media,-0.06533304217627325,0.40460790126550883,40.46079012655088
2024-06-05,Media,0.03282909362223796,0.45071990555868946,45.07199055586894
2024-06-06,Media,0.03445208484214753,0.5007002308271895,50.07002308271895
2024-06-07,Media,0.01805967323453036,0.527802386618913,52.780238661891296
2024-06-10,Media,0.011132266089409044,0.5448102893187889,54.481028931878896
2024-06-11,Media,0.014263285359996908,0.5668443593024022,56.68443593024022
2024-06-12,Media,0.01829649755861977,0.5955121232971157,59.55121232971157
2024-06-13,Media,0.0017629205516765181,0.5983248844097251,59.83248844097251
2024-06-14,Media,0.0017746083213620312,0.6011612850498387,60.11612850498387
2024-06-18,Media,-0.0038857619565042245,0.5949395534421646,59.49395534421647
2024-06-19,Media,-0.00480971577227151,0.5872683475161542,58.72683475161542
2024-06-20,Media,0.0011671469364336398,0.5891209229052556,58.912092290525564
2024-06-21,Media,0.003113088109028085,0.5940679963541595,59.40679963541595
2024-06-24,Media,-0.004672228077975064,0.586620147103392,58.66201471033921
2024-06-25,Media,-0.010423020321678786,0.5700827730673486,57.008277306734854
2024-06-26,Media,0.007679263056923069,0.582139851702876,58.2139851702876
2024-06-27,Media,-0.011925315050355642,0.5632723355175961,56.32723355175961
2024-06-28,Media,0.003620519461527444,0.5689321934320053,56.89321934320053
2024-07-01,Media,0.025026960865695426,0.6081977980379578,60.81977980379578
2024-07-02,Media,0.021391313585228895,0.6425992614428622,64.25992614428621
2024-07-03,Media,0.003531426150971191,0.6483999794302873,64.83999794302872
2024-07-04,Media,-0.0066648748510798675,0.6374135998628616,63.74135998628616
2024-07-05,Media,-0.0009252229037827533,0.6358986272973033,63.58986272973033
2024-07-08,Media,-0.004494730125624492,0.6285457044547222,62.85457044547223
2024-07-09,Media,0.007878753283000903,0.641376614270212,64.1376614270212
2024-07-10,Media,-0.01281908941292429,0.6203356606915991,62.0335660691599
2024-07-11,Media,0.009181111251993702,0.6352121426579813,63.52121426579813
2024-07-12,Media,-0.000918778774357254,0.6337097444497359,63.37097444497359
2024-07-15,Media,0.017166130341270618,0.6617542188627641,66.17542188627641
2024-07-16,Media,-0.012138950763332115,0.6415822662192294,64.15822662192295
2024-07-18,Media,-0.010180449924432816,0.6248702201611476,62.48702201611476
2024-07-19,Media,-0.02228830324577931,0.5886546199591596,58.86546199591596
2024-07-22,Media,-0.002800461189532706,0.5842056543523921,58.42056543523921
2024-07-23,Media,-0.0010007171023069666,0.5826203126605103,58.262031266051025
2024-07-24,Media,0.03092801915434311,0.6315676240045269,63.15676240045269
2024-07-25,Media,0.006066615450816305,0.6414657173613643,64.14657173613642
2024-07-26,Media,0.0171597293855119,0.6696328248668804,66.96328248668803
2024-07-29,Media,0.012137295658392298,0.6898976521032463,68.98976521032463
2024-07-30,Media,0.004984817395400368,0.6983214833158968,69.83214833158968
2024-07-31,Media,0.004683883960971066,0.7062762240721727,70.62762240721727
2024-08-01,Media,-0.013568103174706095,0.6831252922194135,68.31252922194136
2024-08-02,Media,-0.00390262857656528,0.6765566793560582,67.65566793560582
2024-08-05,Media,-0.05521990371044956,0.5839773809569055,58.397738095690556
2024-08-06,Media,-0.004730940059185139,0.5764836789124934,57.64836789124934
2024-08-07,Media,0.024283592036895466,0.6147663654240287,61.47663654240287
2024-08-08,Media,-0.002944287484623352,0.6100120290237199,61.001202902371986
2024-08-09,Media,0.0189263856773694,0.6404837376302268,64.04837376302268
2024-08-12,Media,-0.01837928235064773,0.610332823824675,61.033282382467505
2024-08-13,Media,-0.01362141369086834,0.5883978142513748,58.83978142513748
2024-08-14,Media,-0.0031502199671274433,0.5833940117411787,58.33940117411787
2024-08-16,Media,0.016360558415219252,0.6092992219645788,60.92992219645787
2024-08-19,Media,0.008848078528883842,0.6235384278569929,62.353842785699285
2024-08-20,Media,0.0032386749740085027,0.6287965411326344,62.87965411326344
2024-08-21,Media,0.013609722509253741,0.6509640100814817,65.09640100814818
2024-08-22,Media,0.0013846407397274454,0.6532500021096646,65.32500021096645
2024-08-23,Media,-0.006678955630799892,0.6422080186989543,64.22080186989542
2024-08-26,Media,-0.006926286344618941,0.630833615724016,63.0833615724016
2024-08-27,Media,0.0161248748594277,0.6571306036941136,65.71306036941135
2024-08-28,Media,0.00045041817041874266,0.6578770054287746,65.78770054287746
2024-08-29,Media,-0.005887764142276208,0.6481158166439067,64.81158166439067
2024-08-30,Media,-0.003912650517472624,0.6416673154410601,64.16673154410601
2024-09-02,Media,-0.007028241302904074,0.6301292814090498,63.012928140904975
2024-09-03,Media,0.0046070874812922935,0.6376394296143173,63.76394296143173
2024-09-04,Media,-0.0027237731990393324,0.6331788712262436,63.31788712262436
2024-09-05,Media,0.010204273862041285,0.6498442756939358,64.98442756939357
2024-09-06,Media,-0.009287098974122186,0.6345220086136774,63.452200861367736
2024-09-09,Media,-0.008821616415346505,0.6201028824312458,62.01028824312458
2024-09-10,Media,0.02586041668038229,0.661999418036006,66.19994180360061
2024-09-11,Media,-0.01325740067548313,0.639965625828683,63.9965625828683
2024-09-12,Media,0.0005309827394410424,0.6408364192692748,64.08364192692748
2024-09-13,Media,0.006500575915721243,0.651502800978015,65.1502800978015
2024-09-16,Media,0.00882095096801764,0.6660706262089859,66.60706262089859
2024-09-17,Media,-0.00906733853545965,0.6509637998171638,65.09637998171638
2024-09-18,Media,-0.005048190935847435,0.6426294193275146,64.26294193275146
2024-09-19,Media,-0.023422975391238728,0.6041541508616814,60.415415086168146
2024-09-20,Media,0.002866268157283705,0.6087520868236709,60.87520868236709
2024-09-23,Media,0.008998364791565051,0.6232282249601018,62.322822496010176
2024-09-24,Media,-0.0025914310017376985,0.6190217410150447,61.90217410150447
2024-09-25,Media,0.027638940689304864,0.6637697868896548,66.37697868896548
2024-09-26,Media,0.007671462036303998,0.6765333336469286,67.65333336469286
2024-09-27,Media,-0.015372306444971624,0.6507611494768981,65.07611494768982
2024-09-30,Media,0.010779079888480397,0.6685548357839093,66.85548357839093
2024-10-01,Media,0.0111410771168238,0.6871443338830272,68.71443338830272
2024-10-03,Media,-0.026254210321943326,0.6428496916977873,64.28496916977873
2024-10-04,Media,-0.018336251259994857,0.6127259869684116,61.272598696841165
2024-10-07,Media,-0.03149165847872039,0.5619385709670452,56.19385709670453
2024-10-08,Media,0.029001799657334272,0.6072376004792943,60.72376004792943
2024-10-09,Media,0.00833085354982898,0.6206272615486659,62.06272615486659
2024-10-10,Media,-0.00537858998955279,0.6119105719829039,61.19105719829039
2024-10-11,Media,0.0015478043930388305,0.6144054942474046,61.44054942474047
2024-10-14,Media,-0.008578432171468489,0.6005564262177572,60.05564262177572
2024-10-15,Media,-0.0003469271145274816,0.6000011497951712,60.000114979517114
2024-10-16,Media,0.0019733833527017866,0.6031585654284808,60.31585654284808
2024-10-17,Media,-0.018072923600400685,0.5741848031561638,57.418480315616385
2024-10-18,Media,-0.0008866666796437592,0.5727890259436037,57.27890259436037
2024-10-21,Media,-0.020042919708537145,0.5412657417781477,54.12657417781477
2024-10-22,Media,-0.03295140104014229,0.49047887621138364,49.047887621138365
2024-10-23,Media,0.006168060657927903,0.49967224032921576,49.96722403292158
2024-10-24,Media,-0.009461841977014988,0.48548257857390476,48.548257857390475
2024-10-25,Media,-0.027062268033336175,0.44528205087368633,44.52820508736863
2024-10-28,Media,0.004574961030694845,0.4518941599347963,45.18941599347963
2024-10-29,Media,0.011946211516988249,0.46923879466965723,46.92387946696572
2024-10-30,Media,0.024551384405513285,0.5053106411010848,50.53106411010848
2024-10-31,Media,0.020366744794001593,0.5359689187640857,53.59689187640857
2024-11-01,Media,0.0075386204412767055,0.5475480054522461,54.75480054522461
2024-11-04,Media,-0.01950712497098176,0.5173597931112957,51.73597931112957
2024-11-05,Media,-0.0024577640367184975,0.5136304807810241,51.363048078102416
2024-11-06,Media,0.017706529253253347,0.5404316231675894,54.04316231675894
2024-11-07,Media,-0.0037837730027382513,0.5346029795792837,53.46029795792837
2024-11-08,Media,-0.017289899000578576,0.5080698490563711,50.80698490563711
2024-11-11,Media,-0.015884732844715893,0.4841145623929395,48.41145623929395
2024-11-12,Media,-0.010227363261058095,0.4689359836423206,46.89359836423206
2024-11-13,Media,-0.021100301387510144,0.43794099166850886,43.794099166850884
2024-11-14,Media,0.010953571027202041,0.4536915804536752,45.36915804536752
2024-11-18,Media,-0.008326202254098344,0.44158785033973813,44.158785033973814
2024-11-19,Media,0.010981524818737598,0.45741868309663447,45.741868309663445
2024-11-21,Media,-0.020087225198181263,0.42814318580123567,42.81431858012357
2024-11-22,Media,0.005781153444619255,0.43639950069924005,43.639950069924005
2024-11-25,Media,0.011798795284084257,0.4533472843541513,45.33472843541513
2024-11-26,Media,0.00941682835846746,0.4670332062761591,46.70332062761591
2024-11-27,Media,0.01207276792379211,0.48474435771202784,48.474435771202785
2024-11-28,Media,0.0014429784273741822,0.48688681179037174,48.688681179037175
2024-11-29,Media,0.005922111349220882,0.4956923210534825,49.56923210534825
2024-12-02,Media,0.010331612822632591,0.5111452350163916,51.11452350163916
2024-12-03,Media,0.017688365070491527,0.5378749236078952,53.78749236078952
2024-12-04,Media,0.00426122397782968,0.5444281531072761,54.44281531072761
2024-12-05,Media,0.005510886832667254,0.5529393218802354,55.29393218802354
2024-12-06,Media,-0.0011539246652115948,0.5511473468931409,55.11473468931409
2024-12-09,Media,-0.005493616839728745,0.5426259377073483,54.26259377073484
2024-12-10,Media,-0.0020115263403849767,0.539522905000289,53.9522905000289
2024-12-11,Media,-0.0049093659849519175,0.5319648236174261,53.19648236174261
2024-12-12,Media,-0.01926491709489743,0.5024516482981374,50.24516482981374
2024-12-13,Media,-0.004813491702145643,0.4952196097561792,49.521960975617915
2024-12-16,Media,0.0064532432336747506,0.504868625585696,50.4868625585696
2024-12-17,Media,-0.001179100903659705,0.5030942336293789,50.30942336293789
2024-12-18,Media,-0.016545887563266803,0.47822420544275257,47.82242054427526
2024-12-19,Media,-0.008306326367676906,0.46594559274774516,46.59455927477452
2024-12-20,Media,-0.014584844959216088,0.4445650035588731,44.45650035588731
2024-12-23,Media,-0.011888651899522769,0.42739107308532875,42.73910730853287
2024-12-24,Media,0.004699443872107252,0.4340990173168402,43.409901731684016
2024-12-26,Media,-0.011535318353060812,0.4175562286022789,41.755622860227895
2024-12-27,Media,0.0021621294101957997,0.4206211686147463,42.06211686147463
2024-12-30,Media,-0.01577940612073743,0.3982046102514576,39.82046102514576
2024-12-31,Media,0.011455894988872846,0.4142222954394561,41.42222954394561
2025-01-01,Media,0.01656087284299225,0.43764305104595347,43.764305104595344
2025-01-02,Media,-0.000523785806898644,0.43689003402042914,43.689003402042914
2025-01-03,Media,0.01192773945875699,0.45402888397710917,45.40288839771092
2025-01-06,Media,-0.0316276904836107,0.4080413084804513,40.804130848045126
2025-01-07,Media,0.005417785567057493,0.41566977435935737,41.56697743593574
2025-01-08,Media,-0.0006984578987424134,0.41468098862344505,41.468098862344505
2025-01-09,Media,-0.007423779911067206,0.4041787083195336,40.417870831953365
2025-01-10,Media,-0.038876431144692775,0.34958925145070574,34.95892514507057
2025-01-13,Media,-0.04750000394299855,0.28548375668536874,28.548375668536874
2025-01-14,Media,0.038068124852861214,0.3344197128311923,33.44197128311923
2025-01-15,Media,-0.008485557406505265,0.3230964177535909,32.30964177535909
2025-01-16,Media,0.010491437641408252,0.3369776013140233,33.69776013140233
2025-01-17,Media,0.006144838386849372,0.34519311260093555,34.51931126009355
2025-01-20,Media,0.01548061858627612,0.3660175341019962,36.60175341019962
2025-01-21,Media,-0.01617445911531397,0.3439229393458614,34.392293934586135
2025-01-22,Media,-0.016593499699036854,0.32162255445629695,32.1622554456297
2025-01-23,Media,0.007017852082536746,0.33089750605241575,33.089750605241576
2025-01-24,Media,-0.009210633622495183,0.3186390967350743,31.86390967350743
2025-01-27,Media,-0.03785774824100198,0.2687183897901355,26.871838979013553
2025-01-28,Media,-0.005294838800131971,0.26200073043343375,26.200073043343373
2025-01-29,Media,0.017962095445878977,0.2846689080062481,28.46689080062481
2025-01-30,Media,-0.0031916978286251965,0.28056863304206225,28.056863304206225
2025-01-31,Media,0.01152606490149232,0.2953285502173204,29.53285502173204
2025-02-01,Media,0.007563026464809809,0.30512515432323783,30.512515432323784
2025-02-03,Media,-0.007016598899320214,0.2959676146019381,29.59676146019381
2025-02-04,Media,0.010213894185003652,0.3092044906846738,30.92044906846738
2025-02-05,Media,0.010840294252703053,0.323396652600656,32.3396652600656
2025-02-06,Media,-0.0059579543495244525,0.31551191575814763,31.551191575814762
2025-02-07,Media,-0.01297692658258956,0.2984406142088325,29.84406142088325
2025-02-10,Media,-0.016821668623307716,0.2765986764695674,27.659867646956737
2025-02-11,Media,-0.026363528187460294,0.24294303127838734,24.294303127838734
2025-02-12,Media,-0.02048456596182837,0.21748188276737035,21.748188276737036
2025-02-13,Media,0.006291145736168215,0.2251412387230045,22.514123872300452
2025-02-14,Media,-0.027422904466356895,0.1915443075757095,19.15443075757095
2025-02-17,Media,-0.0037579560967657064,0.18706653638048887,18.706653638048888
2025-02-18,Media,-0.010453866608087628,0.1746571011542426,17.465710115424258
2025-02-19,Media,0.020450305255729613,0.19867919744365747,19.867919744365746
2025-02-20,Media,0.00805671465723276,0.2083366137030218,20.83366137030218
2025-02-21,Media,-0.01123750667730311,0.19475792293810423,19.47579229381042
2025-02-24,Media,-0.015456860814058442,0.1762907160167564,17.62907160167564
2025-02-25,Media,0.00020776179772147296,0.17653510429055896,17.653510429055896
2025-02-27,Media,-0.0231688574420403,0.1492761301836949,14.92761301836949
2025-02-28,Media,-0.03803384717735767,0.10556473748370321,10.55647374837032
2025-03-03,Media,-0.01860568369981036,0.0849949496684177,8.49949496684177
2025-03-04,Media,0.01926017608353585,0.10589214344877851,10.58921434487785
2025-03-05,Media,0.03487200652802569,0.14445682149441663,14.445682149441662
2025-03-06,Media,0.013915241063615975,0.16038221405241138,16.03822140524114
2025-03-07,Media,0.017811470913839063,0.181050328106942,18.105032810694198
2025-03-10,Media,-0.025759617610138452,0.15062692327657867,15.062692327657867
2025-03-11,Media,-0.010210143611383435,0.13887885714680048,13.88788571468005
2025-03-12,Media,-0.015139082841208393,0.12163727578235428,12.163727578235427
2025-03-13,Media,-0.009089458219481338,0.11144220062671772,11.144220062671772
2025-03-17,Media,-0.010162137601653465,0.10014757204766456,10.014757204766456
2025-03-18,Media,0.004192095159988293,0.1047594953597184,10.47594953597184
2025-03-19,Media,0.05827821572278723,0.1691429075520896,16.91429075520896
2025-03-20,Media,0.00345882943082583,0.173186773449572,17.3186773449572
2025-03-21,Media,0.019445556870745652,0.1960000435726923,19.600004357269228
2025-03-24,Media,0.009364804527532251,0.20720035019567073,20.720035019567074
2025-03-25,Media,-0.02972737804661322,0.1713134490074002,17.131344900740018
2025-03-26,Media,-0.023060113121057157,0.14430282837307384,14.430282837307384
2025-03-27,Media,0.0071285698775018225,0.15246007104615433,15.246007104615433
2025-03-28,Media,-0.018836420079882336,0.13075184902263803,13.075184902263803
2025-04-01,Media,0.026439491830400938,0.16064835329708282,16.06483532970828
2025-04-02,Media,0.0056989926789864295,0.16726287976540033,16.726287976540032
2025-04-03,Media,0.00327814787338801,0.17108934009238808,17.10893400923881
2025-04-04,Media,-0.02769134815006593,0.1386602974610589,13.866029746105891
2025-04-07,Media,-0.03830133744370485,0.09504808517425345,9.504808517425346
2025-04-08,Media,0.02833374966695762,0.12607490349286188,12.607490349286188
2025-04-09,Media,-0.008800929807421129,0.11616439730932271,11.616439730932271
2025-04-11,Media,0.02316489958221398,0.14202023349023563,14.202023349023563
2025-04-15,Media,0.034248835193947266,0.1811330962551958,18.11330962551958
2025-04-16,Media,0.0177412601871244,0.20208788583148296,20.208788583148298
2025-04-17,Media,0.0006866797895322824,0.20291333528792488,20.29133352879249
2025-04-21,Media,0.008673632876120475,0.21334696394000208,21.334696394000208
2025-04-22,Media,0.006790174831008806,0.22158580195582855,22.158580195582857
2025-04-23,Media,-0.0005507343515637197,0.2209130326913089,22.09130326913089
2025-04-24,Media,0.001035397871801777,0.22217716344701266,22.217716344701266
2025-04-25,Media,-0.03046679763432303,0.18494133913498167,18.494133913498167
2025-04-28,Media,-0.000837104090128063,0.18394941989342994,18.394941989342996
2025-04-29,Media,-0.0062013973454860954,0.176607279103713,17.6607279103713
2025-04-30,Media,-0.022546935081667357,0.1500783911651442,15.007839116514422
2025-05-02,Media,-0.0032521754157049595,0.14633813449526345,14.633813449526345
2025-05-05,Media,0.016634584391039833,0.16540699293419214,16.540699293419216
2025-05-06,Media,-0.020559307511828218,0.14144703219002297,14.144703219002297
2025-05-07,Media,0.002067401133025615,0.1438068610776615,14.380686107766149
2025-05-08,Media,0.0030336597713994176,0.14727678193836335,14.727678193836336
2025-05-09,Media,0.0007286981486004235,0.14811280040529406,14.811280040529407
2025-05-12,Media,0.03695849030408646,0.19054531620707071,19.05453162070707
2025-05-13,Media,0.011313931296275268,0.20401506411974002,20.401506411974
2025-05-14,Media,0.01572614451986444,0.22294957902218093,22.294957902218094
2025-05-15,Media,0.013248582724534858,0.23915192768779137,23.915192768779136
2025-05-16,Media,0.012882034262318931,0.25511472527648427,25.511472527648426
2025-05-19,Media,0.008442442279099384,0.26571095889827867,26.571095889827866
2025-05-20,Media,0.0015372972548950217,0.26765673288088365,26.765673288088365
2025-05-21,Media,-0.001702520611082066,0.26549852116537687,26.549852116537686
2025-05-22,Media,0.011483309791420315,0.280030632724503,28.0030632724503
2025-05-23,Media,0.001751491588257048,0.2822725956104313,28.227259561043127
2025-05-26,Media,0.006888177631749072,0.2911051170213199,29.11051170213199
2025-05-27,Media,0.0003734869589259657,0.29158732794513,29.158732794513
2025-05-28,Media,0.01287683918969365,0.3082188902665255,30.82188902665255
2025-05-29,Media,0.006958398206349241,0.3173219982460682,31.732199824606823
2025-05-30,Media,0.008047400864389521,0.327923016433433,32.7923016433433
2025-06-02,Media,-0.0029314721840417515,0.3240302470482095,32.40302470482095
2025-06-03,Media,-0.0030932633413646785,0.31993467282215726,31.993467282215725
2025-06-04,Media,0.006163938215650075,0.32807066859412726,32.80706685941273
2025-06-05,Media,-0.004293794661477952,0.32236820584725234,32.23682058472524
2025-06-06,Media,-0.007417068074469867,0.3125601108449687,31.25601108449687
2025-06-09,Media,0.0034258199490772717,0.31705670545706455,31.705670545706454
2025-06-10,Media,0.009200380724739742,0.32917412858334116,32.91741285833412
2025-06-11,Media,-0.0019388369958741325,0.32659707660888504,32.6597076608885
2025-06-12,Media,-0.01168391069651014,0.3110972348355354,31.10972348355354
2025-06-13,Media,-0.007941513240951124,0.30068513878491454,30.068513878491455
2025-06-16,Media,-0.0010698860036070165,0.29929355395982893,29.929355395982892
2025-06-17,Media,-0.004524860862376155,0.29341443140877854,29.341443140877853
2025-06-18,Media,-0.009572786119442553,0.281032851693102,28.103285169310197
2025-06-19,Media,-0.013727627699334354,0.2634473096344425,26.344730963444253
2025-06-20,Media,0.0034347704789873187,0.26778696115533074,26.778696115533073
2025-06-23,Media,0.018299382671400216,0.2909866799033236,29.09866799033236
2025-06-24,Media,0.0038310147371570236,0.29593246889950664,29.593246889950663
2025-06-25,Media,0.030704339751317943,0.3357232197193616,33.57232197193616
2025-06-26,Media,-0.0068755436299273096,0.3265393964446741,32.653939644467414
2025-06-27,Media,0.0028953614746055484,0.3303802075076865,33.03802075076865
2025-06-30,Media,0.01564222683066642,0.3511903164845507,35.11903164845507
2025-07-01,Media,-0.006687812793992734,0.34215380859884625,34.215380859884625
2025-07-02,Media,-0.00405785283556373,0.33670754596086083,33.670754596086084
2025-07-03,Media,0.005390379689241824,0.3439129071670646,34.39129071670646
2025-07-04,Media,0.004409172637201059,0.34983845118412704,34.9838451184127
2025-07-07,Media,-0.0031035816408430186,0.345649117348928,34.5649117348928
2025-07-08,Media,-0.0031152846691623326,0.341457037283579,34.1457037283579
2025-07-09,Media,0.005841410738216368,0.34929303882602314,34.92930388260231
2025-07-10,Media,-0.001966101009479422,0.34664019242030375,34.66401924203038
2025-07-11,Media,-0.012378488209487101,0.32997082267600764,32.99708226760076
2025-07-14,Media,0.007200700304086156,0.33954754398327647,33.954754398327644
2025-07-15,Media,0.00961934810557126,0.35243311811281464,35.243311811281465
2025-07-16,Media,0.01992691412478939,0.37938293671696965,37.93829367169697
2025-07-17,Media,-0.0033512157937963527,0.3747603268337505,37.47603268337505
2025-07-18,Media,-0.003663826378424717,0.3697234436842851,36.97234436842851
2025-07-21,Media,-0.005098148968910934,0.362740389522173,36.2740389522173
2025-07-22,Media,-0.008071100290456636,0.3517415751684836,35.17415751684836
2025-07-23,Media,-0.0032344490546168184,0.3473694359085937,34.73694359085937
2025-07-24,Media,-0.006040805607955731,0.3392302390641688,33.92302390641688
2025-07-25,Media,-0.02000476380358312,0.3124392544530741,31.243925445307408
2025-07-28,Media,-0.033748802193520146,0.2681460016635262,26.81460016635262
2025-07-29,Media,0.0031391288570594145,0.2721268753723127,27.21268753723127
2025-07-30,Media,0.004997657803338905,0.27848453017785424,27.848453017785424
2025-07-31,Media,-0.0021820767202511415,0.27569477884735183,27.569477884735182
2025-08-01,Media,-0.004323660066068241,0.2701791082755578,27.01791082755578
2025-08-04,Media,0.01312375942405554,0.2868486333180278,28.68486333180278
2025-08-05,Media,-0.004490556826929802,0.2810699664024563,28.10699664024563
2025-08-06,Media,-0.012412300850693413,0.26516894056868123,26.516894056868125
2025-08-07,Media,0.003114220377632565,0.26910895546454805,26.910895546454803
2025-08-08,Media,-0.001954497057313112,0.2666284857456829,26.662848574568287
2025-08-11,Media,-0.0007826576833490431,0.2656371492293652,26.56371492293652
2025-08-12,Media,0.007491490680794778,0.27511865813808467,27.511865813808466
2025-08-13,Media,-0.00179128668635066,0.27283455506224463,27.283455506224463
2025-08-14,Media,-0.007682406017892447,0.26305612321665284,26.305612321665283
2025-08-18,Media,0.009142484421998769,0.2746035941472711,27.460359414727108
2025-08-19,Media,0.01200511112318247,0.2899053519330168,28.99053519330168
2025-08-20,Media,-0.004286125318481583,0.28437665594565176,28.437665594565175
2025-08-21,Media,-0.0004117480813708371,0.2838478163218088,28.38478163218088
2025-08-22,Media,-0.0027879931308139455,0.28026845742889317,28.026845742889318
2025-08-25,Media,-0.0068901063320864556,0.27144727162359183,27.14472716235918
2025-08-26,Media,-0.006328909247732745,0.2634003972282086,26.340039722820862
2025-08-28,Media,-0.0032544397100756767,0.2592887368057437,25.92887368057437
2025-08-29,Media,-0.001394901899922342,0.2575321525542227,25.75321525542227
2025-09-01,Media,0.0009852151903913461,0.2587710923333246,25.87710923333246
2025-09-02,Media,0.008707848603973015,0.26973228043242115,26.973228043242116
2025-09-03,Media,-0.011394919302996444,0.25526378356048407,25.526378356048408
2025-09-04,Media,-0.005156221952900698,0.24879136488300846,24.879136488300844
2025-09-05,Media,0.005274494602756495,0.25537810819705276,25.537810819705275
2025-09-08,Media,0.00241290880052724,0.2584072210823105,25.840722108231052
2025-09-09,Media,-0.0024888149279014907,0.2552752784051018,25.527527840510178
2025-09-10,Media,0.00641822248475938,0.2633319144215238,26.333191442152383
2025-09-11,Media,0.006754746591259658,0.2718654013640922,27.18654013640922
2025-09-12,Media,0.002172780853372136,0.2746288861562425,27.462888615624248
2025-09-15,Media,-0.001227833732027707,0.2730638538140029,27.30638538140029
2025-09-16,Media,0.006821792525509962,0.2817484312964482,28.17484312964482
2025-09-17,Media,0.00551918710257341,0.2888226407072034,28.882264070720343
2025-09-18,Media,-0.004733290157930212,0.28272226918662646,28.272226918662646
2025-09-19,Media,-0.0014335032046568982,0.2808834827030626,28.088348270306263
2025-09-22,Media,-0.0028896695002504497,0.2771821527697209,27.718215276972092
2025-09-23,Media,-0.008260097221713059,0.2666325040180062,26.66325040180062
2025-09-24,Media,-0.013370259085117991,0.2496972992736537,24.96972992736537
2025-09-25,Media,-0.0052625191098909715,0.24312074335464695,24.312074335464693
2025-09-26,Media,-0.0100923072953793,0.23057478680745147,23.05747868074515
2025-09-29,Media,-0.014123655428779719,0.213194572539239,21.3194572539239
2025-09-30,Media,-0.0018101639674418454,0.21099849143853255,21.099849143853255
2025-10-01,Media,0.023991760023534862,0.24005247663398865,24.005247663398865
2025-10-03,Media,0.004063544890937458,0.2450914855399089,24.50914855399089
2025-10-06,Media,-0.009076236386392128,0.2337907408944646,23.379074089446462
2025-10-07,Media,-0.0013694306788151547,0.23210115000264575,23.210115000264576
2025-10-08,Media,-0.010072256891646272,0.21969111070332636,21.969111070332637
2025-10-09,Media,-0.00015416923363769514,0.21950307185951456,21.950307185951456
2025-10-10,Media,-0.0014205071500384553,0.21777075902644416,21.777075902644416
2025-10-13,Media,-0.008595490707634643,0.20730342178320327,20.730342178320328
2025-10-14,Media,-0.011908901090788064,0.19292576474661716,19.292576474661715
2025-10-15,Media,-0.0016954681584936473,0.1909031970970425,19.09031970970425
2025-10-16,Media,-0.0014472476390960665,0.18917966525665175,18.917966525665175
2025-10-17,Media,-0.0053849905081473914,0.1827759440467629,18.27759440467629
2025-10-20,Media,-0.0006512806687940034,0.1820056249388906,18.20056249388906
2025-10-21,Media,0.007516891436859255,0.19089063289931318,19.089063289931318
2025-10-23,Media,0.0028975526930464304,0.19434130125979432,19.434130125979433
2025-10-24,Media,-0.005343162961444006,0.18795974105558022,18.795974105558024
2025-10-27,Media,-0.00031663745949465916,0.1875835885011905,18.758358850119052
2025-10-28,Media,-0.004407343062026982,0.18234950021183272,18.234950021183273
2025-10-29,Media,0.012305495181499454,0.19689889628953772,19.68988962895377
2025-10-30,Media,-0.003828601940214421,0.19231644685296323,19.231644685296324
2025-10-31,Media,-0.006940910143861001,0.18404068553230912,18.404068553230914
2025-11-03,Media,-0.0014015491132105748,0.18238119435949618,18.238119435949617
2025-11-04,Media,0.001291668970378329,0.18390843945940927,18.390843945940926
2025-11-06,Media,-0.020648976110449163,0.15946194237605282,15.946194237605283
2025-11-07,Media,-0.002222045383546825,0.15688556531959774,15.688556531959774
2025-11-10,Media,-0.007204204092270232,0.148551125595634,14.855112559563398
2025-11-11,Media,-0.0006683076766418675,0.14778354006138272,14.778354006138272
2025-11-12,Media,0.0038025674756195643,0.1521480644198716,15.214806441987161
2025-11-13,Media,-0.0005004102019636053,0.15157151777426336,15.157151777426336
2025-11-14,Media,-0.0024498689128967036,0.14875031851189102,14.875031851189103
2025-11-17,Media,0.0012492803540345154,0.15018542971649884,15.018542971649884
2025-11-18,Media,-0.0032877962610292494,0.14640385436118653,14.640385436118653
2025-11-19,Media,-0.0056324949360965215,0.13994674045677558,13.994674045677558
2025-11-20,Media,-0.009571288895034918,0.12903598087891033,12.903598087891034
2025-11-21,Media,-0.006367236331701609,0.1218471419616598,12.18471419616598
2025-11-24,Media,-0.010809336595702566,0.10972071859526933,10.972071859526933
2025-11-25,Media,-0.001773880774699546,0.10775220634726734,10.775220634726734
2025-11-26,Media,0.009560413250758813,0.11834277521938708,11.834277521938708
2025-11-27,Media,0.008738056041537656,0.128114917062903,12.811491706290301
2025-11-28,Media,0.0016352772935345067,0.12995969777127336,12.995969777127335
2025-12-01,Media,-0.008249129528555652,0.1206385138623105,12.06385138623105
2025-12-02,Media,-0.008015649506974122,0.11165586831117391,11.165586831117391
2025-12-03,Media,-0.0012190933838959334,0.1103006559969466,11.03006559969466
2025-12-04,Media,-0.006483715354100424,0.10310178258599145,10.310178258599144
2025-12-05,Media,-0.00798626399438282,0.09429212053758551,9.429212053758551
2025-12-08,Media,-0.029113595754636096,0.06243334210277074,6.243334210277074
2025-12-09,Media,0.011204497841096533,0.07433737419067032,7.4337374190670324
2025-12-10,Media,0.001308206387884231,0.07574282920632935,7.574282920632935
2025-12-11,Media,-0.006768554750935123,0.06846160496892062,6.846160496892062
2025-12-12,Media,0.007225997905549966,0.07618230628858669,7.618230628858669
2025-12-15,Media,0.011692466808578647,0.08876553218484573,8.876553218484574
2025-12-16,Media,0.004383298344393605,0.09353791633950448,9.353791633950447
2025-12-17,Media,-0.015221123245217925,0.076893040941582,7.6893040941582
2025-12-18,Media,-0.004575017034132843,0.0719662369353351,7.19662369353351
2025-12-19,Media,0.0008031356622598199,0.07282717124895632,7.282717124895632
2025-12-22,Media,0.005442524991655678,0.07866605994020603,7.8666059940206035
2025-12-23,Media,0.012554594567997887,0.092208274997015,9.2208274997015
2025-12-24,Media,-0.00029752058768092726,0.09188332054916781,9.188332054916781
2025-12-26,Media,0.003585644543376204,0.0957984260194984,9.579842601949839
2025-12-29,Media,0.0007766811986822941,0.09664951205453343,9.664951205453342
2025-12-30,Media,0.0014083864340454708,0.09819401835021369,9.819401835021369
2025-12-31,Media,0.00888169549755851,0.10794784321844064,10.794784321844064
2026-01-01,Media,0.001311819971913722,0.10940127132701338,10.940127132701338
2026-01-02,Media,0.007943271402829688,0.118213546719808,11.8213546719808
2026-01-05,Media,0.003873669884242918,0.1225451368598891,12.254513685988911
2026-01-06,Media,-0.008421434704352651,0.11309169628713489,11.309169628713489
2026-01-07,Media,0.004971842042291168,0.11862581237966041,11.86258123796604
2026-01-08,Media,-0.01607127350929808,0.10064807099434625,10.064807099434624
2026-01-09,Media,-0.0157727340020593,0.08328784174067283,8.328784174067284
2026-01-12,Media,-0.007788652631629166,0.07485048904128733,7.485048904128733
2026-01-13,Media,0.0018502523627884765,0.07683923369828038,7.6839233698280385
2026-01-14,Media,-0.0023823097783581063,0.07427386906212141,7.427386906212141
2026-01-15,Media,0.0,0.07427386906212141,7.427386906212141
2026-01-16,Media,-0.00756813694684421,0.06614361730264307,6.6143617302643065
2026-01-19,Media,-0.014060368152890662,0.05115324553951339,5.115324553951339
2026-01-20,Media,-0.026211789145675735,0.023600638307639032,2.3600638307639032
2026-01-21,Media,-0.010419456235004329,0.01293527625467017,1.293527625467017
2026-01-22,Media,0.020454168669768347,0.03365402524674166,3.365402524674166
2026-01-23,Media,-0.02541349567613272,0.007385263145516463,0.7385263145516463
2026-01-27,Media,-0.010172539817108993,-0.002862403555000115,-0.2862403555000115
2026-01-28,Media,0.020476590342635985,0.017555574522645,1.7555574522645
2026-01-29,Media,-0.011023747121941638,0.006338299186585239,0.6338299186585239
2026-01-30,Media,0.017088867215942147,0.023535480755701776,2.3535480755701776
2026-02-02,Media,-0.013139240617039319,0.010087001793975592,1.0087001793975592
2026-02-03,Media,0.00757118030198646,0.017734552605250586,1.7734552605250586
2026-02-04,Media,0.009398410487104478,0.027299639697544453,2.7299639697544453
2026-02-05,Media,-0.0012918355771952689,0.0259725374745432,2.59725374745432
2026-02-06,Media,-0.006760229236426267,0.01903672793093736,1.9036727930937358
2026-02-09,Media,0.031509906528808675,0.051146479977464354,5.114647997746435
2026-02-10,Media,0.0241749463963975,0.07655788978568157,7.6557889785681565
2026-02-11,Media,-0.006767168969642065,0.06927264063990068,6.927264063990068
2026-02-12,Media,-0.02317015636597998,0.04449742635840992,4.449742635840992
2026-02-13,Media,-0.0157299077839601,0.02806757816120853,2.806757816120853
2026-02-16,Media,-0.008101956595346287,0.01973821926586372,1.9738219265863721
2026-02-17,Media,0.008659717821320564,0.02856886449632201,2.856886449632201
2026-02-18,Media,0.002199445386405152,0.030831145539938376,3.0831145539938376
2026-02-19,Media,-0.017013464282776315,0.013293136663721228,1.3293136663721228
2026-02-20,Media,-0.006961709264324024,0.006238884446733373,0.6238884446733373
2026-02-23,Media,-0.0012345745252340043,0.004996607553695576,0.49966075536955756
2026-02-24,Media,-0.01440441969038167,-0.009479785368917582,-0.9479785368917582
2026-02-25,Media,0.002924098985078692,-0.00658340621461484,-0.658340621461484
2026-02-26,Media,-0.00068182981580827,-0.0072607472677763685,-0.7260747267776368
2026-02-27,Media,-8.273505254424718e-05,-0.0073428816020139065,-0.7342881602013906
2026-03-02,Media,-0.023104922766042903,-0.03027814765576209,-3.027814765576209
2026-03-04,Media,-0.024084731376178045,-0.05363363797908283,-5.363363797908283
2026-03-05,Media,0.01346602737033719,-0.0408898426457428,-4.088984264574281
2026-03-06,Media,-0.010329872660802444,-0.05079732843889451,-5.079732843889451
2026-03-09,Media,-0.016080060778010025,-0.06606056508824665,-6.606056508824665
2026-03-10,Media,0.013655806236638604,-0.05330686912833604,-5.330686912833604
2026-03-11,Media,0.0008291143189244066,-0.05252195229790291,-5.25219522979029
2026-03-12,Media,0.005520093290118988,-0.047291785084247584,-4.729178508424758
2026-03-13,Media,-0.02774489456430662,-0.07372457405763388,-7.372457405763388
2026-03-16,Media,-0.012118365404437219,-0.08494951813435425,-8.494951813435424
2026-03-17,Media,0.0021708851855725964,-0.08296304859922099,-8.296304859922099
2026-03-18,Media,0.025599401791047707,-0.05948745122307497,-5.948745122307497
2026-03-19,Media,-0.029137450923177266,-0.08689158945569497,-8.689158945569497
2026-03-20,Media,-0.0017323145018983063,-0.08847338039708619,-8.84733803970862
2026-03-23,Media,-0.0405019119142606,-0.12539195125174707,-12.539195125174707
2026-03-24,Media,0.018863805905672035,-0.10889351477662146,-10.889351477662146
2026-03-25,Media,0.009839725450287884,-0.10012527161505247,-10.012527161505247
2026-03-27,Media,-0.030438125977008595,-0.12751577196115982,-12.751577196115981
2026-03-30,Media,-0.03904165567064483,-0.1615790007703206,-16.15790007703206
2026-04-01,Media,0.07188057494104616,-0.10131281730304498,-10.131281730304497
2026-04-02,Media,0.009615287625453599,-0.09267168155610517,-9.267168155610516
2026-04-06,Media,0.015161166479442732,-0.07891552586866457,-7.891552586866457
2026-04-07,Media,0.012227501607877313,-0.0676529639802329,-6.76529639802329
2026-04-08,Media,0.038289970105302176,-0.031953423843269047,-3.1953423843269047
2026-04-09,Media,0.0015536050711824206,-0.030449461773411235,-3.0449461773411235
2026-04-10,Media,0.022469607638933763,-0.008664041593342775,-0.8664041593342775
2026-04-13,Media,0.002856385938317274,-0.005832403501601746,-0.5832403501601746
2026-04-15,Media,0.02722334125433848,0.021232160241879683,2.1232160241879683
2026-04-16,Media,0.011378006514936728,0.032851746414374716,3.2851746414374716
2026-04-17,Media,0.013155958855728601,0.046439901494269575,4.6439901494269575
2026-04-20,Media,-0.005235554214432732,0.04096120865785058,4.096120865785058
2026-04-21,Media,-0.0015362637519032232,0.039362017685852235,3.9362017685852235
2026-04-22,Media,0.006713896479354477,0.046340186677167994,4.634018667716799
2026-04-23,Media,-0.0008845094898528583,0.0454146888524376,4.54146888524376
2026-04-24,Media,-0.01660346755050579,0.028057179989253944,2.8057179989253944
2026-04-27,Media,0.017103157199011648,0.04564020354818288,4.564020354818288
2026-04-28,Media,-0.0024363806950917777,0.043092625942246165,4.3092625942246165
2026-04-29,Media,-0.0063861755454441005,0.03643125332282082,3.6431253322820822
2026-04-30,Media,-0.004567911169977172,0.031696927423854104,3.1696927423854104
2026-05-01,Media,0.0,0.031696927423854104,3.1696927423854104
2026-05-04,Media,0.000513274114449,0.03222647075065721,3.222647075065721
2026-05-05,Media,-0.0018856764483087748,0.03028002560544185,3.028002560544185
2026-05-06,Media,0.013626119847857346,0.04431874471119501,4.431874471119501
2026-05-07,Media,0.0044773001244438684,0.04899447315684946,4.899447315684946
2026-05-08,Media,0.006809794961855527,0.05613791043516736,5.613791043516736
2026-05-11,Media,-0.02061821029037688,0.03436223690217588,3.436223690217588
2026-05-12,Media,-0.03247878124743095,0.0007674120792267036,0.07674120792267036
2023-05-12,Metal,,,
2023-05-15,Metal,0.0040172500440326326,0.004017250044032528,0.40172500440325276
2023-05-16,Metal,0.0026823451870596512,0.006710370882412997,0.6710370882412997
2023-05-17,Metal,-0.0065892111976927105,7.694363376109514e-05,0.007694363376109514
2023-05-18,Metal,-0.004135612983867288,-0.004058987559197091,-0.40589875591970914
2023-05-19,Metal,-0.004178143665806568,-0.008220172191843678,-0.8220172191843678
2023-05-22,Metal,0.003928293571196759,-0.0043241698702222164,-0.43241698702222164
2023-05-23,Metal,0.0035481033215836485,-0.0007914091501182163,-0.07914091501182163
2023-05-24,Metal,-0.006642442945064164,-0.007428595205056565,-0.7428595205056565
2023-05-25,Metal,-0.0022207261924247056,-0.009632824521536576,-0.9632824521536576
2023-05-26,Metal,0.01276968542757273,0.0030138527671170756,0.30138527671170756
2023-05-29,Metal,0.007769258068979212,0.01080652623602596,1.080652623602596
2023-05-30,Metal,-0.0037392844922102017,0.007026833067846683,0.7026833067846683
2023-05-31,Metal,0.0015659082071405133,0.008603744650558243,0.8603744650558243
2023-06-01,Metal,-0.0021552416844698072,0.006429959816975028,0.6429959816975028
2023-06-02,Metal,0.015070179189638896,0.021597039653237893,2.1597039653237893
2023-06-05,Metal,0.003242871322475829,0.02490994739625574,2.490994739625574
2023-06-06,Metal,-0.0006350117608048143,0.02425911752589327,2.425911752589327
2023-06-07,Metal,0.013879345452827504,0.03847516365124326,3.847516365124326
2023-06-08,Metal,-0.0020861038891299053,0.036308796573585544,3.6308796573585544
2023-06-09,Metal,-0.004982333695880093,0.031145560337080047,3.1145560337080047
2023-06-12,Metal,0.00416018432207196,0.0354353159309686,3.5435315930968603
2023-06-13,Metal,0.008363568627558018,0.044095250255154594,4.409525025515459
2023-06-14,Metal,0.010059230856377548,0.05459804541351865,5.459804541351865
2023-06-15,Metal,-0.007669677148870562,0.04650961888336691,4.650961888336691
2023-06-16,Metal,0.0030434532537483047,0.049694621988036314,4.969462198803631
2023-06-19,Metal,0.00675222419712244,0.05678239541421326,5.678239541421326
2023-06-20,Metal,0.007584435119193723,0.0647974929273385,6.47974929273385
2023-06-21,Metal,-0.00520173345123535,0.05925870018958679,5.925870018958679
2023-06-22,Metal,-0.0028140275836657114,0.05627791698901552,5.627791698901552
2023-06-23,Metal,-0.01406047109345269,0.041426151870538996,4.1426151870539
2023-06-26,Metal,0.0018722213881052774,0.04337593218620328,4.337593218620328
2023-06-27,Metal,0.003684302881274742,0.04722004513940958,4.722004513940958
2023-06-28,Metal,-4.951441883639508e-05,0.04716819264748073,4.716819264748073
2023-06-30,Metal,0.0011348697560518953,0.048356592158815825,4.8356592158815825
2023-07-03,Metal,0.01206144571489345,0.061001288284990185,6.1001288284990185
2023-07-04,Metal,0.0027000511566133453,0.0638660460405922,6.386604604059221
2023-07-05,Metal,0.012487835976122567,0.07715143072411301,7.715143072411301
2023-07-06,Metal,0.010180787797228301,0.08811768086579597,8.811768086579598
2023-07-07,Metal,-0.003964397823518441,0.08380394950003978,8.380394950003978
2023-07-10,Metal,0.011947447011153332,0.0967526397571703,9.67526397571703
2023-07-11,Metal,0.004020247137991447,0.10116185641823883,10.116185641823883
2023-07-12,Metal,0.00218246351180881,0.10356510199046731,10.356510199046731
2023-07-13,Metal,0.0004556891368297573,0.10406798461922873,10.406798461922872
2023-07-14,Metal,0.010230844440331332,0.11536353242141817,11.536353242141818
2023-07-17,Metal,0.013025156023604286,0.12989131645424568,12.989131645424568
2023-07-18,Metal,-0.009164129138404784,0.11953684651789676,11.953684651789676
2023-07-19,Metal,0.009191472387005635,0.12982703852890132,12.982703852890133
2023-07-20,Metal,-0.0003322805852282605,0.1294516189393322,12.945161893933221
2023-07-21,Metal,-0.003976654175830436,0.1249601804424787,12.496018044247869
2023-07-24,Metal,-0.006023830812287227,0.11818361064493321,11.81836106449332
2023-07-25,Metal,0.021496956585575672,0.14222115517766953,14.222115517766953
2023-07-26,Metal,0.0036533617104014815,0.14639410221080618,14.639410221080617
2023-07-27,Metal,0.0016563549236055643,0.1482929377263953,14.829293772639529
2023-07-28,Metal,0.0068830073873265805,0.15619664649958098,15.619664649958098
2023-07-31,Metal,0.018895217345923445,0.17804323342981832,17.80432334298183
2023-08-01,Metal,-0.0006817427652581568,0.1772401109782662,17.72401109782662
2023-08-02,Metal,-0.017139511176499287,0.157062790938731,15.7062790938731
2023-08-03,Metal,-0.0010163457556405426,0.15588681508215085,15.588681508215085
2023-08-04,Metal,0.004850067182959914,0.16149294379119672,16.149294379119674
2023-08-07,Metal,-0.00623114334734598,0.154255514761503,15.4255514761503
2023-08-08,Metal,0.001995350769368434,0.15655865939093006,15.655865939093005
2023-08-09,Metal,0.014372921851457986,0.17318178661898287,17.318178661898287
2023-08-10,Metal,0.004349708869304778,0.17828478584154617,17.828478584154617
2023-08-11,Metal,0.0013143410509218621,0.17983345390525418,17.983345390525418
2023-08-14,Metal,-0.003812835475722994,0.17533494305675945,17.533494305675944
2023-08-16,Metal,-0.011370656350231026,0.16197061332284268,16.197061332284267
2023-08-17,Metal,-0.003998257681821783,0.15732475539207336,15.732475539207336
2023-08-18,Metal,-0.002092525685934537,0.15490302361444752,15.490302361444751
2023-08-21,Metal,0.006147522272596585,0.16200281567480657,16.20028156748066
2023-08-22,Metal,0.0021678283581555375,0.16452183833088285,16.452183833088284
2023-08-23,Metal,0.01234473513308829,0.1788975519817746,17.88975519817746
2023-08-24,Metal,0.0007287632411726524,0.1797566891827671,17.97566891827671
2023-08-25,Metal,-0.007785441429923805,0.17057176257757378,17.057176257757376
2023-08-28,Metal,0.007553612260848639,0.1794138077955829,17.94138077955829
2023-08-29,Metal,0.007286291009482316,0.18800736001978335,18.800736001978336
2023-08-30,Metal,0.011759684953244223,0.20197795229575144,20.197795229575142
2023-08-31,Metal,0.011814076899680663,0.21617821225589418,21.617821225589417
2023-09-01,Metal,0.02737215066063244,0.24946762551194102,24.9467625511941
2023-09-04,Metal,0.027562037456959582,0.28390549900755957,28.390549900755957
2023-09-05,Metal,0.002414110845900436,0.2870049891978248,28.70049891978248
2023-09-06,Metal,-0.004893985686770019,0.28070640520188905,28.070640520188906
2023-09-07,Metal,0.005932571569024023,0.28830428760965665,28.830428760965667
2023-09-08,Metal,0.004849837384506561,0.29455235390632595,29.455235390632595
2023-09-11,Metal,0.015385007721067897,0.3144690518665014,31.44690518665014
2023-09-12,Metal,-0.041271967976476434,0.2602183272517977,26.02183272517977
2023-09-13,Metal,0.009323225487702739,0.2719676268805018,27.19676268805018
2023-09-14,Metal,0.01808905117329012,0.2949763143739115,29.49763143739115
2023-09-15,Metal,-0.0006078419248699932,0.2941891734783215,29.418917347832153
2023-09-18,Metal,-0.006345738044134519,0.28597658800387316,28.597658800387315
2023-09-20,Metal,-0.009583203998265042,0.2736528120240391,27.365281202403914
2023-09-21,Metal,-0.009261804525472575,0.26185648864575395,26.185648864575395
2023-09-22,Metal,-0.005334847213060841,0.2551246770740194,25.512467707401942
2023-09-25,Metal,-0.004500514229228116,0.2494759706053924,24.947597060539238
2023-09-26,Metal,0.012508970309852565,0.26510562842456964,26.510562842456963
2023-09-27,Metal,0.009411900302787015,0.2770126764717964,27.70126764717964
2023-09-28,Metal,-0.007313605143638626,0.2676731099926606,26.76731099926606
2023-09-29,Metal,0.0236602538061184,0.2976665775182783,29.76665775182783
2023-10-03,Metal,-0.002829195154993457,0.2939952255243665,29.39952255243665
2023-10-04,Metal,-0.016331300183390393,0.27286260106045424,27.286260106045425
2023-10-05,Metal,-0.00013263709433421664,0.27269377226356295,27.269377226356294
2023-10-06,Metal,0.0028972258589359135,0.27638105357107157,27.638105357107158
2023-10-09,Metal,-0.013628705907215667,0.2589856315664094,25.89856315664094
2023-10-10,Metal,0.023596744450637325,0.2886935937815063,28.869359378150627
2023-10-11,Metal,0.012421884202200782,0.30470159637557814,30.470159637557813
2023-10-12,Metal,0.01914973080551203,0.3296862807276921,32.968628072769214
2023-10-13,Metal,0.001365567612953231,0.33150205724804205,33.1502057248042
2023-10-16,Metal,0.014975637132563994,0.3514421488986512,35.144214889865125
2023-10-17,Metal,0.005865860805346821,0.35936952043056936,35.936952043056934
2023-10-18,Metal,-0.005516950408319201,0.3518699461997732,35.18699461997732
2023-10-19,Metal,-0.006378980367063729,0.3432463943541413,34.32463943541413
2023-10-20,Metal,-0.011626614828943135,0.32762898590661904,32.762898590661905
2023-10-23,Metal,-0.03628755498921877,0.27945257607525176,27.945257607525175
2023-10-25,Metal,-0.0008917537461888466,0.27831161944746574,27.831161944746576
2023-10-26,Metal,-0.00836021549426438,0.2676246588400628,26.762465884006282
2023-10-27,Metal,0.014906152148084002,0.2865200648713959,28.65200648713959
2023-10-30,Metal,0.002881298969351767,0.2902269138083604,29.02269138083604
2023-10-31,Metal,0.0021337966777330636,0.29297999571056654,29.297999571056653
2023-11-01,Metal,-0.0027617464556779926,0.28940911279015036,28.940911279015037
2023-11-02,Metal,0.013920652506169794,0.30735852898759064,30.735852898759063
2023-11-03,Metal,0.007991400310958161,0.317806154342676,31.780615434267602
2023-11-06,Metal,0.013558272269818237,0.3356733289820961,33.567332898209614
2023-11-07,Metal,0.008138558940432528,0.3465437850951807,34.65437850951807
2023-11-08,Metal,0.013882176240127306,0.36523674323492017,36.52367432349202
2023-11-09,Metal,0.00040753799094359365,0.3657931290744205,36.57931290744205
2023-11-10,Metal,0.009625553520944519,0.3789396439368644,37.89396439368644
2023-11-13,Metal,0.024833260892448354,0.41318321186968854,41.31832118696885
2023-11-15,Metal,0.0023785835509257144,0.41654458621188617,41.65445862118862
2023-11-16,Metal,0.0028111616099574985,0.42052672197143814,42.05267219714381
2023-11-17,Metal,0.00727071182889339,0.43085496241213517,43.08549624121352
2023-11-20,Metal,0.01024825311172095,0.44551872623309663,44.55187262330966
2023-11-21,Metal,0.003999860126338628,0.4513005989480323,45.13005989480323
2023-11-22,Metal,-0.011822537534573858,0.4341425431430197,43.41425431430197
2023-11-23,Metal,0.004456794380167106,0.44053422156965816,44.053422156965816
2023-11-24,Metal,0.0036206415354689886,0.4457498796055377,44.57498796055377
2023-11-28,Metal,0.007199498401907768,0.4561585535533159,45.61585535533159
2023-11-29,Metal,0.0018542706014475188,0.45885866555021604,45.88586655502161
2023-11-30,Metal,0.010901094209181636,0.4747618213012599,47.47618213012599
2023-12-01,Metal,0.013168447493798493,0.49418214491092427,49.41821449109243
2023-12-04,Metal,0.01146964204459565,0.5113198792624787,51.13198792624787
2023-12-05,Metal,0.0040469530362403396,0.5174361198365904,51.743611983659044
2023-12-06,Metal,0.0027378088795502495,0.5215905699196293,52.15905699196293
2023-12-07,Metal,-0.006941128182725964,0.5110290147321901,51.102901473219006
2023-12-08,Metal,-0.0008481753121612417,0.509747397225935,50.9747397225935
2023-12-11,Metal,0.008473491153301057,0.5225402284400482,52.25402284400482
2023-12-12,Metal,-0.0011481857660070038,0.5207920694215804,52.07920694215804
2023-12-13,Metal,0.008302844904527238,0.5334189701060228,53.34189701060228
2023-12-14,Metal,0.005306917991986497,0.5415566988277318,54.15566988277318
2023-12-15,Metal,0.008299848060644809,0.5543513852048714,55.435138520487136
2023-12-18,Metal,0.006708149234750142,0.5647782062600661,56.47782062600661
2023-12-19,Metal,-0.0015661957815881816,0.5623274572343004,56.23274572343004
2023-12-20,Metal,-0.03806260987574276,0.50286119673143,50.286119673143006
2023-12-21,Metal,0.01974452639207577,0.5325344792939202,53.25344792939202
2023-12-22,Metal,0.018873266465261787,0.5614584108888356,56.145841088883564
2023-12-26,Metal,0.009847784113299063,0.5768353162211639,57.68353162211639
2023-12-27,Metal,0.010101257790154892,0.5927633362429343,59.27633362429343
2023-12-28,Metal,0.01260894969683187,0.6128464090285795,61.284640902857944
2023-12-29,Metal,0.0036839998782796706,0.6187881350031244,61.87881350031243
2024-01-01,Metal,0.003950098273793489,0.6251825072208375,62.51825072208375
2024-01-02,Metal,0.005426659096727632,0.6340018186574898,63.40018186574898
2024-01-03,Metal,-0.015546313446223203,0.6085991142129417,60.859911421294164
2024-01-04,Metal,0.003626993664267898,0.6144334930085389,61.44334930085389
2024-01-05,Metal,-0.0005143831659189894,0.6136030555972394,61.36030555972394
2024-01-08,Metal,-0.013111163614976261,0.5924468419256783,59.24468419256783
2024-01-09,Metal,0.004697343180350156,0.5999271112386679,59.99271112386679
2024-01-10,Metal,0.007254922488822337,0.6115344584184699,61.15344584184699
2024-01-11,Metal,0.0008494745396890941,0.6129034159107283,61.29034159107283
2024-01-12,Metal,-0.0017695160825324271,0.6100493573767027,61.00493573767027
2024-01-15,Metal,0.0008819722763522892,0.6114693762734678,61.14693762734677
2024-01-16,Metal,0.018945722811788832,0.6419998283960311,64.19998283960311
2024-01-17,Metal,-0.023146453120050276,0.6039933563449318,60.39933563449318
2024-01-18,Metal,-0.005300846921829743,0.5954908330993154,59.54908330993154
2024-01-19,Metal,0.013704511337635863,0.6173562553106191,61.73562553106191
2024-01-23,Metal,-0.03504364537877507,0.5606781962483702,56.06781962483702
2024-01-24,Metal,0.019770326414028167,0.591533313615457,59.1533313615457
2024-01-25,Metal,0.010979691551432517,0.6090078584927838,60.900785849278385
2024-01-29,Metal,0.01575465852194348,0.6343572278624612,63.43572278624612
2024-01-30,Metal,-0.0011883773952327537,0.632414994677134,63.2414994677134
2024-01-31,Metal,0.019064384963751808,0.6635359825562597,66.35359825562597
2024-02-01,Metal,-0.014927357973386969,0.6387037854430324,63.87037854430324
2024-02-02,Metal,0.021833082341404724,0.6744817401237819,67.44817401237819
2024-02-05,Metal,0.001567750843224981,0.6771069102838259,67.71069102838258
2024-02-06,Metal,0.023037596605149653,0.7157434227466537,71.57434227466537
2024-02-07,Metal,0.0016955946654278156,0.7186526281415058,71.86526281415058
2024-02-08,Metal,0.0005308432845561533,0.7195649633476393,71.95649633476393
2024-02-09,Metal,-0.021504254575206876,0.6825870006172055,68.25870006172055
2024-02-12,Metal,-0.03737620388733142,0.6196982858239632,61.969828582396325
2024-02-13,Metal,-0.007003357776110923,0.6083549592389845,60.83549592389845
2024-02-14,Metal,0.021911551900726627,0.6435965124031406,64.35965124031407
2024-02-15,Metal,0.012206155826343816,0.6636585075491686,66.36585075491685
2024-02-16,Metal,0.0089325855011836,0.6785192794126231,67.85192794126232
2024-02-19,Metal,-0.0032653723181794774,0.6730382890220985,67.30382890220984
2024-02-20,Metal,0.00017887100095840638,0.6733375470554976,67.33375470554977
2024-02-21,Metal,-0.00898981891655968,0.6582945455211886,65.82945455211886
2024-02-22,Metal,0.010605419257896506,0.675881454429524,67.5881454429524
2024-02-23,Metal,0.0043598407789973885,0.6831880307353111,68.31880307353111
2024-02-26,Metal,-0.00713474473688144,0.6711789137918405,67.11789137918404
2024-02-27,Metal,-0.0003495075145885651,0.6705948242032485,67.05948242032484
2024-02-28,Metal,-0.018522297623093178,0.6396515696617568,63.965156966175684
2024-02-29,Metal,0.005495826790265791,0.6486628106850054,64.86628106850054
2024-03-01,Metal,0.0302955403428931,0.6986099413779405,69.86099413779405
2024-03-04,Metal,0.018633167716099797,0.7302604252998701,73.02604252998701
2024-03-05,Metal,-0.0016583466742437552,0.7273910536779984,72.73910536779984
2024-03-06,Metal,-0.010115875303573064,0.709916981178484,70.9916981178484
2024-03-07,Metal,0.0049559780182915625,0.718391292150308,71.8391292150308
2024-03-11,Metal,-0.0199109537838795,0.6841764825496821,68.41764825496821
2024-03-12,Metal,-0.022286747428191027,0.6466416666585981,64.66416666585981
2024-03-13,Metal,-0.061429808023183555,0.5454887851927854,54.548878519278546
2024-03-14,Metal,0.029870060199574153,0.5916526282442605,59.165262824426044
2024-03-15,Metal,-0.0009014436700676266,0.5902178430575833,59.02178430575833
2024-03-18,Metal,0.016674823989247443,0.6167344456951291,61.67344456951292
2024-03-19,Metal,-0.012618424233301975,0.5963338045867557,59.63338045867557
2024-03-20,Metal,-0.002593414446876564,0.5921938494359029,59.21938494359029
2024-03-21,Metal,0.03404488737442658,0.6463999097182029,64.6399909718203
2024-03-22,Metal,0.008238751873077309,0.659964190058228,65.9964190058228
2024-03-26,Metal,-0.00039883348434157886,0.659302140756425,65.9302140756425
2024-03-27,Metal,0.002115169452991012,0.6628118459578356,66.28118459578356
2024-03-28,Metal,0.005326162707876219,0.671668252401991,67.1668252401991
2024-04-01,Metal,0.041335474900679015,0.7407674534914153,74.07674534914153
2024-04-02,Metal,0.020702859205119765,0.7768063169899029,77.68063169899028
2024-04-03,Metal,0.011206553101245817,0.796718191331879,79.67181913318791
2024-04-04,Metal,0.005617783729321788,0.8068117655533198,80.68117655533197
2024-04-05,Metal,0.00256166578190418,0.8114402134274794,81.14402134274795
2024-04-08,Metal,0.006279375025747997,0.8228149258643114,82.28149258643114
2024-04-09,Metal,0.013183805615520523,0.8468465635199758,84.68465635199757
2024-04-10,Metal,0.010082892147199596,0.8654681182323738,86.54681182323738
2024-04-12,Metal,-0.0032409009590420156,0.8594223208189322,85.94223208189322
2024-04-15,Metal,-0.008694117323099758,0.8432562850085419,84.3256285008542
2024-04-16,Metal,-0.000576504828349083,0.8421936388603497,84.21936388603497
2024-04-18,Metal,-0.004028136689638066,0.8347730310742385,83.47730310742385
2024-04-19,Metal,0.0013112726797938807,0.8371789188235088,83.71789188235088
2024-04-22,Metal,0.01326515942835462,0.8615493900801148,86.15493900801148
2024-04-23,Metal,0.004866437898231756,0.8706085045814307,87.06085045814307
2024-04-24,Metal,0.025682220148673156,0.918649884008071,91.8649884008071
2024-04-25,Metal,0.011961853254260198,0.941600492366879,94.16004923668791
2024-04-26,Metal,0.003151056511128557,0.9477185852403622,94.77185852403622
2024-04-29,Metal,0.0023519891523337676,0.9522995982246465,95.22995982246465
2024-04-30,Metal,-0.003485853372813103,0.9454941680854334,94.54941680854334
2024-05-02,Metal,0.01438568110475013,0.9734814267786613,97.34814267786614
2024-05-03,Metal,0.009427374018223276,0.9920861743069209,99.20861743069209
2024-05-06,Metal,-0.013871361801155847,0.9644532262440291,96.4453226244029
2024-05-07,Metal,-0.021581033003281774,0.9220582963350534,92.20582963350535
2024-05-08,Metal,0.015375304936143844,0.95161052874625,95.161052874625
2024-05-09,Metal,-0.027511593722043797,0.8979186127757199,89.791861277572
2024-05-10,Metal,0.01576254043417494,0.9278346316503705,92.78346316503705
2024-05-13,Metal,0.01861013352750407,0.9637118915643303,96.37118915643303
2024-05-14,Metal,0.025740252008087525,1.0142583305244748,101.42583305244747
2024-05-15,Metal,0.006475850310825531,1.0273023659602845,102.73023659602845
2024-05-16,Metal,0.003879550329749638,1.0351673875226481,103.51673875226481
2024-05-17,Metal,0.03371548864895636,1.1037840504753942,110.37840504753942
2024-05-21,Metal,0.04100794345179498,1.1900559078520772,119.00559078520772
2024-05-22,Metal,-0.006688483603353699,1.1754077548219808,117.54077548219809
2024-05-23,Metal,-0.0051303011451018605,1.164247257926354,116.42472579263541
2024-05-24,Metal,-0.0005021443839863125,1.1631604933202286,116.31604933202286
2024-05-27,Metal,-0.0036716278053834065,1.155218173105447,115.52181731054469
2024-05-28,Metal,-0.012021367848327105,1.1293095026531468,112.93095026531468
2024-05-29,Metal,-0.003412723063506108,1.1220427590040996,112.20427590040995
2024-05-30,Metal,-0.0233895859287842,1.072409057547819,107.24090575478189
2024-05-31,Metal,0.013040848728663672,1.0994350305712124,109.94350305712123
2024-06-03,Metal,0.025740156778725425,1.1534748174048635,115.34748174048634
2024-06-04,Metal,-0.10198119912816118,0.9338608732336175,93.38608732336175
2024-06-05,Metal,0.05040667312133507,1.0313403661328442,103.13403661328442
2024-06-06,Metal,0.020601664132202182,1.0731893580940977,107.31893580940977
2024-06-07,Metal,0.01917371257514671,1.112940094960047,111.29400949600469
2024-06-10,Metal,-0.0019052999414168419,1.1089143103209023,110.89143103209022
2024-06-11,Metal,0.0037399599530017666,1.1168015653858148,111.68015653858147
2024-06-12,Metal,0.018814247915837204,1.1566275948256162,115.66275948256161
2024-06-13,Metal,-0.0033277429436863615,1.1494508925647762,114.94508925647762
2024-06-14,Metal,0.007628491493937079,1.1658479604153422,116.58479604153422
2024-06-18,Metal,-0.005594850935503172,1.1537303639278549,115.3730363927855
2024-06-19,Metal,-0.006642237738158567,1.1394247748267552,113.94247748267551
2024-06-20,Metal,0.017899552892075406,1.1777195217423833,117.77195217423832
2024-06-21,Metal,0.012433133645109765,1.2047953995977707,120.47953995977707
2024-06-24,Metal,-0.004159230302947323,1.1956251477599649,119.56251477599649
2024-06-25,Metal,-0.004551819838896675,1.1856310576536107,118.56310576536106
2024-06-26,Metal,-0.011487514107942996,1.1605235900440563,116.05235900440563
2024-06-27,Metal,-0.002165793912031292,1.1558443412059387,115.58443412059387
2024-06-28,Metal,0.005425679752162682,1.1675412621968344,116.75412621968344
2024-07-01,Metal,0.0079607968705529,1.184796617893725,118.4796617893725
2024-07-02,Metal,-0.0058439762261894785,1.172028718399695,117.20287183996949
2024-07-03,Metal,0.014974755697783393,1.2045543178263003,120.45543178263003
2024-07-04,Metal,0.00606287273266492,1.217920250087528,121.79202500875279
2024-07-05,Metal,0.0035477347010111505,1.2257888427228387,122.57888427228387
2024-07-08,Metal,-0.004997800665623109,1.2146647937631423,121.46647937631423
2024-07-09,Metal,-0.00038741873369768024,1.213806791133178,121.3806791133178
2024-07-10,Metal,-0.012917786599895485,1.1852093074319203,118.52093074319203
2024-07-11,Metal,0.0031997495698852917,1.1922014299734847,119.22014299734846
2024-07-12,Metal,-0.003779510742464002,1.183915981119255,118.3915981119255
2024-07-15,Metal,0.0008725542024781954,1.1858215661864397,118.58215661864398
2024-07-16,Metal,0.003906661759656556,1.1943608317124932,119.43608317124932
2024-07-18,Metal,-0.01567028001138005,1.1599745830335535,115.99745830335534
2024-07-19,Metal,-0.03564798133646032,1.082975849410345,108.2975849410345
2024-07-22,Metal,0.012626232347811097,1.109275986459879,110.92759864598789
2024-07-23,Metal,0.001526836242189633,1.1124965054807863,111.24965054807862
2024-07-24,Metal,0.00971820945914443,1.1330261890027589,113.30261890027589
2024-07-25,Metal,-0.01702179894261188,1.0967182460742282,109.67182460742282
2024-07-26,Metal,0.022796165888792963,1.1445153830337955,114.45153830337955
2024-07-29,Metal,0.0056307082605353,1.1565905235158889,115.65905235158888
2024-07-30,Metal,-0.0020913947410962333,1.1520802414363098,115.20802414363098
2024-07-31,Metal,0.007200190848562462,1.1675756298960716,116.75756298960715
2024-08-01,Metal,-0.0011585538378502587,1.165064376831225,116.5064376831225
2024-08-02,Metal,-0.018741598118561378,1.1244876103798407,112.44876103798407
2024-08-05,Metal,-0.04796485687515205,1.022586866214938,102.2586866214938
2024-08-06,Metal,-0.0009843002482959329,1.0205960334603228,102.05960334603228
2024-08-07,Metal,0.026973646046582526,1.0750988756700104,107.50988756700104
2024-08-08,Metal,-0.015043677749472116,1.043881756886139,104.3881756886139
2024-08-09,Metal,0.004980195829472073,1.0540606882877177,105.40606882877177
2024-08-12,Metal,0.013482060339905831,1.081753658429041,108.1753658429041
2024-08-13,Metal,-0.015809962630380443,1.0488412108836203,104.88412108836202
2024-08-14,Metal,-0.00915416017964122,1.0300857902565417,103.00857902565417
2024-08-16,Metal,0.01804906788967736,1.0667269465067513,106.67269465067513
2024-08-19,Metal,0.017110968084951703,1.102090645328738,110.2090645328738
2024-08-20,Metal,0.0026644884246464556,1.1076916415207743,110.76916415207742
2024-08-21,Metal,0.008440105648777792,1.1254807816502552,112.54807816502552
2024-08-22,Metal,0.004449079761341895,1.1349372151790167,113.49372151790166
2024-08-23,Metal,-0.0007712571405840881,1.133290629607111,113.3290629607111
2024-08-26,Metal,0.014972698299621938,1.1652317465896287,116.52317465896287
2024-08-27,Metal,-0.000589705042764029,1.1639548985099122,116.39548985099123
2024-08-28,Metal,0.000608331137452499,1.1652712996547185,116.52712996547186
2024-08-29,Metal,-0.006080886132155134,1.1521045314362945,115.21045314362945
2024-08-30,Metal,0.01048138527181043,1.1746615681754875,117.46615681754875
2024-09-02,Metal,-0.014165904703003447,1.1438555196394296,114.38555196394296
2024-09-03,Metal,-0.001474439938716327,1.140694533438436,114.06945334384359
2024-09-04,Metal,-0.006515764846457352,1.1267462712504543,112.67462712504543
2024-09-05,Metal,0.003374184804981923,1.1339223062029595,113.39223062029595
2024-09-06,Metal,-0.009130953905812152,1.114437559986436,111.4437559986436
2024-09-09,Metal,-0.01167448722035588,1.089752585714134,108.97525857141339
2024-09-10,Metal,0.01672243376147542,1.1246983349066104,112.46983349066105
2024-09-11,Metal,-0.014836279838476666,1.0931757158375905,109.31757158375905
2024-09-12,Metal,0.024390579747891723,1.1442294850610777,114.42294850610777
2024-09-13,Metal,0.014324024498828426,1.1749434807362031,117.49434807362032
2024-09-16,Metal,0.004178595144865084,1.1840316890051636,118.40316890051636
2024-09-17,Metal,-0.0029988041219064696,1.1774822057738006,117.74822057738005
2024-09-18,Metal,-0.012257830226219433,1.1507909985748115,115.07909985748115
2024-09-19,Metal,-0.01272315472451321,1.1234261519198538,112.34261519198539
2024-09-20,Metal,0.01088928898072588,1.1465487529173402,114.65487529173402
2024-09-23,Metal,0.00310402242005009,1.1532116883721262,115.32116883721261
2024-09-24,Metal,0.025404700111988476,1.2079133855928483,120.79133855928484
2024-09-25,Metal,0.006721474403603816,1.2227538188994846,122.27538188994846
2024-09-26,Metal,0.012210224657620524,1.2498941423868315,124.98941423868315
2024-09-27,Metal,0.009611952460567976,1.271520017924764,127.15200179247641
2024-09-30,Metal,0.009824679304638213,1.2938369736349409,129.3836973634941
2024-10-01,Metal,-0.0006521821341234665,1.2923409741421445,129.23409741421446
2024-10-03,Metal,-0.012472717039661832,1.263749253813247,126.37492538132472
2024-10-04,Metal,-0.004529660734384828,1.253495237705756,125.3495237705756
2024-10-07,Metal,-0.0310877000768541,1.1834392536313403,118.34392536313403
2024-10-08,Metal,0.0007014632156631426,1.1849708559513976,118.49708559513977
2024-10-09,Metal,0.0028497144731412885,1.191197399022994,119.1197399022994
2024-10-10,Metal,0.003895825264984042,1.1997339212106755,119.97339212106755
2024-10-11,Metal,0.010928378657146402,1.2237734464466352,122.37734464466352
2024-10-14,Metal,0.006267285493634151,1.237710469508679,123.77104695086788
2024-10-15,Metal,-0.010443083269856558,1.21434187274177,121.434187274177
2024-10-16,Metal,-0.0014079053136066709,1.211224289052995,121.1224289052995
2024-10-17,Metal,-0.009562479185693418,1.1900795028140259,119.00795028140259
2024-10-18,Metal,0.00919068450604217,1.210207832567539,121.0207832567539
2024-10-21,Metal,-0.018129715654788756,1.1701373930251027,117.01373930251026
2024-10-22,Metal,-0.03588141188976126,1.0922697993685961,109.2269799368596
2024-10-23,Metal,0.0038648175126109185,1.1003560403303032,110.03560403303032
2024-10-24,Metal,-0.003587094740457122,1.092821864224947,109.2821864224947
2024-10-25,Metal,-0.026674322441162093,1.036997259006697,103.69972590066969
2024-10-28,Metal,0.019449463934230336,1.0766157637298739,107.66157637298738
2024-10-29,Metal,0.011843364208582285,1.1012098805410098,110.12098805410098
2024-10-30,Metal,0.001870717310401837,1.1051406502373249,110.51406502373248
2024-10-31,Metal,0.005798302330627194,1.117346892175894,111.7346892175894
2024-11-01,Metal,0.011788405439998805,1.1423070357979848,114.23070357979847
2024-11-04,Metal,-0.01722783072319916,1.1053997328281384,110.53997328281385
2024-11-05,Metal,0.021130793731439508,1.1498885003047579,114.98885003047579
2024-11-06,Metal,0.02023782734122563,1.1933975725768118,119.33975725768119
2024-11-07,Metal,-0.009885754826104641,1.1717141819381443,117.17141819381442
2024-11-08,Metal,-0.015075020586355379,1.1389755459377469,113.89755459377469
2024-11-11,Metal,-0.01025830113644881,1.1170332906640175,111.70332906640175
2024-11-12,Metal,-0.01943826186363837,1.0758818431860502,107.58818431860502
2024-11-13,Metal,-0.024964523722619966,1.024058441666476,102.4058441666476
2024-11-14,Metal,0.0004555471916514977,1.0249804958053157,102.49804958053157
2024-11-18,Metal,0.013475861450519476,1.0522688524067925,105.22688524067925
2024-11-19,Metal,-0.009104618842235143,1.0335837267438372,103.35837267438373
2024-11-21,Metal,-0.0023560852393993475,1.0287924301421736,102.87924301421737
2024-11-22,Metal,0.012418821404470414,1.0539876409988511,105.39876409988511
2024-11-25,Metal,0.014414919672387264,1.0835957078519258,108.35957078519259
2024-11-26,Metal,0.004175152901678771,1.0922950385174892,109.22950385174892
2024-11-27,Metal,0.003882328104934946,1.1004180143493416,110.04180143493416
2024-11-28,Metal,0.0013444781139036837,1.1032419803996834,110.32419803996834
2024-11-29,Metal,0.0025892639684457455,1.1086878290764548,110.86878290764548
2024-12-02,Metal,0.005307243228149615,1.1198791482776023,111.98791482776022
2024-12-03,Metal,0.015369133907141778,1.1524598547744382,115.24598547744382
2024-12-04,Metal,0.00016493795425839532,1.152814877099508,115.2814877099508
2024-12-05,Metal,0.010311377938854734,1.1750133649296703,117.50133649296703
2024-12-06,Metal,0.013960173143864687,1.2053769280943083,120.53769280943084
2024-12-09,Metal,0.009510111082191729,1.226350307658588,122.6350307658588
2024-12-10,Metal,0.006027442432956159,1.239769505973594,123.9769505973594
2024-12-11,Metal,-0.0002909388588216803,1.2391178699895025,123.91178699895025
2024-12-12,Metal,-0.004059326480668023,1.230028559526517,123.0028559526517
2024-12-13,Metal,-0.010170484139341672,1.2073480894315738,120.73480894315738
2024-12-16,Metal,-0.004068955114804145,1.198366489132928,119.8366489132928
2024-12-17,Metal,-0.013749413235165209,1.1681402398315002,116.81402398315002
2024-12-18,Metal,-0.009606827578934884,1.1473112903804883,114.73112903804883
2024-12-19,Metal,-0.009724472915759329,1.126429819895479,112.64298198954789
2024-12-20,Metal,-0.02012081777271148,1.0836443129829023,108.36443129829023
2024-12-23,Metal,0.0025418548949948105,1.0889406344792856,108.89406344792856
2024-12-24,Metal,-0.0025801177521351188,1.0835509216651094,108.35509216651093
2024-12-26,Metal,-0.0018448342831922956,1.0797071154940445,107.97071154940446
2024-12-27,Metal,-0.006300963270071378,1.0666029573468103,106.66029573468103
2024-12-30,Metal,-0.02177681848389554,1.021598919866387,102.15989198663871
2024-12-31,Metal,0.01005702207708827,1.0419301848345013,104.19301848345013
2025-01-01,Metal,0.00693261877179759,1.056086108364585,105.6086108364585
2025-01-02,Metal,0.008600000485582657,1.0737684498949203,107.37684498949203
2025-01-03,Metal,0.0044554220200564,1.08300796351108,108.300796351108
2025-01-06,Metal,-0.03481564402191722,1.0104866997586597,101.04866997586596
2025-01-07,Metal,0.015426300907457705,1.0415010725595786,104.15010725595786
2025-01-08,Metal,-0.012028040647934798,1.0169458146760295,101.69458146760294
2025-01-09,Metal,-0.012744993093074716,0.9912398541988774,99.12398541988775
2025-01-10,Metal,-0.01379940140312947,0.963761936160878,96.3761936160878
2025-01-13,Metal,-0.03970136199249857,0.8857979126662652,88.57979126662651
2025-01-14,Metal,0.033987446759584795,0.949891368822346,94.9891368822346
2025-01-15,Metal,0.003731156966393892,0.9571667195868387,95.71667195868388
2025-01-16,Metal,0.01694654207490307,0.9903339277479171,99.03339277479171
2025-01-17,Metal,0.007213824009406369,1.004691846422641,100.46918464226411
2025-01-20,Metal,0.01009107248510953,1.0249213371552002,102.49213371552001
2025-01-21,Metal,-0.011131014580550004,1.0023819082268588,100.23819082268588
2025-01-22,Metal,-0.008996628317114575,0.9843672224496272,98.43672224496271
2025-01-23,Metal,0.003954804057477995,0.9922150059924972,99.22150059924972
2025-01-24,Metal,-0.010710206564873882,0.9708779717566762,97.08779717566762
2025-01-27,Metal,-0.03387808844525495,0.9041083935146987,90.41083935146987
2025-01-28,Metal,-0.01607051754958842,0.873508386160402,87.3508386160402
2025-01-29,Metal,0.02796968435928762,0.9259098243657868,92.59098243657868
2025-01-30,Metal,-0.005985877222159591,0.9143815646161824,91.43815646161823
2025-01-31,Metal,0.01857170281801127,0.9499348901145135,94.99348901145135
2025-02-01,Metal,-0.01473794938280605,0.9211968484042383,92.11968484042383
2025-02-03,Metal,-0.024210810526526055,0.8746831155233643,87.46831155233643
2025-02-04,Metal,0.018611627719535413,0.909574019761584,90.95740197615841
2025-02-05,Metal,0.017173490146762845,0.9423680703744739,94.23680703744739
2025-02-06,Metal,-0.002406549018870527,0.9376936664004287,93.76936664004288
2025-02-07,Metal,0.011380906045625996,0.9597463759629365,95.97463759629366
2025-02-10,Metal,-0.025544931239562974,0.9096847895419804,90.96847895419803
2025-02-11,Metal,-0.029009605298365,0.8542855875530762,85.42855875530762
2025-02-12,Metal,0.00384162039891037,0.8614090488916257,86.14090488916257
2025-02-13,Metal,0.0035954581222883233,0.8681016671753641,86.8101667175364
2025-02-14,Metal,-0.026417261447323852,0.8187515370234111,81.87515370234111
2025-02-17,Metal,0.003967539099676404,0.8259675048591482,82.59675048591481
2025-02-18,Metal,-0.007584443762380266,0.8121185570066103,81.21185570066103
2025-02-19,Metal,0.01978967670064855,0.8479797973930168,84.79797973930168
2025-02-20,Metal,0.0254238492020386,0.8949625570903508,89.49625570903508
2025-02-21,Metal,0.011533038384124129,0.9168172329977518,91.68172329977517
2025-02-24,Metal,-0.02060389850566407,0.8773233252751584,87.73233252751584
2025-02-25,Metal,-0.014303006662949529,0.8504719572452373,85.04719572452373
2025-02-27,Metal,-0.005337817567042503,0.840594475524534,84.0594475524534
2025-02-28,Metal,-0.017195156577961064,0.8089451653213595,80.89451653213595
2025-03-03,Metal,-0.0009692715902355271,0.8071918061643195,80.71918061643196
2025-03-04,Metal,0.010269599618157155,0.8257509424468414,82.57509424468414
2025-03-05,Metal,0.03922470025654009,0.8973654759074143,89.73654759074144
2025-03-06,Metal,0.029071179869638444,0.9525241289359607,95.25241289359607
2025-03-07,Metal,0.0028965657740835805,0.958179743500909,95.81797435009089
2025-03-10,Metal,-0.014207229329238211,0.9303594348171227,93.03594348171227
2025-03-11,Metal,0.0039130362083916615,0.9379130011807726,93.79130011807726
2025-03-12,Metal,-0.004800011758735851,0.9286109959876978,92.86109959876978
2025-03-13,Metal,-0.008027279190124506,0.9131294970737605,91.31294970737605
2025-03-17,Metal,0.009360807439920306,0.9310379339034995,93.10379339034995
2025-03-18,Metal,0.0,0.9310379339034995,93.10379339034995
2025-03-19,Metal,0.04289802980425956,1.0138756567452476,101.38756567452477
2025-03-20,Metal,0.01279071789042716,1.039634572137075,103.9634572137075
2025-03-21,Metal,0.00024514876677750937,1.0401345860371114,104.01345860371114
2025-03-24,Metal,0.003778559686939865,1.0478433563398433,104.78433563398433
2025-03-25,Metal,-0.01771685763232359,1.0115620071422708,101.15620071422708
2025-03-26,Metal,-0.008890815186622788,0.9936775811003369,99.36775811003369
2025-03-27,Metal,0.010924175531383307,1.0154568649492606,101.54568649492606
2025-03-28,Metal,-0.0041506227440967275,1.0070914638458563,100.70914638458564
2025-04-01,Metal,-0.0006698783793271749,1.0057469566688937,100.57469566688937
2025-04-02,Metal,0.00578346258057447,1.017347119138889,101.7347119138889
2025-04-03,Metal,-0.0008292064589978603,1.0156743218776585,101.56743218776585
2025-04-04,Metal,-0.05611499108123606,0.9025647752828172,90.25647752828172
2025-04-07,Metal,-0.05661902117668259,0.794843419981069,79.4843419981069
2025-04-08,Metal,0.011076472595040002,0.8147239539348774,81.47239539348774
2025-04-09,Metal,-0.014275066981244089,0.7888186479399888,78.88186479399889
2025-04-11,Metal,0.04023389298211349,0.8607897859856153,86.07897859856153
2025-04-15,Metal,0.0315442535863608,0.9194870108656557,91.94870108656556
2025-04-16,Metal,0.007971669656347281,0.934788527225926,93.47885272259259
2025-04-17,Metal,0.0021401892356738097,0.9389293408052002,93.89293408052002
2025-04-21,Metal,0.01808812078770503,0.97400092892051,97.400092892051
2025-04-22,Metal,0.0010279402238575362,0.9760300838772795,97.60300838772795
2025-04-23,Metal,0.0015948270471281,0.9791815101009855,97.91815101009855
2025-04-24,Metal,0.003972019454599098,0.9870428575632895,98.70428575632894
2025-04-25,Metal,-0.024410466514620872,0.9385382144256242,93.85382144256242
2025-04-28,Metal,0.011846251958005434,0.9615026265439319,96.15026265439319
2025-04-29,Metal,-0.00649286219580924,0.9487668602930643,94.87668602930643
2025-04-30,Metal,-0.007229681394984681,0.9346778967800409,93.46778967800408
2025-05-02,Metal,-0.0015968325600567528,0.9315885401212405,93.15885401212405
2025-05-05,Metal,0.008254836097746958,0.9475334869282277,94.75334869282277
2025-05-06,Metal,-0.016677874238488086,0.9150527683579945,91.50527683579945
2025-05-07,Metal,0.012924401076264894,0.9398036784184645,93.98036784184644
2025-05-08,Metal,-0.02030845329901597,0.9004092660060437,90.04092660060437
2025-05-09,Metal,-0.004028278013340886,0.8927538891434421,89.2753889143442
2025-05-12,Metal,0.05433360921794596,0.9955940393019096,99.55940393019095
2025-05-13,Metal,-0.0030478550471904433,0.9895117579370802,98.95117579370802
2025-05-14,Metal,0.026500852179392725,1.0422355149433349,104.22355149433349
2025-05-15,Metal,0.022912541093895733,1.0890283201028872,108.90283201028872
2025-05-16,Metal,0.007206354043339099,1.1040825977841107,110.40825977841106
2025-05-19,Metal,0.004752825752022022,1.11408293573924,111.40829357392401
2025-05-20,Metal,-0.009859231619554907,1.0932397024128382,109.32397024128382
2025-05-21,Metal,0.005681271290498391,1.1051319650382876,110.51319650382877
2025-05-22,Metal,-4.6137518102519324e-05,1.1050348394741425,110.50348394741425
2025-05-23,Metal,0.00020915950606907133,1.1054751275214252,110.54751275214252
2025-05-26,Metal,0.008957027031860416,1.1243339251535445,112.43339251535444
2025-05-27,Metal,-0.0037476506674415685,1.1163726637010742,111.63726637010743
2025-05-28,Metal,-0.0017577810863398996,1.1126525438611736,111.26525438611736
2025-05-29,Metal,0.014256722725892587,1.1427720453951538,114.27720453951538
2025-05-30,Metal,-0.010991102859176736,1.119220617440447,111.92206174404471
2025-06-02,Metal,-0.004199367046004395,1.1103212322163545,111.03212322163544
2025-06-03,Metal,-0.002176175797601876,1.1057288022256397,110.57288022256398
2025-06-04,Metal,0.0046489950993517624,1.1155183251077507,111.55183251077507
2025-06-05,Metal,0.010967839212150455,1.13872098994789,113.87209899478901
2025-06-06,Metal,0.016176515671915723,1.1733180435596373,117.33180435596373
2025-06-09,Metal,0.009264592474417712,1.1934529495505162,119.34529495505161
2025-06-10,Metal,0.0042697720162955255,1.202818493573568,120.28184935735679
2025-06-11,Metal,-0.0013386716069544507,1.1998696430009468,119.98696430009468
2025-06-12,Metal,-0.015712755704587657,1.1653036287185343,116.53036287185343
2025-06-13,Metal,-0.011261666767024479,1.1409187008024775,114.09187008024774
2025-06-16,Metal,0.0018516753729252002,1.1448829872361883,114.48829872361883
2025-06-17,Metal,-0.016153924155461154,1.110234710138036,111.02347101380361
2025-06-18,Metal,-0.007969037399886377,1.0934181708104078,109.34181708104079
2025-06-19,Metal,-0.01726493261482089,1.0572754471567247,105.72754471567248
2025-06-20,Metal,0.011929084354940254,1.0818168595072049,108.18168595072049
2025-06-23,Metal,0.005419745193982405,1.0930997764262704,109.30997764262705
2025-06-24,Metal,0.009521650396513556,1.1130295407424224,111.30295407424225
2025-06-25,Metal,0.006790436538354008,1.1273779337425012,112.73779337425012
2025-06-26,Metal,0.021872697440078383,1.17390942762795,117.390942762795
2025-06-27,Metal,-0.000453372237086284,1.1729238374475233,117.29238374475233
2025-06-30,Metal,0.00010243851334011832,1.1731464285350328,117.31464285350329
2025-07-01,Metal,-0.002288774083346755,1.1681725873100843,116.81725873100844
2025-07-02,Metal,0.008125792751176123,1.1857907084033474,118.57907084033474
2025-07-03,Metal,-0.007026232814510332,1.170432834002312,117.0432834002312
2025-07-04,Metal,-0.0019589631468364555,1.166181036067818,116.6181036067818
2025-07-07,Metal,-0.004893739681401727,1.1555803099745132,115.55803099745133
2025-07-08,Metal,-0.005017607832381883,1.144764453327857,114.47644533278569
2025-07-09,Metal,-0.010127048045198503,1.123044320663372,112.3044320663372
2025-07-10,Metal,0.008576340317773256,1.141252271267097,114.12522712670969
2025-07-11,Metal,-0.005236717447715878,1.1300391381381911,113.00391381381911
2025-07-14,Metal,0.0026405105147079646,1.1356635288791845,113.56635288791846
2025-07-15,Metal,0.0017609658105857868,1.1394243593364557,113.94243593364557
2025-07-16,Metal,-0.001746199337501475,1.1356884979375481,113.56884979375481
2025-07-17,Metal,0.004042150310603818,1.1443212718628395,114.43212718628395
2025-07-18,Metal,0.0011943673191447957,1.1468823791116995,114.68823791116995
2025-07-21,Metal,0.007843128870573209,1.1637206542810352,116.37206542810353
2025-07-22,Metal,-0.0016738426736131401,1.1600989263161217,116.00989263161216
2025-07-23,Metal,0.006106475845443043,1.1732895182334384,117.32895182334384
2025-07-24,Metal,0.0021686747993890304,1.1780026764434073,117.80026764434072
2025-07-25,Metal,-0.01883243852606672,1.1369855749296778,113.69855749296778
2025-07-28,Metal,-0.0168496997123346,1.100978009702522,110.0978009702522
2025-07-29,Metal,0.013274319097689261,1.1288670622205412,112.88670622205413
2025-07-30,Metal,-0.002568067284071983,1.123399988365914,112.3399988365914
2025-07-31,Metal,-0.006653897332804661,1.1092711028468485,110.92711028468484
2025-08-01,Metal,-0.020611912573447546,1.0657949912812699,106.57949912812698
2025-08-04,Metal,0.017153588910368563,1.1012307893348074,110.12307893348074
2025-08-05,Metal,-0.0012633299395635857,1.0985762415687081,109.85762415687081
2025-08-06,Metal,-0.003422755079183221,1.0913933290788256,109.13933290788256
2025-08-07,Metal,0.001927685086769943,1.0954248768098611,109.54248768098611
2025-08-08,Metal,-0.01336226243270665,1.067425259697906,106.74252596979059
2025-08-11,Metal,0.0012578096094817538,1.070025687056439,107.00256870564391
2025-08-12,Metal,0.0067762710542810245,1.084052742201258,108.4052742201258
2025-08-13,Metal,0.011758449548038829,1.108557971225883,110.85579712258831
2025-08-14,Metal,-0.010503607588995902,1.086410505717477,108.64105057174771
2025-08-18,Metal,0.012546341508224071,1.1125873244485551,111.25873244485551
2025-08-19,Metal,0.007978381061016239,1.1294423511476785,112.94423511476785
2025-08-20,Metal,0.0026254649151125384,1.1350331273293714,113.50331273293715
2025-08-21,Metal,0.000821355084761894,1.136786747644639,113.67867476446389
2025-08-22,Metal,-0.00787983238980066,1.1199492262204518,111.99492262204518
2025-08-25,Metal,0.009238596057200683,1.1395345807832777,113.95345807832777
2025-08-26,Metal,-0.019002437441578462,1.0988782087578497,109.88782087578497
2025-08-28,Metal,-0.0066604322625030505,1.0848987726211745,108.48987726211745
2025-08-29,Metal,-0.00903625727647803,1.0660590909163563,106.60590909163562
2025-09-01,Metal,0.016222504298947955,1.0995757434006275,109.95757434006275
2025-09-02,Metal,0.011301713802658807,1.1233045475595458,112.33045475595458
2025-09-03,Metal,0.0229890960109796,1.1721173996639416,117.21173996639416
2025-09-04,Metal,-0.00988943202425714,1.1506363922912586,115.06363922912585
2025-09-05,Metal,0.0062934898350037426,1.1641714005649328,116.41714005649328
2025-09-08,Metal,0.000682725067921978,1.1656489346313785,116.56489346313785
2025-09-09,Metal,0.00023428419411256372,1.1661563119467595,116.61563119467596
2025-09-10,Metal,0.003709040503113418,1.174190673443845,117.4190673443845
2025-09-11,Metal,0.0021126137206194506,1.1787838984918055,117.87838984918055
2025-09-12,Metal,0.006836253273441765,1.1936786170499927,119.36786170499927
2025-09-15,Metal,0.0050926413843499375,1.204850235559145,120.48502355591451
2025-09-16,Metal,0.004404000224988763,1.214560396492614,121.4560396492614
2025-09-17,Metal,-0.0025932341664633924,1.2088175228087326,120.88175228087326
2025-09-18,Metal,0.0036302067948108716,1.2168359871885301,121.68359871885302
2025-09-19,Metal,0.0014227571848749578,1.2199900065169924,121.99900065169925
2025-09-22,Metal,-0.0017036102778162612,1.2162080087252405,121.62080087252404
2025-09-23,Metal,0.004739501100504338,1.22671172902154,122.67117290215398
2025-09-24,Metal,-0.0041077458067656815,1.2175649632537757,121.75649632537757
2025-09-25,Metal,-0.00022948744299046265,1.2170560599406932,121.70560599406932
2025-09-26,Metal,-0.02106027017154292,1.1703642603328857,117.03642603328856
2025-09-29,Metal,0.0043326778281057455,1.1797677494425427,117.97677494425427
2025-09-30,Metal,0.012574167266398952,1.2071765137259356,120.71765137259356
2025-10-01,Metal,0.0024875261941591817,1.2126669231189622,121.26669231189622
2025-10-03,Metal,0.01403321465123827,1.2437177530027856,124.37177530027856
2025-10-06,Metal,-0.010513383576375164,1.2201286876283448,122.01286876283449
2025-10-07,Metal,-0.0031829775771726803,1.213062067797186,121.3062067797186
2025-10-08,Metal,-0.004564355316944842,1.2029608661813067,120.29608661813067
2025-10-09,Metal,0.020223177444946852,1.247511734682365,124.7511734682365
2025-10-10,Metal,-0.007066404832118117,1.2316299069001633,123.16299069001633
2025-10-13,Metal,-0.004035729474318505,1.2226236523091156,122.26236523091157
2025-10-14,Metal,-0.010092762165994454,1.2001912404018458,120.01912404018458
2025-10-15,Metal,0.008833177035403336,1.219625919140059,121.96259191400588
2025-10-16,Metal,0.00360043294506159,1.2276175334250436,122.76175334250436
2025-10-17,Metal,-0.0071916436433305565,1.2115973019510156,121.15973019510156
2025-10-20,Metal,-0.0027607449011071952,1.2054916459763518,120.54916459763518
2025-10-21,Metal,0.00861445497655066,1.2244907544617734,122.44907544617733
2025-10-23,Metal,-0.0007536543173648799,1.222814257400735,122.2814257400735
2025-10-24,Metal,0.010287511115988456,1.2456814837825223,124.56814837825223
2025-10-27,Metal,0.014459243881525585,1.27815234003676,127.81523400367601
2025-10-28,Metal,0.005258601353316344,1.2901322350151379,129.01322350151378
2025-10-29,Metal,0.012125622195563698,1.3179015132748133,131.79015132748134
2025-10-30,Metal,-0.0029095970369465676,1.3111573538998549,131.1157353899855
2025-10-31,Metal,-0.006422175834239275,1.2963146949925148,129.6314694992515
2025-11-03,Metal,0.012317474420298088,1.3245994925090399,132.45994925090397
2025-11-04,Metal,-0.013290719190859687,1.2937038934228875,129.37038934228875
2025-11-06,Metal,-0.019053654920369225,1.2500004509481002,125.00004509481002
2025-11-07,Metal,0.008565695120289627,1.2692732688314359,126.92732688314359
2025-11-10,Metal,0.011669140387696668,1.2957537371834773,129.57537371834772
2025-11-11,Metal,0.0079319368463049,1.3139635108414849,131.39635108414848
2025-11-12,Metal,0.0050974000316701285,1.3257587085149316,132.57587085149316
2025-11-13,Metal,0.005207398342480074,1.3378698605586608,133.78698605586607
2025-11-14,Metal,-0.006338734567611613,1.3230507240589602,132.30507240589603
2025-11-17,Metal,0.000591936931396179,1.3244258235760373,132.44258235760373
2025-11-18,Metal,-0.009356784822825322,1.3026766713082178,130.2676671308218
2025-11-19,Metal,-0.0013545160293504572,1.2995576588465196,129.95576588465195
2025-11-20,Metal,-0.003216032133272015,1.2921622075233574,129.21622075233574
2025-11-21,Metal,-0.017794851064471803,1.2513735224248683,125.13735224248683
2025-11-24,Metal,-0.0067935539060273165,1.2360786950376723,123.60786950376723
2025-11-25,Metal,0.007707896648692443,1.253314158517366,125.3314158517366
2025-11-26,Metal,0.01780521183654766,1.2934348944440597,129.34348944440598
2025-11-27,Metal,0.003189073187039574,1.3007488261721525,130.07488261721525
2025-11-28,Metal,-0.001280422274083284,1.2978028961280508,129.78028961280506
2025-12-01,Metal,0.003125302038004275,1.3049842242022516,130.49842242022515
2025-12-02,Metal,-0.004764001804969343,1.294003275197726,129.4003275197726
2025-12-03,Metal,-0.0049555245414748044,1.2826352856692598,128.26352856692597
2025-12-04,Metal,0.004767736255730188,1.293518288679354,129.35182886793538
2025-12-05,Metal,0.0016516193424255254,1.2973063078471436,129.73063078471435
2025-12-08,Metal,-0.01677706186411813,1.2587642577995632,125.87642577995632
2025-12-09,Metal,0.001192292423690443,1.2614573653110406,126.14573653110406
2025-12-10,Metal,0.004666872549304011,1.2720112986106318,127.20112986106318
2025-12-11,Metal,0.0027870176345916966,1.2783434341658513,127.83434341658513
2025-12-12,Metal,0.024208349987763746,1.3334983694124616,133.34983694124617
2025-12-15,Metal,0.00314193628373588,1.3408300726073574,134.08300726073574
2025-12-16,Metal,-0.003606993854939967,1.332386712920004,133.2386712920004
2025-12-17,Metal,0.0022252297413432967,1.3375768092019071,133.75768092019072
2025-12-18,Metal,0.0005787687576038203,1.3389297256275725,133.89297256275725
2025-12-19,Metal,-0.0029336493387922486,1.3320681259845037,133.20681259845037
2025-12-22,Metal,0.018127494321655897,1.3743426776960024,137.43426776960024
2025-12-23,Metal,0.009997621342681562,1.3980804567253755,139.80804567253756
2025-12-24,Metal,0.000983420228491473,1.4004387775560696,140.04387775560696
2025-12-26,Metal,0.007677199907388361,1.4188674259168144,141.88674259168144
2025-12-29,Metal,-0.004795125272037521,1.4072686535930923,140.72686535930922
2025-12-30,Metal,0.014142133681415913,1.4413125686992876,144.13125686992876
2025-12-31,Metal,0.013142630323908326,1.4733978372948133,147.33978372948133
2026-01-01,Metal,0.004659214534995484,1.4849219284491637,148.49219284491636
2026-01-02,Metal,0.014584271605950987,1.5211627047732499,152.11627047732497
2026-01-05,Metal,-0.00023307435646106414,1.5205750863983014,152.05750863983013
2026-01-06,Metal,0.002301213415416861,1.5263754676016865,152.63754676016865
2026-01-07,Metal,-0.000493234869831913,1.5251293711267775,152.51293711267775
2026-01-08,Metal,-0.03626963039781786,1.4335438621293353,143.35438621293352
2026-01-09,Metal,-0.008157268259929703,1.413692792023641,141.3692792023641
2026-01-12,Metal,0.006348027591015135,1.4290149804636414,142.90149804636414
2026-01-13,Metal,0.0035575135461666982,1.4376562341604826,143.76562341604827
2026-01-14,Metal,0.019943166719037994,1.4862708188420473,148.62708188420473
2026-01-15,Metal,0.0,1.4862708188420473,148.62708188420473
2026-01-16,Metal,-0.008699090663201119,1.464642523575669,146.4642523575669
2026-01-19,Metal,0.003145781678126452,1.4723957508694645,147.23957508694645
2026-01-20,Metal,-0.021017750613119626,1.4204315535607535,142.04315535607535
2026-01-21,Metal,0.0011422313584867462,1.4231962463823016,142.31962463823015
2026-01-22,Metal,0.00893232184093879,1.444841015138743,144.4841015138743
2026-01-23,Metal,-0.0039038625346680244,1.4352966918965233,143.52966918965234
2026-01-27,Metal,0.02228686946231336,1.4895718313708244,148.95718313708244
2026-01-28,Metal,0.024896915006284808,1.5515544896585047,155.15544896585047
2026-01-29,Metal,0.019578048490359427,1.601508947182833,160.1508947182833
2026-01-30,Metal,-0.027828208883576018,1.5291136127881368,152.91136127881367
2026-02-02,Metal,-0.021098551685006454,1.4757529785114731,147.57529785114733
2026-02-03,Metal,0.021789640870526348,1.529698746797374,152.9698746797374
2026-02-04,Metal,0.01223636846465076,1.5606530727677517,156.06530727677517
2026-02-05,Metal,-0.010293157117771826,1.534295868365648,153.4295868365648
2026-02-06,Metal,-0.003349782165919789,1.5258065292626326,152.58065292626327
2026-02-09,Metal,0.013779877290615226,1.5606118332957064,156.06118332957064
2026-02-10,Metal,0.007666169070883781,1.5802419165346566,158.02419165346566
2026-02-11,Metal,0.0038484475191987353,1.590171842137277,159.01718421372772
2026-02-12,Metal,0.008429824064100077,1.6120065350622803,161.20065350622804
2026-02-13,Metal,-0.025418529168913333,1.5456131707614076,154.56131707614077
2026-02-16,Metal,0.0039207426293367265,1.5555938648378125,155.55938648378125
2026-02-17,Metal,-0.008416158295103579,1.5340855823333421,153.40855823333422
2026-02-18,Metal,0.015050231445336194,1.5722241568497486,157.22241568497486
2026-02-19,Metal,-0.008977418044362664,1.5491322252899002,154.91322252899002
2026-02-20,Metal,0.006482186470018729,1.5656561757109628,156.56561757109628
2026-02-23,Metal,0.000285478836518644,1.566388616250912,156.6388616250912
2026-02-24,Metal,0.005474540699396315,1.580438415181045,158.0438415181045
2026-02-25,Metal,0.020769463169940112,1.634032735807447,163.4032735807447
2026-02-26,Metal,0.005049510421573601,1.6473333115576723,164.73333115576722
2026-02-27,Metal,-0.008504650027605278,1.6248186682364532,162.4818668236453
2026-03-02,Metal,-0.003815668017482596,1.6148032315923722,161.48032315923723
2026-03-04,Metal,-0.02612165163259523,1.546500252488932,154.6500252488932
2026-03-05,Metal,0.019400398657821043,1.5959033725694591,159.5903372569459
2026-03-06,Metal,-0.001633221415431448,1.591663687588988,159.1663687588988
2026-03-09,Metal,-0.02726691303596973,1.5209970192010185,152.09970192010184
2026-03-10,Metal,0.01059717262509241,1.547712459800835,154.7712459800835
2026-03-11,Metal,0.0055882703127122825,1.5619497657052674,156.19497657052673
2026-03-12,Metal,0.0073595125829491025,1.5808044672428587,158.08044672428588
2026-03-13,Metal,-0.03993576981956319,1.4777380540897478,147.77380540897477
2026-03-16,Metal,-0.007609219442182926,1.4588844015159315,145.88844015159316
2026-03-17,Metal,0.03310288150846524,1.5402805605023269,154.0280560502327
2026-03-18,Metal,0.00041801098147492555,1.541342425672644,154.1342425672644
2026-03-19,Metal,-0.026217091840795046,1.4747158178998756,147.47158178998757
2026-03-20,Metal,0.010237239730252732,1.5000500769919651,150.0050076991965
2026-03-23,Metal,-0.05002299321621413,1.3749900889504003,137.49900889504002
2026-03-24,Metal,0.02370742723933365,1.4312949936783306,143.12949936783306
2026-03-25,Metal,0.024931177373641762,1.4919100404133725,149.19100404133724
2026-03-27,Metal,-0.017812191788571255,1.4475236608536632,144.75236608536633
2026-03-30,Metal,-0.0015515832369623309,1.4437261241694141,144.37261241694142
2026-04-01,Metal,0.0210358069748566,1.4951318752168565,149.51318752168567
2026-04-02,Metal,0.0020536432876618635,1.5002559860442268,150.02559860442267
2026-04-06,Metal,0.01634990867356664,1.541134943076588,154.11349430765878
2026-04-07,Metal,0.009313064987327405,1.5648006979430287,156.48006979430286
2026-04-08,Metal,0.02783169978887952,1.6361834609864876,163.61834609864877
2026-04-09,Metal,0.008139045799760733,1.6576394789120283,165.76394789120283
2026-04-10,Metal,0.0108113348639546,1.6863721092662125,168.63721092662126
2026-04-13,Metal,-0.00024293432038670812,1.685719497283542,168.5719497283542
2026-04-15,Metal,0.0213925368320056,1.7431738505496157,174.31738505496156
2026-04-16,Metal,0.015202002338879318,1.7848755858416232,178.48755858416231
2026-04-17,Metal,0.011137149511378626,1.8158911616117295,181.58911616117294
2026-04-20,Metal,-0.001958742000831638,1.81037555732371,181.037555732371
2026-04-21,Metal,0.0019060976514847505,1.8157324075733143,181.57324075733143
2026-04-22,Metal,0.0064162008679099864,1.8337987122905886,183.37987122905886
2026-04-23,Metal,-0.007992711737409182,1.8111489760614083,181.11489760614083
2026-04-24,Metal,0.0005145807214186338,1.8125955391295254,181.25955391295255
2026-04-27,Metal,0.019667042565662412,1.867910975317578,186.7910975317578
2026-04-28,Metal,0.005396706572664211,1.88338824932789,188.338824932789
2026-04-29,Metal,0.0037895704557951745,1.8943150522501297,189.43150522501298
2026-04-30,Metal,-0.05413102479481303,1.7376428123927776,173.76428123927775
2026-05-01,Metal,0.0,1.7376428123927776,173.76428123927775
2026-05-04,Metal,0.011341973863159882,1.768693085617604,176.8693085617604
2026-05-05,Metal,0.00438254467320023,1.7808270067517036,178.08270067517037
2026-05-06,Metal,0.008387076898603648,1.8041500166990438,180.41500166990437
2026-05-07,Metal,0.006699851350747083,1.822937404976122,182.2937404976122
2026-05-08,Metal,-0.008915664080546707,1.797769043352945,179.7769043352945
2026-05-11,Metal,-0.005277179463641553,1.7830047140133507,178.30047140133507
2026-05-12,Metal,-0.014675076978397601,1.7421639056039613,174.21639056039612
2023-05-12,Pharma,,,
2023-05-15,Pharma,0.0017984636931724807,0.0017984636931724918,0.17984636931724918
2023-05-16,Pharma,-0.003928262902579427,-0.002136864047614484,-0.2136864047614484
2023-05-17,Pharma,-0.005463750971084392,-0.007588939725683641,-0.7588939725683641
2023-05-18,Pharma,-0.009375656681211991,-0.016893445113453254,-1.6893445113453254
2023-05-19,Pharma,-0.00401005958703019,-0.020835760978948237,-2.0835760978948237
2023-05-22,Pharma,0.007355098993694636,-0.01363391106986278,-1.363391106986278
2023-05-23,Pharma,0.003754755641358659,-0.00993034743300747,-0.9930347433007469
2023-05-24,Pharma,0.005321943658459583,-0.004661252524095327,-0.46612525240953273
2023-05-25,Pharma,0.00448780697734113,-0.00019436434835506944,-0.019436434835506944
2023-05-26,Pharma,0.005057148017937885,0.004861800740303623,0.48618007403036234
2023-05-29,Pharma,0.0064489252115835,0.011342079341255085,1.1342079341255085
2023-05-30,Pharma,0.001308712577537441,0.012665635440682,1.2665635440682
2023-05-31,Pharma,0.005765144372293069,0.018503799029857326,1.8503799029857326
2023-06-01,Pharma,0.010730382722172355,0.029432734597434118,2.943273459743412
2023-06-02,Pharma,0.007603757578993686,0.037260291555193614,3.7260291555193614
2023-06-05,Pharma,2.4541408034095546e-06,0.03726283713799883,3.7262837137998828
2023-06-06,Pharma,0.008215613396265331,0.04578458759823811,4.578458759823811
2023-06-07,Pharma,0.006549793304987661,0.05263426048854836,5.263426048854836
2023-06-08,Pharma,-0.009310217411749394,0.042834006668343916,4.283400666834392
2023-06-09,Pharma,-0.0027884096105042556,0.0399261583019892,3.99261583019892
2023-06-12,Pharma,-0.00039154401847952825,0.03951898143504562,3.951898143504562
2023-06-13,Pharma,0.012098458456318567,0.05209555864649218,5.209555864649218
2023-06-14,Pharma,0.002991811620371132,0.055243230364591556,5.524323036459156
2023-06-15,Pharma,0.013419904503935176,0.06940449374450841,6.940449374450841
2023-06-16,Pharma,0.00671817124953763,0.07658893626850904,7.6588936268509045
2023-06-19,Pharma,0.003974400268366707,0.08086773162573535,8.086773162573536
2023-06-20,Pharma,0.002392216254403845,0.083453400982191,8.3453400982191
2023-06-21,Pharma,-0.001119175264367056,0.08224082673571731,8.224082673571731
2023-06-22,Pharma,-0.009598908263140426,0.0718524963212559,7.18524963212559
2023-06-23,Pharma,-0.0008757773751220166,0.07091379215550964,7.091379215550964
2023-06-26,Pharma,0.013389096020618696,0.08525235974848466,8.525235974848467
2023-06-27,Pharma,0.004961919076187887,0.0906372941347986,9.063729413479859
2023-06-28,Pharma,0.01473283748745281,0.10670547614704207,10.670547614704207
2023-06-30,Pharma,0.006105551497350176,0.11346252342405738,11.346252342405737
2023-07-03,Pharma,-0.008251640476826683,0.10427463099634182,10.427463099634181
2023-07-04,Pharma,-0.00336909643236335,0.10055422327670271,10.055422327670271
2023-07-05,Pharma,0.007006420452788292,0.10826516889607096,10.826516889607095
2023-07-06,Pharma,0.012571924142558949,0.12219819452927272,12.219819452927272
2023-07-07,Pharma,-0.0034113275386380092,0.11837000892446503,11.837000892446504
2023-07-10,Pharma,-0.003740289045420425,0.11418698183135811,11.418698183135811
2023-07-11,Pharma,0.009704920530108385,0.12500007794571255,12.500007794571255
2023-07-12,Pharma,0.011308155880606224,0.13772175419281685,13.772175419281684
2023-07-13,Pharma,-0.009249206281542416,0.12719873099728907,12.719873099728908
2023-07-14,Pharma,0.00843874257101827,0.13671087091455347,13.671087091455348
2023-07-17,Pharma,0.007562477823301128,0.1453072216673501,14.53072216673501
2023-07-18,Pharma,0.0002101001722117579,0.14554785091185773,14.554785091185774
2023-07-19,Pharma,0.0025088336343641326,0.14842183988999902,14.842183988999903
2023-07-20,Pharma,0.009127305299128568,0.15890383663486185,15.890383663486185
2023-07-21,Pharma,8.057889659471296e-05,0.15899721982727733,15.899721982727733
2023-07-24,Pharma,-0.0006948363348474318,0.15819190644695413,15.819190644695414
2023-07-25,Pharma,0.0056913730489908665,0.16478360864886565,16.478360864886564
2023-07-26,Pharma,-0.0013131143059997574,0.16325411462895478,16.325411462895477
2023-07-27,Pharma,0.02766458893238232,0.1954350615340672,19.54350615340672
2023-07-28,Pharma,0.0030004347473607472,0.19902188643090724,19.902188643090724
2023-07-31,Pharma,-0.0015868211934184084,0.197119253090146,19.7119253090146
2023-08-01,Pharma,0.003876428984362257,0.20175980086056278,20.175980086056278
2023-08-02,Pharma,-0.005343091397566479,0.19533868840664348,19.533868840664347
2023-08-03,Pharma,0.0164126109440705,0.2149573172458572,21.49573172458572
2023-08-04,Pharma,0.009183663900462824,0.2261150769008511,22.61150769008511
2023-08-07,Pharma,0.009786068782794432,0.23811392337902415,23.811392337902415
2023-08-08,Pharma,0.0018863354344881456,0.24044942154462734,24.044942154462735
2023-08-09,Pharma,0.007237089387327112,0.24942666488880394,24.942666488880395
2023-08-10,Pharma,-0.009916161232291693,0.2370371486318421,23.70371486318421
2023-08-11,Pharma,-0.01402669294436994,0.2196856083872043,21.96856083872043
2023-08-14,Pharma,-0.00729688322842374,0.210785704927414,21.0785704927414
2023-08-16,Pharma,0.007657348417722426,0.22005711292924102,22.0057112929241
2023-08-17,Pharma,-0.00635417067834097,0.21230466179636465,21.230466179636466
2023-08-18,Pharma,-0.002559004875178783,0.20920236825662575,20.920236825662574
2023-08-21,Pharma,0.006130038362606382,0.21661482516219333,21.661482516219333
2023-08-22,Pharma,-0.0025028804449453213,0.21356978370726432,21.35697837072643
2023-08-23,Pharma,0.0006423861456287371,0.2143493641230716,21.43493641230716
2023-08-24,Pharma,-0.005761860411189479,0.20735245259657775,20.735245259657773
2023-08-25,Pharma,-0.009596450832525943,0.19576615414770515,19.576615414770515
2023-08-28,Pharma,0.010924596422988413,0.2088294167980378,20.88294167980378
2023-08-29,Pharma,-0.00333495003592687,0.20479803109105776,20.479803109105777
2023-08-30,Pharma,-0.0008305674649162431,0.2037973650446383,20.37973650446383
2023-08-31,Pharma,-0.005894759578510084,0.19670126899645624,19.670126899645624
2023-09-01,Pharma,-0.006819509641298965,0.18854035315478024,18.854035315478022
2023-09-04,Pharma,0.0056466562359341384,0.1952516319515809,19.52516319515809
2023-09-05,Pharma,0.016956494038624776,0.21551890912342464,21.551890912342465
2023-09-06,Pharma,0.010133438647542048,0.22783629541395412,22.783629541395413
2023-09-07,Pharma,-0.0030257301643757395,0.2241211940980048,22.41211940980048
2023-09-08,Pharma,-0.004598462608608777,0.21849211855853956,21.849211855853955
2023-09-11,Pharma,0.007830391946492276,0.22803338943056484,22.803338943056485
2023-09-12,Pharma,-0.003593101703966567,0.22362094056647397,22.362094056647397
2023-09-13,Pharma,0.012637540599600539,0.23908449988140412,23.90844998814041
2023-09-14,Pharma,0.0051829675221126414,0.24550663460144273,24.55066346014427
2023-09-15,Pharma,0.0036485363013222137,0.2500509107713236,25.005091077132356
2023-09-18,Pharma,-0.0071900388172185135,0.24106299619937843,24.106299619937843
2023-09-20,Pharma,-0.003793232256413798,0.2363553560099534,23.63553560099534
2023-09-21,Pharma,-0.013026859941173247,0.22024952794969233,22.02495279496923
2023-09-22,Pharma,-0.012537752297051785,0.2049503416276648,20.49503416276648
2023-09-25,Pharma,0.0019266246687105026,0.2072718286804156,20.72718286804156
2023-09-26,Pharma,-0.004145637825456494,0.20226691692183008,20.226691692183007
2023-09-27,Pharma,0.012068765167077927,0.21677679401030647,21.677679401030648
2023-09-28,Pharma,-0.005713017314764607,0.2098253271179218,20.982532711792178
2023-09-29,Pharma,0.030288790213491713,0.2464694726459653,24.64694726459653
2023-10-03,Pharma,-0.0034055145827221133,0.2422246026799515,24.22246026799515
2023-10-04,Pharma,-0.014002877365752581,0.22482988390790348,22.482988390790347
2023-10-05,Pharma,-0.003098612510270915,0.22103461070667274,22.103461070667272
2023-10-06,Pharma,0.008240165212398615,0.23109613762895265,23.109613762895265
2023-10-09,Pharma,-0.004216797780609405,0.22590485416808215,22.590485416808214
2023-10-10,Pharma,0.0004158637268859733,0.2264146635295443,22.64146635295443
2023-10-11,Pharma,0.0012123702716161032,0.22790153220828158,22.79015322082816
2023-10-12,Pharma,0.0013419493845321707,0.2295493139136946,22.95493139136946
2023-10-13,Pharma,0.0007940644205336134,0.23052565527716484,23.052565527716485
2023-10-16,Pharma,-0.0032401024489257524,0.22653862608803532,22.653862608803532
2023-10-17,Pharma,0.002918373314734457,0.2301181236839016,23.01181236839016
2023-10-18,Pharma,-0.006276829949348156,0.22239688140392655,22.239688140392655
2023-10-19,Pharma,-0.0056840865884315635,0.21544867168459803,21.544867168459803
2023-10-20,Pharma,-0.009705237691874546,0.2036524534236257,20.36524534236257
2023-10-23,Pharma,-0.014831912051462049,0.1857999860939199,18.57999860939199
2023-10-25,Pharma,-0.005249970787109948,0.17957457080757133,17.957457080757134
2023-10-26,Pharma,-0.00970098619603768,0.16813153417896998,16.813153417897
2023-10-27,Pharma,0.008829670579816151,0.17844575081966552,17.844575081966553
2023-10-30,Pharma,0.0038690144685590124,0.18300517447999853,18.30051744799985
2023-10-31,Pharma,-0.003933512549815515,0.1783518087796847,17.83518087796847
2023-11-01,Pharma,0.0009439373873890878,0.17946409910748962,17.94640991074896
2023-11-02,Pharma,0.009277201260609708,0.1904062249345735,19.04062249345735
2023-11-03,Pharma,0.007212469129640997,0.19899199308364657,19.899199308364658
2023-11-06,Pharma,0.010843578375720826,0.21199335673251074,21.199335673251074
2023-11-07,Pharma,0.011625221488122044,0.22608304794665868,22.60830479466587
2023-11-08,Pharma,0.019549790372130282,0.2500527145128384,25.00527145128384
2023-11-09,Pharma,0.002649440236123102,0.25336465447194345,25.336465447194346
2023-11-10,Pharma,7.513777791149368e-05,0.2534588295069933,25.345882950699327
2023-11-13,Pharma,-0.0044754784005974265,0.24784900158949652,24.784900158949654
2023-11-15,Pharma,0.0033322324960020134,0.2520071245826969,25.20071245826969
2023-11-16,Pharma,0.009384337657694386,0.26375638218961983,26.37563821896198
2023-11-17,Pharma,0.012359741838092414,0.2793760848197253,27.937608481972532
2023-11-20,Pharma,0.00187272077598859,0.2817719989940701,28.177199899407015
2023-11-21,Pharma,0.004673719061673321,0.2877626412184877,28.776264121848772
2023-11-22,Pharma,0.004703612251164041,0.2938197773543145,29.38197773543145
2023-11-23,Pharma,-0.010375732704511026,0.28039544917667625,28.039544917667627
2023-11-24,Pharma,0.007984784063474281,0.29061913035420717,29.061913035420716
2023-11-28,Pharma,-0.00701468730953958,0.28156584071906243,28.156584071906245
2023-11-29,Pharma,0.00604036966040733,0.2893069721411561,28.930697214115607
2023-11-30,Pharma,0.015598755544897525,0.30941855642191807,30.941855642191808
2023-12-01,Pharma,0.0016815333247967468,0.3116203873606489,31.16203873606489
2023-12-04,Pharma,-0.003529974837566935,0.306990400396826,30.6990400396826
2023-12-05,Pharma,-0.0021833492325521787,0.30413678390916665,30.413678390916665
2023-12-06,Pharma,-0.0012858501412239154,0.30245985944140164,30.245985944140163
2023-12-07,Pharma,0.010263034593090064,0.31582705003496003,31.582705003496002
2023-12-08,Pharma,-0.011943574208341579,0.30011137201752436,30.011137201752437
2023-12-11,Pharma,-0.0038144831779059474,0.2951521190595594,29.51521190595594
2023-12-12,Pharma,-0.006137885853814956,0.28720262318944534,28.720262318944535
2023-12-13,Pharma,0.007624957739270971,0.2970174887931438,29.701748879314383
2023-12-14,Pharma,0.003414474038060772,0.30144612133553883,30.144612133553885
2023-12-15,Pharma,0.0023098831196501244,0.30445230976234594,30.445230976234594
2023-12-18,Pharma,0.012425145101180706,0.3206603189887134,32.06603189887134
2023-12-19,Pharma,0.0033730469939595776,0.32511496830772013,32.51149683077201
2023-12-20,Pharma,-0.023094479658730804,0.2945121276266578,29.45121276266578
2023-12-21,Pharma,0.012474140095220182,0.3106600532616344,31.066005326163438
2023-12-22,Pharma,0.014454426458034297,0.3296048926129882,32.96048926129882
2023-12-26,Pharma,0.010049570903155735,0.3429668512544852,34.29668512544852
2023-12-27,Pharma,0.006369338927839502,0.3515206622989784,35.15206622989784
2023-12-28,Pharma,0.0069280297213831,0.36088403761644927,36.088403761644926
2023-12-29,Pharma,0.0027732096998168256,0.36465805442989296,36.46580544298929
2024-01-01,Pharma,0.002839342914497489,0.36853278660745037,36.85327866074503
2024-01-02,Pharma,0.02225933202057336,0.3989954122855859,39.89954122855859
2024-01-03,Pharma,0.009796264746310923,0.41270034172321,41.270034172321004
2024-01-04,Pharma,-0.0011886715342332155,0.4110211050406021,41.10211050406021
2024-01-05,Pharma,-0.0005185812273252211,0.41028937598416837,41.02893759841684
2024-01-08,Pharma,-0.01440761971429414,0.3899704629678793,38.99704629678793
2024-01-09,Pharma,0.010773365972272575,0.40494512345608147,40.49451234560814
2024-01-10,Pharma,0.0023011243048139786,0.4081780768265959,40.81780768265959
2024-01-11,Pharma,0.006630780071655818,0.41751539595576026,41.75153959557603
2024-01-12,Pharma,-0.0045272112160057165,0.4110980043563286,41.10980043563286
2024-01-15,Pharma,0.01264916110382545,0.42894721034671845,42.894721034671846
2024-01-16,Pharma,-0.008690795814237701,0.4165285219122705,41.652852191227055
2024-01-17,Pharma,-0.009338879758609846,0.40329973237149064,40.32997323714906
2024-01-18,Pharma,-0.000856413926399785,0.4020979269377747,40.209792693777466
2024-01-19,Pharma,0.005637151559683662,0.41000176545344114,41.00017654534411
2024-01-23,Pharma,-0.0058526554215059924,0.401749510976527,40.1749510976527
2024-01-24,Pharma,0.013422082546810838,0.42056390862280546,42.056390862280544
2024-01-25,Pharma,-0.011193855949823394,0.4046623208621638,40.46623208621638
2024-01-29,Pharma,0.00606788442313152,0.41318564947868297,41.318564947868296
2024-01-30,Pharma,-0.004100829126053812,0.40739041660677944,40.73904166067794
2024-01-31,Pharma,0.018531163484331602,0.4334709985032015,43.34709985032015
2024-02-01,Pharma,-0.002408953656514673,0.43001783329984944,43.001783329984946
2024-02-02,Pharma,0.00868009953166004,0.44243053042494096,44.2430530424941
2024-02-05,Pharma,0.009905871370349078,0.45671906171999477,45.671906171999474
2024-02-06,Pharma,0.015393793085317159,0.47914349353954977,47.914349353954975
2024-02-07,Pharma,0.002424341751719089,0.48272944286772135,48.27294428677214
2024-02-08,Pharma,-0.0024381086077393367,0.47911438745011714,47.911438745011715
2024-02-09,Pharma,-0.002982211533572798,0.47470335546439,47.470335546439
2024-02-12,Pharma,0.00021519420397150268,0.4750207030790632,47.50207030790632
2024-02-13,Pharma,0.004011704724634324,0.48093805060253914,48.09380506025391
2024-02-14,Pharma,-0.0008183493072975278,0.4797261259746781,47.972612597467815
2024-02-15,Pharma,0.001958454597441228,0.48262410240904696,48.2624102409047
2024-02-16,Pharma,0.021216802851094885,0.5140806456921412,51.40806456921412
2024-02-19,Pharma,0.0048475056951834405,0.5214201602451007,52.14201602451007
2024-02-20,Pharma,-0.002653348720464177,0.5173833020096259,51.738330200962594
2024-02-21,Pharma,-0.00590720839994634,0.5084198026220563,50.84198026220563
2024-02-22,Pharma,0.001656770408013214,0.5109189079139018,51.091890791390185
2024-02-23,Pharma,0.001113273458234343,0.5126009738316268,51.26009738316269
2024-02-26,Pharma,-0.007714174539361374,0.5009325059110816,50.09325059110816
2024-02-27,Pharma,0.002486987070780078,0.504665305647396,50.4665305647396
2024-02-28,Pharma,-0.009402317569588547,0.4905179646077571,49.05179646077571
2024-02-29,Pharma,0.004177215871821233,0.4967441799067511,49.67441799067511
2024-03-01,Pharma,-0.005554123527685728,0.4884310778422045,48.84310778422045
2024-03-04,Pharma,0.009133338391283552,0.5020254225482401,50.20254225482401
2024-03-05,Pharma,-0.00010428573110919937,0.501868782728905,50.1868782728905
2024-03-06,Pharma,-0.0005694301613015263,0.501013573345702,50.101357334570196
2024-03-07,Pharma,0.004864168476281877,0.5083147562516412,50.831475625164124
2024-03-11,Pharma,-0.001810418092868804,0.5055840759271821,50.55840759271821
2024-03-12,Pharma,-0.011242121430828034,0.4886581169212878,48.86581169212878
2024-03-13,Pharma,-0.023851847853304943,0.4531508700108937,45.315087001089374
2024-03-14,Pharma,0.017533817175999368,0.47863015169480905,47.8630151694809
2024-03-15,Pharma,-0.006242576265839494,0.4693996902038844,46.93996902038844
2024-03-18,Pharma,0.003846071297997833,0.47505110617766433,47.505110617766434
2024-03-19,Pharma,-0.01884808128513244,0.44724922302870307,44.724922302870304
2024-03-20,Pharma,0.000946827609465628,0.4486195185508446,44.861951855084456
2024-03-21,Pharma,0.011497680106297047,0.46527528237088034,46.527528237088035
2024-03-22,Pharma,0.0100746321180401,0.4800373917924241,48.00373917924241
2024-03-26,Pharma,0.004337973034171039,0.4864577540875845,48.64577540875845
2024-03-27,Pharma,-0.0007541566927528776,0.48533673202384486,48.533673202384485
2024-03-28,Pharma,0.008538789410867043,0.49801970958282205,49.801970958282205
2024-04-01,Pharma,0.017517215786163044,0.5242608440875094,52.42608440875094
2024-04-02,Pharma,0.0007369961459701812,0.5253842184550552,52.538421845505525
2024-04-03,Pharma,0.000903517995102826,0.5267624305458753,52.67624305458754
2024-04-04,Pharma,-0.0008533655359401649,0.5254595441060792,52.54595441060792
2024-04-05,Pharma,0.006384399526595036,0.53519868729731,53.519868729731
2024-04-08,Pharma,0.0012857404205575019,0.5371725543031549,53.71725543031549
2024-04-09,Pharma,-0.0007726008609215684,0.5359849334643152,53.59849334643152
2024-04-10,Pharma,0.0005552435950453294,0.5368377792607073,53.68377792607073
2024-04-12,Pharma,-0.009217134744663003,0.5226725383685726,52.267253836857265
2024-04-15,Pharma,-0.015042602734640236,0.4997675802789481,49.97675802789481
2024-04-16,Pharma,0.005666863918864296,0.5082665590663134,50.82665590663134
2024-04-18,Pharma,-0.0057486081887811345,0.499596125574,49.9596125574
2024-04-19,Pharma,-0.007981583768567108,0.4876269734787124,48.76269734787124
2024-04-22,Pharma,0.011865717020276511,0.5052787341777412,50.52787341777412
2024-04-23,Pharma,-0.0007719640962326801,0.5041167130401334,50.41167130401334
2024-04-24,Pharma,0.007667223198770318,0.5156491115960127,51.564911159601266
2024-04-25,Pharma,0.009775809756499998,0.5304658089685834,53.046580896858345
2024-04-26,Pharma,0.008640502308721982,0.5436898023243963,54.36898023243963
2024-04-29,Pharma,0.002014155825156916,0.5467990341319835,54.679903413198346
2024-04-30,Pharma,-0.0037405501296251587,0.5410131548043571,54.10131548043571
2024-05-02,Pharma,0.005748440155250589,0.5498715767032039,54.987157670320386
2024-05-03,Pharma,-0.0011357277659014065,0.5481113445199606,54.811134451996054
2024-05-06,Pharma,0.0007332407954646125,0.549246482913684,54.924648291368406
2024-05-07,Pharma,-0.0215896004978314,0.5157988702749072,51.57988702749072
2024-05-08,Pharma,0.003570633773974202,0.5212112329156628,52.121123291566285
2024-05-09,Pharma,-0.020669492768748125,0.4897685683371742,48.97685683371742
2024-05-10,Pharma,0.01581892646995171,0.5133351077769452,51.33351077769453
2024-05-13,Pharma,0.011020286416980213,0.5300124941095188,53.00124941095188
2024-05-14,Pharma,-0.0037910870017491215,0.5242120836305864,52.42120836305864
2024-05-15,Pharma,5.471852951627887e-05,0.5242954862744735,52.42954862744735
2024-05-16,Pharma,0.005419644254549638,0.5325566255488967,53.25566255488967
2024-05-17,Pharma,0.0035742774169314597,0.5380344080857646,53.80344080857646
2024-05-21,Pharma,0.00875918912032963,0.5515063423397619,55.15063423397619
2024-05-22,Pharma,0.0044578169004710014,0.558422673533832,55.8422673533832
2024-05-23,Pharma,0.0002476955393986624,0.5588086878785641,55.88086878785641
2024-05-24,Pharma,-0.006893335387836102,0.5480632967875445,54.80632967875445
2024-05-27,Pharma,0.0079477748640723,0.5603669553457455,56.036695534574555
2024-05-28,Pharma,0.006496476344990681,0.5705038423606543,57.05038423606543
2024-05-29,Pharma,0.002243083532096302,0.5740266136665475,57.40266136665475
2024-05-30,Pharma,-0.0200913576437071,0.5424022820306598,54.240228203065975
2024-05-31,Pharma,-0.008334346552558774,0.5295473668887587,52.95473668887587
2024-06-03,Pharma,0.007820789024272051,0.5415096341478265,54.15096341478265
2024-06-04,Pharma,-0.017666625077793468,0.5142763613875303,51.42763613875303
2024-06-05,Pharma,0.03705682079087384,0.5703906291393246,57.03906291393246
2024-06-06,Pharma,0.006590545344008819,0.5807403597884737,58.07403597884737
2024-06-07,Pharma,0.012936172597163181,0.6011890899139993,60.118908991399934
2024-06-10,Pharma,0.011072097228247724,0.6189176111983365,61.89176111983365
2024-06-11,Pharma,-0.002342176608758184,0.6151258202378813,61.512582023788134
2024-06-12,Pharma,0.0012344146901817233,0.6171195552768747,61.711955527687465
2024-06-13,Pharma,0.0028982973879133345,0.6218064486598771,62.18064486598771
2024-06-14,Pharma,-0.00016585672700972776,0.6215374611504592,62.15374611504592
2024-06-18,Pharma,-0.005286691254525205,0.6129648932357101,61.29648932357101
2024-06-19,Pharma,-0.005635943428117069,0.6038743143458949,60.38743143458949
2024-06-20,Pharma,0.00037174785201434803,0.6044705511771542,60.44705511771542
2024-06-21,Pharma,-0.002417533652957787,0.6005916896245036,60.05916896245036
2024-06-24,Pharma,-0.00356100405415648,0.5948919761287015,59.48919761287015
2024-06-25,Pharma,-0.002491021658510284,0.5909190656731804,59.09190656731804
2024-06-26,Pharma,0.0022901696990357432,0.5945625403110035,59.45625403110035
2024-06-27,Pharma,-0.005432595062176526,0.5858999277281782,58.58999277281782
2024-06-28,Pharma,0.011054834793820112,0.6034317894287446,60.34317894287447
2024-07-01,Pharma,0.005080517270723689,0.6115780523273648,61.157805232736486
2024-07-02,Pharma,-0.0005578295925275423,0.6106790663991086,61.06790663991086
2024-07-03,Pharma,0.00872929203639436,0.6247391543466134,62.47391543466134
2024-07-04,Pharma,0.01503144674622972,0.6491613344216889,64.91613344216888
2024-07-05,Pharma,0.013518119359220582,0.671454894183013,67.1454894183013
2024-07-08,Pharma,-0.004503083264482716,0.6639281936216799,66.39281936216798
2024-07-09,Pharma,0.01141412421603134,0.6829204767102344,68.29204767102344
2024-07-10,Pharma,0.007006718156786157,0.6947122261708272,69.47122261708272
2024-07-11,Pharma,-0.0065258729499913185,0.6836527494960394,68.36527494960394
2024-07-12,Pharma,-0.0005206274968664159,0.6827761935794769,68.2776193579477
2024-07-15,Pharma,0.014430717901088986,0.7070598621196906,70.70598621196906
2024-07-16,Pharma,-0.0016649578321044135,0.7042176794323833,70.42176794323834
2024-07-18,Pharma,0.0012169749687534481,0.7062916696895596,70.62916696895596
2024-07-19,Pharma,-0.01909117762661286,0.6737165523407065,67.37165523407064
2024-07-22,Pharma,0.009663356490056058,0.6898902720492823,68.98902720492823
2024-07-23,Pharma,0.005155125455194959,0.69860186840721,69.860186840721
2024-07-24,Pharma,0.007403958153545104,0.7111782455604303,71.11782455604303
2024-07-25,Pharma,0.009353173590459835,0.7271831927353753,72.71831927353753
2024-07-26,Pharma,0.01815003514343951,0.7585316283826806,75.85316283826806
2024-07-29,Pharma,0.004384532555158804,0.766241967556601,76.62419675566011
2024-07-30,Pharma,0.001064911176441602,0.7681228583681523,76.81228583681524
2024-07-31,Pharma,0.013122311862518604,0.791324717926907,79.1324717926907
2024-08-01,Pharma,-0.0005549346395260502,0.79033064979029,79.033064979029
2024-08-02,Pharma,0.004007307958284972,0.7975050560511561,79.7505056051156
2024-08-05,Pharma,-0.015767590238280754,0.7691627328761035,76.91627328761035
2024-08-06,Pharma,0.0034557706341657723,0.7752765534954373,77.52765534954374
2024-08-07,Pharma,0.023269719275974543,0.8165867405324958,81.65867405324958
2024-08-08,Pharma,0.00038630817437559364,0.8172885028398258,81.72885028398258
2024-08-09,Pharma,0.004940192792694869,0.8262662584038023,82.62662584038023
2024-08-12,Pharma,-2.6673026185003446e-05,0.8262175463560713,82.62175463560712
2024-08-13,Pharma,-0.001435154475989331,0.823596642070288,82.3596642070288
2024-08-14,Pharma,-0.006662341675995542,0.8114472181616177,81.14472181616176
2024-08-16,Pharma,0.01071952490066736,0.8308650717229458,83.08650717229457
2024-08-19,Pharma,0.006219519103392001,0.8422521720122598,84.22521720122597
2024-08-20,Pharma,0.005932979622606799,0.8531822166085117,85.31822166085117
2024-08-21,Pharma,0.010605380003453352,0.872835918231287,87.2835918231287
2024-08-22,Pharma,0.0022632579960467692,0.8770746290985079,87.70746290985079
2024-08-23,Pharma,-0.004499654887058962,0.8686284410703105,86.86284410703105
2024-08-26,Pharma,-4.721448312572929e-05,0.8685402147443113,86.85402147443114
2024-08-27,Pharma,0.006767186443510526,0.8811849747546834,88.11849747546833
2024-08-28,Pharma,0.012860960518261345,0.9053788204425497,90.53788204425497
2024-08-29,Pharma,-0.0021832537026694352,0.9012188950778306,90.12188950778307
2024-08-30,Pharma,0.014952338242344926,0.9296465630697714,92.96465630697715
2024-09-02,Pharma,-0.009302525639002185,0.9116959764426025,91.16959764426025
2024-09-03,Pharma,-0.0013241607441844105,0.909164583675782,90.9164583675782
2024-09-04,Pharma,0.010044308275844582,0.928340821303546,92.8340821303546
2024-09-05,Pharma,0.004184085495602274,0.93640916416454,93.640916416454
2024-09-06,Pharma,-0.0068480595261999015,0.9231485189412623,92.31485189412622
2024-09-09,Pharma,-0.0023924068866613525,0.9185475651804746,91.85475651804747
2024-09-10,Pharma,0.012952025539265494,0.9433966422429876,94.33966422429876
2024-09-11,Pharma,-0.005520423272964409,0.9326682701905484,93.26682701905484
2024-09-12,Pharma,0.0004125978536831887,0.9334656849707104,93.34656849707103
2024-09-13,Pharma,0.0022676092026941985,0.9378500295510437,93.78500295510437
2024-09-16,Pharma,-0.002696769949076333,0.9326240938255339,93.26240938255339
2024-09-17,Pharma,-0.00787706157980772,0.9174006948278501,91.74006948278502
2024-09-18,Pharma,-0.017295806623991567,0.8842377031894006,88.42377031894006
2024-09-19,Pharma,-0.004539111840530763,0.8756849375204792,87.56849375204791
2024-09-20,Pharma,0.0016241130883867584,0.8787312619771961,87.87312619771961
2024-09-23,Pharma,0.010765865907318711,0.8989574308195301,89.895743081953
2024-09-24,Pharma,0.002813797340827262,0.9043007121887143,90.43007121887143
2024-09-25,Pharma,-0.0007096233167148136,0.9029493760013088,90.29493760013088
2024-09-26,Pharma,-0.0023591992941054906,0.8984599391767281,89.8459939176728
2024-09-27,Pharma,0.008027179745504848,0.91369921834814,91.36992183481401
2024-09-30,Pharma,-0.007418528263392543,0.8995023866091922,89.95023866091923
2024-10-01,Pharma,0.0020308404993295225,0.9033599729844912,90.33599729844912
2024-10-03,Pharma,-0.011388020521541442,0.8816844705522633,88.16844705522632
2024-10-04,Pharma,-0.004739182462419722,0.8727668245096145,87.27668245096145
2024-10-07,Pharma,-0.00764325232938729,0.8584527951157821,85.84527951157821
2024-10-08,Pharma,0.017046418021144,0.8901327583338894,89.01327583338895
2024-10-09,Pharma,0.021574941763424026,0.9309122625200832,93.09122625200831
2024-10-10,Pharma,-0.011633318779894736,0.9084493446341793,90.84493446341793
2024-10-11,Pharma,0.014638748698302567,0.9363866549937194,93.63866549937194
2024-10-14,Pharma,0.006685651391878583,0.949332661128893,94.9332661128893
2024-10-15,Pharma,-0.0008274433631266231,0.947719698755916,94.7719698755916
2024-10-16,Pharma,-0.007140841975187362,0.9338113401751404,93.38113401751404
2024-10-17,Pharma,-0.011398411534758518,0.9117689626892413,91.17689626892414
2024-10-18,Pharma,0.003496940665100179,0.9184543053171459,91.84543053171458
2024-10-21,Pharma,-0.01011301248966608,0.8990529529666198,89.90529529666198
2024-10-22,Pharma,-0.017496672469497578,0.8658258454463306,86.58258454463305
2024-10-23,Pharma,-0.0077848147757876626,0.8513007368356535,85.13007368356536
2024-10-24,Pharma,0.0028280856680906854,0.8565363739168241,85.65363739168241
2024-10-25,Pharma,-0.0026519804697459903,0.8516128757118235,85.16128757118236
2024-10-28,Pharma,0.009284913955277429,0.8688049419412918,86.88049419412917
2024-10-29,Pharma,-0.007211208793113049,0.8553285993113515,85.53285993113515
2024-10-30,Pharma,-0.007275602302489808,0.8418299662823268,84.18299662823267
2024-10-31,Pharma,0.014534799522207171,0.8686005955962339,86.8600595596234
2024-11-01,Pharma,0.0040061457258712355,0.8760864818856424,87.60864818856425
2024-11-04,Pharma,-0.006387628429851999,0.8641027385370887,86.41027385370887
2024-11-05,Pharma,-0.0004408062901070264,0.863281030324536,86.3281030324536
2024-11-06,Pharma,0.01370078943796369,0.8888094513847644,88.88094513847645
2024-11-07,Pharma,-0.009849811487038868,0.8702050343536871,87.02050343536871
2024-11-08,Pharma,-0.001867438343969735,0.8667125417614499,86.67125417614498
2024-11-11,Pharma,-0.009230251921804017,0.8494823147354005,84.94823147354005
2024-11-12,Pharma,-0.008384943234148734,0.8339745105137821,83.39745105137821
2024-11-13,Pharma,-0.021249772911133058,0.7950029686405578,79.50029686405577
2024-11-14,Pharma,-0.000585141332975897,0.7939526382107918,79.39526382107917
2024-11-18,Pharma,-0.009049212172034787,0.7777187801610408,77.77187801610408
2024-11-19,Pharma,0.006593238826591202,0.7894397046451589,78.94397046451589
2024-11-21,Pharma,-0.0026398879099442498,0.7847157844032919,78.4715784403292
2024-11-22,Pharma,0.015962202645655288,0.8132037794188371,81.32037794188372
2024-11-25,Pharma,0.013944011639597914,0.8384871140240164,83.84871140240165
2024-11-26,Pharma,-0.0003443909034694215,0.8378539557858009,83.7853955785801
2024-11-27,Pharma,-0.0045166245947921065,0.8295530594074629,82.9553059407463
2024-11-28,Pharma,-0.00285935779434488,0.8243217126068787,82.43217126068787
2024-11-29,Pharma,0.017701879596359597,0.85661563590847,85.661563590847
2024-12-02,Pharma,0.010866036958760306,0.8767896900264638,87.67896900264638
2024-12-03,Pharma,-0.0035891811041809164,0.8700535519344992,87.00535519344992
2024-12-04,Pharma,0.001973923326791949,0.8737448942630128,87.37448942630128
2024-12-05,Pharma,0.0016950202256491465,0.8769209297564955,87.69209297564954
2024-12-06,Pharma,-0.0003322745610160327,0.8762972766784989,87.62972766784989
2024-12-09,Pharma,-0.00980523703656519,0.8578997371296044,85.78997371296045
2024-12-10,Pharma,0.002245252487723648,0.8620711911363359,86.2071191136336
2024-12-11,Pharma,0.003039330814096497,0.8677306414855981,86.77306414855981
2024-12-12,Pharma,-0.005959249766953339,0.8566003680955934,85.66003680955933
2024-12-13,Pharma,-0.004041069025254107,0.8490977178558068,84.90977178558067
2024-12-16,Pharma,0.004396988964091885,0.8572281801147461,85.72281801147462
2024-12-17,Pharma,-0.006483968580402638,0.8451859709482437,84.51859709482437
2024-12-18,Pharma,0.00903288527842166,0.8618533241411721,86.18533241411721
2024-12-19,Pharma,0.015476078528857979,0.890667512394796,89.0667512394796
2024-12-20,Pharma,-0.014150457430195518,0.863913702246,86.3913702246
2024-12-23,Pharma,0.004913267977604424,0.8730716097522635,87.30716097522635
2024-12-24,Pharma,-0.00014328205003906745,0.8728032322121482,87.28032322121481
2024-12-26,Pharma,0.0028440820274436675,0.878129638225821,87.8129638225821
2024-12-27,Pharma,0.010214294291080044,0.8973134070674593,89.73134070674593
2024-12-30,Pharma,0.015328778280118815,0.9263969036122932,92.63969036122933
2024-12-31,Pharma,0.007057026760637769,0.9399915381126949,93.99915381126948
2025-01-01,Pharma,0.0059446216469522415,0.951524053805064,95.1524053805064
2025-01-02,Pharma,0.006261715220036273,0.9637439416750422,96.37439416750422
2025-01-03,Pharma,-0.010990948328257488,0.942160533482163,94.2160533482163
2025-01-06,Pharma,-0.00765362606276373,0.9272959630050328,92.72959630050327
2025-01-07,Pharma,0.014699244481425493,0.9556257575533083,95.56257575533083
2025-01-08,Pharma,-0.012282806057025974,0.9316051856531566,93.16051856531567
2025-01-09,Pharma,-0.005631618918234787,0.9207271213470718,92.07271213470717
2025-01-10,Pharma,-0.02171788262170784,0.8790129951773253,87.90129951773254
2025-01-13,Pharma,-0.02487695650535148,0.8322688706233088,83.22688706233087
2025-01-14,Pharma,0.011344090788181127,0.853054295040018,85.3054295040018
2025-01-15,Pharma,-0.013476663772329917,0.8280813053538918,82.80813053538918
2025-01-16,Pharma,-0.0014779351374974714,0.825379519758507,82.5379519758507
2025-01-17,Pharma,0.005715654406907256,0.8358127582548929,83.58127582548929
2025-01-20,Pharma,0.009495851762155972,0.8532453640703559,85.3245364070356
2025-01-21,Pharma,-0.009624087387231384,0.8354095687365612,83.54095687365613
2025-01-22,Pharma,-0.00032269888571543335,0.8348172841138986,83.48172841138985
2025-01-23,Pharma,0.014463285604428666,0.8613547705259801,86.135477052598
2025-01-24,Pharma,-0.024478665468836935,0.8157912897794508,81.57912897794508
2025-01-27,Pharma,-0.029907109570652048,0.7614862207185813,76.14862207185813
2025-01-28,Pharma,-0.02232514968778778,0.7221607771680634,72.21607771680634
2025-01-29,Pharma,0.01869925682866962,0.7543639038405903,75.43639038405902
2025-01-30,Pharma,0.015650009818152504,0.7818197161603078,78.18197161603078
2025-01-31,Pharma,-0.001276638613794351,0.7795449763078375,77.95449763078375
2025-02-01,Pharma,-0.0021101243614667364,0.7757899151010046,77.57899151010047
2025-02-03,Pharma,-0.0038865471064037983,0.7688882239448878,76.88882239448877
2025-02-04,Pharma,0.014819225720833124,0.7951017778104505,79.51017778104506
2025-02-05,Pharma,0.012226484777340452,0.8170495623706271,81.7049562370627
2025-02-06,Pharma,0.009492849663893193,0.8342985406980545,83.42985406980546
2025-02-07,Pharma,0.0008758023270304061,0.8359050236284662,83.59050236284662
2025-02-10,Pharma,-0.019482824070077058,0.8001364090437422,80.01364090437421
2025-02-11,Pharma,-0.026242988143769814,0.7528954506040388,75.28954506040388
2025-02-12,Pharma,-0.007551278351793794,0.7396588491349347,73.96588491349347
2025-02-13,Pharma,0.012373496049340621,0.7611845110319064,76.11845110319064
2025-02-14,Pharma,-0.02947051862618464,0.7092814900953928,70.92814900953928
2025-02-17,Pharma,0.012651119073568001,0.7309058137568354,73.09058137568354
2025-02-18,Pharma,-0.004210750226586274,0.7236174017093593,72.36174017093593
2025-02-19,Pharma,-0.0003197985270189385,0.7230661914031484,72.30661914031484
2025-02-20,Pharma,-0.0030296325687955207,0.7178459339514831,71.7845933951483
2025-02-21,Pharma,-0.02012927931487223,0.6832669333270562,68.32669333270562
2025-02-24,Pharma,0.0017026963921761896,0.6861330258615017,68.61330258615017
2025-02-25,Pharma,-0.003795358081745831,0.6797335472548998,67.97335472548997
2025-02-27,Pharma,-0.009838084421964027,0.663208186810601,66.3208186810601
2025-02-28,Pharma,-0.015306110692570301,0.6377509381984889,63.77509381984889
2025-03-03,Pharma,0.0046455423435561635,0.6453591795300888,64.53591795300888
2025-03-04,Pharma,0.0024365961710807516,0.6493682554069846,64.93682554069846
2025-03-05,Pharma,0.019246725824333493,0.681113194002162,68.1113194002162
2025-03-06,Pharma,0.010706215572005512,0.6991115542580917,69.91115542580917
2025-03-07,Pharma,-0.00340806049527152,0.6933208792929653,69.33208792929652
2025-03-10,Pharma,-0.008393589865577433,0.6791078383213611,67.91078383213612
2025-03-11,Pharma,-0.0007458251752485434,0.6778555174235839,67.78555174235838
2025-03-12,Pharma,-0.0012488213075359967,0.6757601757024585,67.57601757024585
2025-03-13,Pharma,-0.005051506135456668,0.6672950628933436,66.72950628933437
2025-03-17,Pharma,0.01488542883259487,0.6921134648949792,69.21134648949791
2025-03-18,Pharma,0.0,0.6921134648949792,69.21134648949791
2025-03-19,Pharma,0.02526509380758225,0.7348648703186238,73.48648703186238
2025-03-20,Pharma,0.009158436422873645,0.7507535199357138,75.07535199357139
2025-03-21,Pharma,0.013806582349061436,0.7749254425816154,77.49254425816154
2025-03-24,Pharma,0.008081824375649648,0.7892700782884325,78.92700782884326
2025-03-25,Pharma,-0.006388505616326085,0.7778393163441626,77.78393163441626
2025-03-26,Pharma,-0.009618171588693042,0.7607397527424398,76.07397527424398
2025-03-27,Pharma,-0.0017530289103870277,0.7576531250522147,75.76531250522147
2025-03-28,Pharma,-0.0017324659297377864,0.7546080508967647,75.46080508967647
2025-04-01,Pharma,-0.016074015671135155,0.7264044535899501,72.64044535899501
2025-04-02,Pharma,0.008049231616228631,0.7403006829001841,74.03006829001842
2025-04-03,Pharma,0.017882638252480033,0.7714218504630319,77.1421850463032
2025-04-04,Pharma,-0.036339867108764155,0.7070486158236442,70.70486158236442
2025-04-07,Pharma,-0.028145575636079195,0.6590027498925155,65.90027498925156
2025-04-08,Pharma,0.018165921921487166,0.6891400643145953,68.91400643145953
2025-04-09,Pharma,-0.01831247767516913,0.6582077245966007,65.82077245966008
2025-04-11,Pharma,0.022482484176329216,0.6954883535259104,69.54883535259104
2025-04-15,Pharma,0.025206292790090734,0.7382253293870733,73.82253293870733
2025-04-16,Pharma,0.00020133023701425777,0.7385752867046231,73.85752867046232
2025-04-17,Pharma,0.006225908021768134,0.7493994965285653,74.93994965285653
2025-04-21,Pharma,0.012548821333417809,0.7713523982512731,77.13523982512731
2025-04-22,Pharma,0.005218656728383492,0.7805964783627453,78.05964783627452
2025-04-23,Pharma,0.00982931556868119,0.7980985230490552,79.80985230490552
2025-04-24,Pharma,-0.0029137940872954347,0.7928592342042202,79.28592342042202
2025-04-25,Pharma,-0.02683825503225659,0.7447420208397111,74.47420208397111
2025-04-28,Pharma,0.014719288004692032,0.7704233811383392,77.04233811383392
2025-04-29,Pharma,-0.0067979569625647275,0.7583881191878425,75.83881191878426
2025-04-30,Pharma,0.0025621890928339995,0.7628934420477946,76.28934420477947
2025-05-02,Pharma,-0.008916982934383061,0.7471737513099186,74.71737513099185
2025-05-05,Pharma,0.010981615760703157,0.7663605421139905,76.63605421139906
2025-05-06,Pharma,-0.011343303425273394,0.7463241785263612,74.63241785263612
2025-05-07,Pharma,0.004223910474063774,0.7537004955151496,75.37004955151497
2025-05-08,Pharma,-0.01759695195129594,0.7228407121586056,72.28407121586056
2025-05-09,Pharma,-0.0022015126387251007,0.7190478565562781,71.90478565562782
2025-05-12,Pharma,0.01223011533388943,0.7400720101064369,74.00720101064368
2025-05-13,Pharma,0.01387749976261054,0.7642198590136142,76.42198590136142
2025-05-14,Pharma,0.009292610320642197,0.7806140666833659,78.06140666833659
2025-05-15,Pharma,0.006629229490933036,0.7924181659661935,79.24181659661936
2025-05-16,Pharma,-0.000837965809198471,0.7909161808273275,79.09161808273275
2025-05-19,Pharma,0.005911171151455802,0.8015025928901096,80.15025928901096
2025-05-20,Pharma,-0.004949906800729015,0.7925853229540318,79.25853229540319
2025-05-21,Pharma,0.010274605808897951,0.8110034305262008,81.10034305262008
2025-05-22,Pharma,-0.0073578557840804195,0.797678328459914,79.7678328459914
2025-05-23,Pharma,0.0007470983509056783,0.7990213709745653,79.90213709745653
2025-05-26,Pharma,0.0020986097918452963,0.8027968148394315,80.27968148394315
2025-05-27,Pharma,0.004441977902428673,0.8108047984535172,81.08047984535172
2025-05-28,Pharma,-0.0034454163125499314,0.8045658220620817,80.45658220620817
2025-05-29,Pharma,0.006209963826562748,0.8157721105397386,81.57721105397387
2025-05-30,Pharma,-0.004608991571791077,0.8074032321859677,80.74032321859677
2025-06-02,Pharma,-0.0011860746489928907,0.805259517031764,80.5259517031764
2025-06-03,Pharma,-0.0014392643468951638,0.8026612713720072,80.26612713720071
2025-06-04,Pharma,0.001418899827063408,0.8052190671382109,80.5219067138211
2025-06-05,Pharma,0.010766055434109445,0.8246541556857321,82.4654155685732
2025-06-06,Pharma,0.00048201568026743914,0.8255336675998377,82.55336675998377
2025-06-09,Pharma,0.005814515274099647,0.83614826099348,83.61482609934801
2025-06-10,Pharma,0.006895084801523043,0.8488086589611992,84.88086589611991
2025-06-11,Pharma,0.005175712437886204,0.8583775609326563,85.83775609326563
2025-06-12,Pharma,4.4324705872245127e-05,0.8584599329714444,85.84599329714445
2025-06-13,Pharma,-0.003397844319933674,0.8521451754443732,85.21451754443731
2025-06-16,Pharma,0.004297430385062579,0.8601046403988748,86.01046403988748
2025-06-17,Pharma,-0.015828079023755957,0.8306627571581864,83.06627571581863
2025-06-18,Pharma,-0.003933210251748054,0.8234623756342383,82.34623756342383
2025-06-19,Pharma,-0.011046295669444695,0.8033198710908744,80.33198710908745
2025-06-20,Pharma,0.007635749840998751,0.8170895705098264,81.70895705098265
2025-06-23,Pharma,0.0028505831198455678,0.8222693353667692,82.22693353667691
2025-06-24,Pharma,0.0012953379228177909,0.8246297899424577,82.46297899424577
2025-06-25,Pharma,0.007595010256722384,0.8384878719117919,83.84878719117918
2025-06-26,Pharma,0.0023912100129855397,0.8428840825198598,84.28840825198598
2025-06-27,Pharma,0.010298734110634445,0.8618634556824523,86.18634556824523
2025-06-30,Pharma,0.004153414787412291,0.8695965468914262,86.95965468914262
2025-07-01,Pharma,0.00030768946461088296,0.8701718020519773,87.01718020519773
2025-07-02,Pharma,0.005119929785875682,0.879746950366008,87.9746950366008
2025-07-03,Pharma,0.004040196321971945,0.8873414970811146,88.73414970811146
2025-07-04,Pharma,0.008996677512313788,0.9043212998859611,90.43212998859612
2025-07-07,Pharma,-0.0004593839081427631,0.9034464853248598,90.34464853248598
2025-07-08,Pharma,-0.009259576490120314,0.8858213769991437,88.58213769991437
2025-07-09,Pharma,0.0026238399123247437,0.8907694703956295,89.07694703956295
2025-07-10,Pharma,-0.005594267448207619,0.8801920002953305,88.01920002953305
2025-07-11,Pharma,0.00654572092663312,0.8924992124177518,89.24992124177518
2025-07-14,Pharma,0.011076333784670128,0.9134611653817162,91.34611653817161
2025-07-15,Pharma,0.009816587354443884,0.9322448240610217,93.22448240610217
2025-07-16,Pharma,-0.00033808677174411715,0.9315915576462357,93.15915576462356
2025-07-17,Pharma,0.004467279947548114,0.9402205178785619,94.02205178785619
2025-07-18,Pharma,-0.004556531348699816,0.9313798422654576,93.13798422654575
2025-07-21,Pharma,-0.001098718926225456,0.92925779867903,92.925779867903
2025-07-22,Pharma,-0.00878396768212541,0.912311260524945,91.2311260524945
2025-07-23,Pharma,0.004667477351284044,0.9212369300220506,92.12369300220506
2025-07-24,Pharma,0.0046835161979615235,0.9302350743039307,93.02350743039307
2025-07-25,Pharma,0.0058643809233485,0.941554708051257,94.1554708051257
2025-07-28,Pharma,0.00028915803962064615,0.9421161242044533,94.21161242044533
2025-07-29,Pharma,0.020161239414430022,0.981271592355164,98.1271592355164
2025-07-30,Pharma,0.0005976122430759346,0.9824556245156142,98.24556245156143
2025-07-31,Pharma,-0.013706449271061927,0.9552831970660596,95.52831970660596
2025-08-01,Pharma,-0.027560775638981582,0.9013940755610512,90.13940755610513
2025-08-04,Pharma,0.003738213620118236,0.9085018927915258,90.85018927915259
2025-08-05,Pharma,-0.007745546604027642,0.8937195024370341,89.37195024370341
2025-08-06,Pharma,-0.019950536331533077,0.8559387827019314,85.59387827019313
2025-08-07,Pharma,0.007763274656300373,0.8703469452173263,87.03469452173263
2025-08-08,Pharma,-0.01498731193437199,0.8423154721238544,84.23154721238544
2025-08-11,Pharma,0.006580623460952467,0.8544390565421882,85.44390565421882
2025-08-12,Pharma,0.009252235754861966,0.8715967638863402,87.15967638863403
2025-08-13,Pharma,0.018993580192869824,0.9071450871099309,90.71450871099309
2025-08-14,Pharma,0.003462550075411619,0.913748672475124,91.3748672475124
2025-08-18,Pharma,0.003791872211330638,0.9210053628857533,92.10053628857533
2025-08-19,Pharma,0.0008212212153896947,0.9225829332446325,92.25829332446325
2025-08-20,Pharma,-0.006583749824914803,0.9099251281944989,90.99251281944989
2025-08-21,Pharma,0.006756011155580849,0.9228286036669051,92.28286036669051
2025-08-22,Pharma,0.0033134635180669834,0.929199826096651,92.9199826096651
2025-08-25,Pharma,-3.5142910507540705e-05,0.9291320283998112,92.91320283998112
2025-08-26,Pharma,-0.011910758459254666,0.906154602773529,90.6154602773529
2025-08-28,Pharma,-0.010334210812757566,0.8864559992667593,88.64559992667593
2025-08-29,Pharma,-0.0008497240977324682,0.8848530321448704,88.48530321448705
2025-09-01,Pharma,0.005933065419732564,0.8960359884911671,89.60359884911671
2025-09-02,Pharma,-0.0019388841048536166,0.892359794450851,89.2359794450851
2025-09-03,Pharma,0.01246843889505878,0.9159545669154276,91.59545669154276
2025-09-04,Pharma,-0.0019593495529084738,0.912200542191349,91.22005421913491
2025-09-05,Pharma,-0.0013328516938263424,0.9096518624597536,90.96518624597536
2025-09-08,Pharma,0.000630059200760491,0.9108550561859456,91.08550561859457
2025-09-09,Pharma,0.006562185942597981,0.9233944423739913,92.33944423739912
2025-09-10,Pharma,0.0030578736895894966,0.9292759396340293,92.92759396340293
2025-09-11,Pharma,0.003832476681396496,0.936669844684656,93.6669844684656
2025-09-12,Pharma,0.003745400279405542,0.943923448462054,94.3923448462054
2025-09-15,Pharma,-0.00477130367758577,0.9346483993634618,93.46483993634618
2025-09-16,Pharma,0.00029556601539653673,0.9352202156820548,93.52202156820549
2025-09-17,Pharma,-0.0008923716547452165,0.9334932800158902,93.34932800158902
2025-09-18,Pharma,0.012725547999806358,0.9580980415580354,95.80980415580353
2025-09-19,Pharma,0.005082578818327349,0.9680502291882664,96.80502291882664
2025-09-22,Pharma,-0.014574915881090545,0.9393660626480866,93.93660626480866
2025-09-23,Pharma,-0.0028973815993946495,0.9337469791036797,93.37469791036797
2025-09-24,Pharma,-0.005872577892943415,0.9223908993436494,92.23908993436494
2025-09-25,Pharma,-0.007913108624685,0.9071788113380372,90.71788113380373
2025-09-26,Pharma,-0.02103697226113585,0.8670575435868928,86.70575435868928
2025-09-29,Pharma,-0.0011643798670961658,0.8648835793724301,86.48835793724301
2025-09-30,Pharma,0.0010647557701634947,0.86686922492425,86.686922492425
2025-10-01,Pharma,0.012273686746923135,0.8897825929884413,88.97825929884414
2025-10-03,Pharma,0.00315230761362032,0.895739769044406,89.5739769044406
2025-10-06,Pharma,0.0007942873724223031,0.8972455312043566,89.72455312043566
2025-10-07,Pharma,0.0032171740324617726,0.9033493002605515,90.33493002605515
2025-10-08,Pharma,-0.005345631716203336,0.8931746958740654,89.31746958740653
2025-10-09,Pharma,0.009761849609653617,0.9116555825399899,91.165558253999
2025-10-10,Pharma,0.008283658998522936,0.9274910855083738,92.74910855083738
2025-10-13,Pharma,-0.0014185694747771594,0.9247568054915665,92.47568054915665
2025-10-14,Pharma,-0.0052131337559706056,0.9147227908168241,91.4722790816824
2025-10-15,Pharma,0.00040472351960814114,0.9154977241637972,91.54977241637971
2025-10-16,Pharma,0.001458491210759305,0.9182914607587196,91.82914607587196
2025-10-17,Pharma,0.005245000770614366,0.9283529009486622,92.83529009486622
2025-10-20,Pharma,0.005148124653209579,0.9382803020581245,93.82803020581245
2025-10-21,Pharma,0.0027260606846321368,0.9435641717853622,94.35641717853622
2025-10-23,Pharma,-0.0007897442779135289,0.942029253101937,94.20292531019369
2025-10-24,Pharma,-0.005345138531584831,0.9316488377117169,93.16488377117169
2025-10-27,Pharma,0.0004627883231622332,0.9325427822382599,93.25427822382599
2025-10-28,Pharma,-0.0011563845412984886,0.9303080196394815,93.03080196394815
2025-10-29,Pharma,0.006253352010465424,0.9423789151749118,94.23789151749118
2025-10-30,Pharma,-0.0023961457661058672,0.937724692161142,93.77246921611419
2025-10-31,Pharma,-0.007854878894478312,0.922504099373376,92.2504099373376
2025-11-03,Pharma,0.011796366289642923,0.9451826619229244,94.51826619229244
2025-11-04,Pharma,-0.005261353700909655,0.9349483679256709,93.4948367925671
2025-11-06,Pharma,-0.008505264049380096,0.9184911211345459,91.8491121134546
2025-11-07,Pharma,-0.0034100511224452678,0.9119489683335198,91.19489683335198
2025-11-10,Pharma,0.01312101965051185,0.9370356883177997,93.70356883177998
2025-11-11,Pharma,-0.003162018756762086,0.9309107451388214,93.09107451388215
2025-11-12,Pharma,0.012237021247285557,0.9545393409536971,95.4539340953697
2025-11-13,Pharma,0.0039393523327873655,0.9622389600660075,96.22389600660075
2025-11-14,Pharma,0.0066615211933919675,0.9753104564849868,97.53104564849868
2025-11-17,Pharma,0.0025465835250373992,0.9803407495503054,98.03407495503053
2025-11-18,Pharma,-0.00763431577616408,0.9652222029238329,96.52222029238328
2025-11-19,Pharma,-0.0040301195547642,0.9573021224943727,95.73021224943727
2025-11-20,Pharma,-0.002644386349168154,0.9521262594804507,95.21262594804507
2025-11-21,Pharma,-0.005107189164652049,0.9421563813999994,94.21563813999994
2025-11-24,Pharma,-0.0033649858609275385,0.9356210526368782,93.56210526368783
2025-11-25,Pharma,0.006855412987050025,0.9488905343391323,94.88905343391323
2025-11-26,Pharma,0.00879911409820991,0.9660390445157037,96.60390445157037
2025-11-27,Pharma,-0.0017846108158111385,0.9625304299725539,96.25304299725539
2025-11-28,Pharma,0.0067376110722878356,0.9757531967272388,97.57531967272388
2025-12-01,Pharma,-0.004838121290664693,0.9661942631210538,96.61942631210539
2025-12-02,Pharma,9.897982421572805e-05,0.9663888766835915,96.63888766835915
2025-12-03,Pharma,-0.0006853917478245486,0.9650411299744985,96.50411299744985
2025-12-04,Pharma,0.0028675242194861174,0.970675933006987,97.06759330069869
2025-12-05,Pharma,-4.0740453481818983e-05,0.9705956467758106,97.05956467758105
2025-12-08,Pharma,-0.01446871952389347,0.9420836510676058,94.20836510676058
2025-12-09,Pharma,-0.0012512428852324176,0.9396536327166813,93.96536327166814
2025-12-10,Pharma,6.252806733736405e-05,0.9397749155096391,93.9774915509639
2025-12-11,Pharma,0.0074453135432165805,0.954217147958875,95.4217147958875
2025-12-12,Pharma,0.00394418285941821,0.9619249377374355,96.19249377374355
2025-12-15,Pharma,-0.003046923918922512,0.9559471017175127,95.59471017175127
2025-12-16,Pharma,-0.00556769382654515,0.9450569871142311,94.50569871142311
2025-12-17,Pharma,-0.00018018229064341583,0.9447065222908608,94.47065222908608
2025-12-18,Pharma,0.003409037464005399,0.9513360996818461,95.1336099681846
2025-12-19,Pharma,0.008992891708347096,0.9688842539128733,96.88842539128733
2025-12-22,Pharma,0.006466769211154832,0.9816165739864047,98.16165739864047
2025-12-23,Pharma,0.002114750038241647,0.9858071977120229,98.58071977120228
2025-12-24,Pharma,-0.0036349493215077854,0.9785888891860544,97.85888891860543
2025-12-26,Pharma,0.0001325254817263144,0.9788511026317321,97.88511026317322
2025-12-29,Pharma,-0.006996799916818725,0.9650054774014418,96.50054774014419
2025-12-30,Pharma,-0.005075828344978139,0.9550314469012104,95.50314469012105
2025-12-31,Pharma,0.009299107747380474,0.973211494975462,97.3211494975462
2026-01-01,Pharma,-0.0033337486471289477,0.9666333038235881,96.66333038235881
2026-01-02,Pharma,0.00669230397238999,0.9797946116950014,97.97946116950014
2026-01-05,Pharma,-0.0038836316734582876,0.9721058186340805,97.21058186340805
2026-01-06,Pharma,0.016644284351252085,1.0049301086501847,100.49301086501848
2026-01-07,Pharma,0.010090770931239718,1.0251613991097193,102.51613991097193
2026-01-08,Pharma,-0.014364680247875034,0.9960706031611688,99.60706031611689
2026-01-09,Pharma,-0.007036418995375016,0.9820254140529758,98.20254140529758
2026-01-12,Pharma,-0.005051850784357842,0.9720125174103751,97.20125174103751
2026-01-13,Pharma,-0.0026935210976297363,0.9667008600899403,96.67008600899403
2026-01-14,Pharma,0.0015607390182709902,0.9697703668595499,96.97703668595499
2026-01-15,Pharma,0.0,0.9697703668595499,96.97703668595499
2026-01-16,Pharma,-0.010252397651373169,0.9495754977766144,94.95754977766144
2026-01-19,Pharma,-0.005462933305435624,0.9389250968583491,93.89250968583491
2026-01-20,Pharma,-0.018091027407377898,0.9038479497902319,90.38479497902318
2026-01-21,Pharma,-0.007853236500879029,0.8888965815788157,88.88965815788157
2026-01-22,Pharma,0.016228701663710977,0.919550920674862,91.9550920674862
2026-01-23,Pharma,-0.014548078896413469,0.8916251424352009,89.16251424352009
2026-01-27,Pharma,-0.00126361074382616,0.8892348645819279,88.9234864581928
2026-01-28,Pharma,-0.0009843523436130707,0.8873751918153412,88.73751918153413
2026-01-29,Pharma,-0.008017603643199927,0.8722429656013573,87.22429656013573
2026-01-30,Pharma,0.007244334878676701,0.88580612061842,88.580612061842
2026-02-02,Pharma,-0.01315655866422546,0.8609954017631483,86.09954017631483
2026-02-03,Pharma,0.0242413988986661,0.9061085336458721,90.6108533645872
2026-02-04,Pharma,-0.0028417001859720346,0.9006919446713277,90.06919446713277
2026-02-05,Pharma,-0.002274508364698319,0.896368804944458,89.6368804944458
2026-02-06,Pharma,-0.01007199060543391,0.8772685961566193,87.72685961566194
2026-02-09,Pharma,0.01780692839781729,0.9106969836318513,91.06969836318513
2026-02-10,Pharma,-0.0029750560237111366,0.9050125530612105,90.50125530612105
2026-02-11,Pharma,0.013172044639414727,0.9301054634487784,93.01054634487784
2026-02-12,Pharma,-0.0005485203584581766,0.9290467613081053,92.90467613081053
2026-02-13,Pharma,-0.011098602216212849,0.9076370386478729,90.76370386478729
2026-02-16,Pharma,0.011112554831343786,0.9288357598381496,92.88357598381496
2026-02-17,Pharma,0.0019627229867963726,0.9326215301217389,93.26215301217388
2026-02-18,Pharma,0.002727373820857393,0.9378925114886181,93.78925114886181
2026-02-19,Pharma,-0.005370799290145251,0.9274844797635371,92.7484479763537
2026-02-20,Pharma,0.002293244386034332,0.9319046727259233,93.19046727259233
2026-02-23,Pharma,0.00858095672921903,0.9484822631275605,94.84822631275604
2026-02-24,Pharma,0.003730858203841686,0.95575177416399,95.575177416399
2026-02-25,Pharma,0.015755998263805915,0.986566595722153,98.6566595722153
2026-02-26,Pharma,0.007118896162040223,1.0007087570360769,100.07087570360768
2026-02-27,Pharma,-0.009709577540814895,0.9812827202230476,98.12827202230477
2026-03-02,Pharma,-0.004454060605405335,0.9724579669107318,97.24579669107318
2026-03-04,Pharma,-0.014845523989815462,0.943175794844056,94.3175794844056
2026-03-05,Pharma,0.01358690840067594,0.9695775463750127,96.95775463750127
2026-03-06,Pharma,-0.0027705398549675965,0.9641207532853315,96.41207532853315
2026-03-09,Pharma,-0.003477488212047947,0.9572905465187431,95.7290546518743
2026-03-10,Pharma,0.016740801927282882,0.9900571598721564,99.00571598721564
2026-03-11,Pharma,0.0028161287717735186,0.9956614170975464,99.56614170975465
2026-03-12,Pharma,-0.003957875837748787,0.9877628369944886,98.77628369944887
2026-03-13,Pharma,-0.014511213407822975,0.958917986262722,95.89179862627219
2026-03-16,Pharma,-0.010792910482929335,0.9377755597935882,93.77755597935882
2026-03-17,Pharma,0.0008698423347153039,0.9394611190106734,93.94611190106734
2026-03-18,Pharma,0.005748840597181282,0.9506107718282966,95.06107718282965
2026-03-19,Pharma,-0.022476363705536673,0.9067681346727463,90.67681346727463
2026-03-20,Pharma,0.019099637196796648,0.9431867142634085,94.31867142634086
2026-03-23,Pharma,-0.026677947416151076,0.8913464812805261,89.1346481280526
2026-03-24,Pharma,0.015961370301423618,0.9215349628365392,92.15349628365392
2026-03-25,Pharma,0.020307321615293222,0.9605561913218912,96.05561913218912
2026-03-27,Pharma,-0.00602453810688045,0.9487447458365921,94.87447458365921
2026-03-30,Pharma,-0.013873918037697802,0.921708020956461,92.1708020956461
2026-04-01,Pharma,-0.00474006091071591,0.9125990078845161,91.2599007884516
2026-04-02,Pharma,-0.008351438658769339,0.8966260545913456,89.66260545913455
2026-04-06,Pharma,0.003941116916234349,0.9041008796188665,90.41008796188666
2026-04-07,Pharma,-0.004013825943748589,0.8964581501087379,89.64581501087379
2026-04-08,Pharma,0.00873694634212141,0.9130274032063168,91.30274032063168
2026-04-09,Pharma,0.0033122204772615405,0.9193637717447793,91.93637717447794
2026-04-10,Pharma,0.009230000328303633,0.9370794999881178,93.70794999881178
2026-04-13,Pharma,-0.0029471064678100066,0.9313707204650405,93.13707204650406
2026-04-15,Pharma,0.01623589352110479,0.9627282498322907,96.27282498322907
2026-04-16,Pharma,0.0019167840900911226,0.9664903761147416,96.64903761147417
2026-04-17,Pharma,0.00571315335504638,0.9777252372047078,97.77252372047079
2026-04-20,Pharma,-0.0017121181546996655,0.974339137921082,97.4339137921082
2026-04-21,Pharma,0.001460624329163801,0.9772229056999495,97.72229056999495
2026-04-22,Pharma,-0.0017831719576504867,0.9736971772604812,97.36971772604812
2026-04-23,Pharma,0.018461065014893547,1.0101337291695986,101.01337291695987
2026-04-24,Pharma,-0.012765962432768929,0.9844724374981777,98.44724374981777
2026-04-27,Pharma,0.01701252240588814,1.0182333193049828,101.82333193049828
2026-04-28,Pharma,-0.0004275285540113305,1.0173704669323231,101.73704669323232
2026-04-29,Pharma,4.8384655771477325e-05,1.0174680767079294,101.74680767079293
2026-04-30,Pharma,-0.0005353903712985386,1.0163879437252579,101.63879437252578
2026-05-01,Pharma,0.0,1.0163879437252579,101.63879437252578
2026-05-04,Pharma,0.008012597480980549,1.0325444486838307,103.25444486838306
2026-05-05,Pharma,0.004097119767531227,1.0408720267229192,104.08720267229192
2026-05-06,Pharma,0.020367974316300042,1.0824404557460672,108.24404557460672
2026-05-07,Pharma,0.00483432929634296,1.0925076586491698,109.25076586491697
2026-05-08,Pharma,0.0018533364220988057,1.0963857793064649,109.63857793064649
2026-05-11,Pharma,0.0080178802127495,1.1131943493646554,111.31943493646554
2026-05-12,Pharma,-0.016412079377991086,1.0785124359617604,107.85124359617603
2023-05-12,Realty,,,
2023-05-15,Realty,0.04212300492281474,0.04212300492281473,4.212300492281473
2023-05-16,Realty,-0.00274916042869347,0.03925804159584989,3.925804159584989
2023-05-17,Realty,-0.00924464096215026,0.02965047413426891,2.965047413426891
2023-05-18,Realty,-0.014354903693760017,0.014869940739837162,1.4869940739837162
2023-05-19,Realty,0.007335981690039246,0.022315008042876006,2.2315008042876006
2023-05-22,Realty,0.0037643840398984413,0.02616339434290116,2.616339434290116
2023-05-23,Realty,0.004596683085353846,0.030880342260486415,3.0880342260486415
2023-05-24,Realty,0.005801491561589926,0.03686098586711939,3.686098586711939
2023-05-25,Realty,0.005495934423819314,0.042559505852061585,4.2559505852061585
2023-05-26,Realty,0.012316931173951266,0.055400639530390094,5.5400639530390094
2023-05-29,Realty,0.0009356322032528785,0.0563881063560685,5.63881063560685
2023-05-30,Realty,0.0006998172858965687,0.05712738501351189,5.712738501351189
2023-05-31,Realty,0.0075496466138463975,0.06510832319618354,6.510832319618354
2023-06-01,Realty,0.015711558533351863,0.08184283496044054,8.184283496044053
2023-06-02,Realty,0.012107732737712332,0.09494149887035053,9.494149887035054
2023-06-05,Realty,0.012665619790648744,0.10880961158804547,10.880961158804547
2023-06-06,Realty,0.0030536284629322508,0.11219550417796365,11.219550417796365
2023-06-07,Realty,0.012120062456771705,0.1256753831527413,12.56753831527413
2023-06-08,Realty,-0.016726193763900832,0.1068471185788753,10.68471185788753
2023-06-09,Realty,0.0024262733413542292,0.10953263223563803,10.953263223563802
2023-06-12,Realty,0.010244808830589876,0.12089958194419337,12.089958194419337
2023-06-13,Realty,0.01993493085071677,0.14324463760084827,14.324463760084827
2023-06-14,Realty,0.016271353861508922,0.1618467756495241,16.18467756495241
2023-06-15,Realty,-0.0063535206778120995,0.15446495813598538,15.446495813598538
2023-06-16,Realty,-0.0015135152243869326,0.15271765784582536,15.271765784582536
2023-06-19,Realty,-0.0035008700444035257,0.14868214312781802,14.868214312781802
2023-06-20,Realty,0.0038361863809981966,0.1530887019213807,15.30887019213807
2023-06-21,Realty,-0.005298528362147961,0.14697902873017799,14.6979028730178
2023-06-22,Realty,-0.005883548376840485,0.1402307221274226,14.02307221274226
2023-06-23,Realty,-0.006285951487555001,0.1330632871235098,13.306328712350979
2023-06-26,Realty,0.004835902058015935,0.13854267020557276,13.854267020557277
2023-06-27,Realty,0.009058914479289595,0.1488566308859871,14.885663088598712
2023-06-28,Realty,0.0031131929138283054,0.152433243208266,15.243324320826602
2023-06-30,Realty,0.001474749073227609,0.1541327930656442,15.41327930656442
2023-07-03,Realty,0.007866508587086811,0.16321178859293362,16.32117885929336
2023-07-04,Realty,2.1309449690226634e-06,0.1632142673332424,16.32142673332424
2023-07-05,Realty,0.0011317074316289644,0.1645306855641604,16.45306855641604
2023-07-06,Realty,0.023909917704511195,0.19237451842037756,19.237451842037757
2023-07-07,Realty,0.005948017838412284,0.19946678332601042,19.946678332601042
2023-07-10,Realty,-0.003139585014713328,0.1957009553874336,19.57009553874336
2023-07-11,Realty,0.004839118230225058,0.20148709367854645,20.148709367854643
2023-07-12,Realty,0.002101727795341797,0.20401229249907527,20.401229249907527
2023-07-13,Realty,0.0031810833176075387,0.20784235591693845,20.784235591693843
2023-07-14,Realty,0.007653751688851691,0.21708688138840437,21.708688138840436
2023-07-17,Realty,0.011993467690803852,0.23168397357723736,23.168397357723734
2023-07-18,Realty,-0.010112699544229956,0.21922832361900735,21.922832361900735
2023-07-19,Realty,0.003600578724594919,0.2236182511814535,22.36182511814535
2023-07-20,Realty,-0.0021151056465691168,0.22103016930913455,22.103016930913455
2023-07-21,Realty,-0.00012348229947663214,0.22087939369609777,22.087939369609778
2023-07-24,Realty,0.00752895229176806,0.23007133640523847,23.007133640523847
2023-07-25,Realty,0.0007929368737329343,0.2310467053251961,23.104670532519613
2023-07-26,Realty,0.012507636632200808,0.24644419019267172,24.644419019267172
2023-07-27,Realty,0.009668470070112407,0.258495398539615,25.849539853961502
2023-07-28,Realty,0.020727350791074142,0.28458067413409815,28.458067413409815
2023-07-31,Realty,0.012714280261388843,0.300913192843403,30.0913192843403
2023-08-01,Realty,-0.007818106797057522,0.2907425145680522,29.07425145680522
2023-08-02,Realty,-0.010467976143120908,0.2772310527186419,27.723105271864192
2023-08-03,Realty,0.0017493229044037509,0.27946534225337816,27.946534225337814
2023-08-04,Realty,0.002826464673761825,0.28308170584456005,28.308170584456004
2023-08-07,Realty,0.003867276662534419,0.2880437377816978,28.80437377816978
2023-08-08,Realty,0.0005690445775701491,0.2887766920863557,28.87766920863557
2023-08-09,Realty,-0.003982604656709708,0.28364400403099355,28.364400403099353
2023-08-10,Realty,-0.005497613669618671,0.27658702520750866,27.658702520750865
2023-08-11,Realty,-0.00790633664266515,0.26649389843255955,26.649389843255953
2023-08-14,Realty,-0.008481785664472573,0.25575176864069227,25.575176864069228
2023-08-16,Realty,0.003956217869186027,0.26071979622705066,26.071979622705065
2023-08-17,Realty,0.006015163416723215,0.26830323182405436,26.830323182405436
2023-08-18,Realty,-0.007266929676259026,0.2590865614302169,25.90865614302169
2023-08-21,Realty,1.6298179298539217e-05,0.25910708224874757,25.910708224874757
2023-08-22,Realty,0.00785890854607673,0.2690022896578579,26.90022896578579
2023-08-23,Realty,0.004910943259592675,0.27523428789866067,27.523428789866067
2023-08-24,Realty,0.006796611768596139,0.2839015602675101,28.39015602675101
2023-08-25,Realty,-0.006171333395046448,0.2759781756926789,27.59781756926789
2023-08-28,Realty,0.008505907951061799,0.2868315286026848,28.68315286026848
2023-08-29,Realty,0.014463452869954124,0.3054435557682007,30.54435557682007
2023-08-30,Realty,0.015404842629316837,0.3255537083062654,32.55537083062654
2023-08-31,Realty,0.0038584015551368783,0.33066822679581165,33.066822679581165
2023-09-01,Realty,0.012023899654391434,0.3466680480280917,34.66680480280917
2023-09-04,Realty,0.007743753454637174,0.35709631337725867,35.70963133772587
2023-09-05,Realty,0.004255101292784669,0.36287089565474373,36.287089565474375
2023-09-06,Realty,-0.004971764450610233,0.3560950225849562,35.60950225849562
2023-09-07,Realty,0.010696299763045827,0.3706002214536992,37.06002214536992
2023-09-08,Realty,0.02623278932884429,0.40655488831716147,40.65548883171615
2023-09-11,Realty,0.008074294303888216,0.417911826440007,41.7911826440007
2023-09-12,Realty,-0.04779683498665676,0.35014012884602486,35.01401288460249
2023-09-13,Realty,0.015540588442871268,0.3711221009286261,37.11221009286261
2023-09-14,Realty,0.011738703056309273,0.3872172961253699,38.72172961253699
2023-09-15,Realty,-0.0023811533878224933,0.3839141189610551,38.39141189610551
2023-09-18,Realty,-0.01113124799787877,0.36850942769513373,36.850942769513374
2023-09-20,Realty,-0.007753848785554608,0.3578982125311798,35.78982125311798
2023-09-21,Realty,-0.01145978367193791,0.3423369927670614,34.23369927670614
2023-09-22,Realty,0.003110889145473285,0.3465128543474276,34.65128543474276
2023-09-25,Realty,0.023041141410228776,0.3775380474351375,37.753804743513754
2023-09-26,Realty,-0.0028652759651365337,0.37359102077676054,37.359102077676056
2023-09-27,Realty,0.009705460713842373,0.38692235446579626,38.69223544657962
2023-09-28,Realty,-0.005254388525294154,0.3796349255610172,37.96349255610172
2023-09-29,Realty,0.017181325896248364,0.40333888283492736,40.33388828349273
2023-10-03,Realty,-0.0013063382849557229,0.401505647525513,40.1505647525513
2023-10-04,Realty,-0.021248634346601687,0.371725566486546,37.1725566486546
2023-10-05,Realty,0.013448128929550093,0.39017270876061705,39.0172708760617
2023-10-06,Realty,0.022663019205638825,0.42167821955841367,42.16782195584137
2023-10-09,Realty,-0.018441470085698575,0.395460383200938,39.5460383200938
2023-10-10,Realty,0.0510850854804033,0.46674759616127415,46.67475961612742
2023-10-11,Realty,0.013492561268090529,0.4865377779673046,48.65377779673046
2023-10-12,Realty,-0.0030227480694305225,0.4820443487688184,48.20443487688184
2023-10-13,Realty,0.003546280507546809,0.48730009375417715,48.730009375417715
2023-10-16,Realty,-0.00037298381385380414,0.48674535489286375,48.67453548928638
2023-10-17,Realty,0.006031409105098612,0.4957125243633276,49.571252436332756
2023-10-18,Realty,-0.00830751903595587,0.48328686409486177,48.328686409486174
2023-10-19,Realty,0.002692554637737446,0.48728069501987537,48.728069501987534
2023-10-20,Realty,-0.012633081812249689,0.46849175632190976,46.84917563219098
2023-10-23,Realty,-0.0454649689104917,0.40172682427542084,40.172682427542085
2023-10-25,Realty,-0.012182248734840535,0.3846506394437996,38.46506394437996
2023-10-26,Realty,-0.002455683717248365,0.38125037541444007,38.12503754144401
2023-10-27,Realty,0.021719056720161917,0.4112498306628112,41.12498306628112
2023-10-30,Realty,0.007370464577833011,0.4216513975501841,42.16513975501841
2023-10-31,Realty,0.00602438647724076,0.4302159750049357,43.02159750049357
2023-11-01,Realty,0.00890849517077754,0.44295704711143613,44.295704711143614
2023-11-02,Realty,0.021074126216527503,0.47336610604729024,47.336610604729024
2023-11-03,Realty,0.02406492152428119,0.508822545765854,50.882254576585396
2023-11-06,Realty,0.01120316911081571,0.5257261399042803,52.57261399042803
2023-11-07,Realty,-0.016890303555047198,0.49995616225942663,49.99561622594266
2023-11-08,Realty,0.014984074717705756,0.522431617468005,52.2431617468005
2023-11-09,Realty,0.0132807983931498,0.5426507248469545,54.26507248469545
2023-11-10,Realty,0.00012777679118333024,0.5428478398064922,54.28478398064922
2023-11-13,Realty,0.012528060662469913,0.5621767311365484,56.21767311365484
2023-11-15,Realty,0.03005520488704598,0.6091282728606331,60.91282728606331
2023-11-16,Realty,0.002095000374426073,0.6124993971947756,61.24993971947757
2023-11-17,Realty,0.000906244621319309,0.613960716100364,61.396071610036394
2023-11-20,Realty,0.006062084660598675,0.6237446826002451,62.37446826002451
2023-11-21,Realty,0.012653399723189213,0.644290573117589,64.4290573117589
2023-11-22,Realty,-0.008195699922167267,0.6308144609954687,63.081446099546866
2023-11-23,Realty,0.025736240271194984,0.6727854938013873,67.27854938013873
2023-11-24,Realty,-0.0020650430513338147,0.6693311197410408,66.93311197410408
2023-11-28,Realty,0.014113826358349846,0.6928917692996555,69.28917692996555
2023-11-29,Realty,-0.005390309278624668,0.6837665590878921,68.3766559087892
2023-11-30,Realty,0.013551933380922518,0.7065848513256763,70.65848513256763
2023-12-01,Realty,0.013562624881946317,0.7297306214934185,72.97306214934184
2023-12-04,Realty,0.014556560977739712,0.7549095507602508,75.49095507602507
2023-12-05,Realty,-0.009745054355928089,0.7378078617983548,73.78078617983547
2023-12-06,Realty,-0.004316969070949084,0.7303057990077193,73.03057990077193
2023-12-07,Realty,0.004332500621496815,0.7378023499572999,73.78023499572998
2023-12-08,Realty,0.01782993032485459,0.7687872447754072,76.87872447754071
2023-12-11,Realty,0.013374056834405089,0.7924431059150043,79.24431059150044
2023-12-12,Realty,-0.02180655978178772,0.7533560881704155,75.33560881704156
2023-12-13,Realty,-0.0004326164704288524,0.7525975574481465,75.25975574481465
2023-12-14,Realty,0.027485026371347476,0.800767747532968,80.0767747532968
2023-12-15,Realty,-0.0054025231756106365,0.7910390580430289,79.10390580430288
2023-12-18,Realty,-0.0015776453440178029,0.7882134336121531,78.82134336121531
2023-12-19,Realty,0.0019998633847331387,0.7917896161821221,79.17896161821221
2023-12-20,Realty,-0.03136336604998428,0.7355930625652414,73.55930625652414
2023-12-21,Realty,0.012763085504881519,0.7577445852244407,75.77445852244406
2023-12-22,Realty,0.014743566780594124,0.7836600098999251,78.36600098999251
2023-12-26,Realty,0.002007553886255349,0.7872408034845582,78.72408034845581
2023-12-27,Realty,0.006258655389679256,0.7984265277719416,79.84265277719416
2023-12-28,Realty,0.00042575231286390985,0.7991922120256563,79.91922120256562
2023-12-29,Realty,0.00798194606526098,0.8135532672230827,81.35532672230828
2024-01-01,Realty,0.014711246227197522,0.8402328958833398,84.02328958833398
2024-01-02,Realty,-0.009648444195485224,0.8224775114807132,82.24775114807133
2024-01-03,Realty,0.014063022904124312,0.848107054466918,84.8107054466918
2024-01-04,Realty,0.06852558779567487,0.974749676683597,97.4749676683597
2024-01-05,Realty,-0.0025142797380787382,0.9697846035837339,96.97846035837338
2024-01-08,Realty,-0.0019419447503064985,0.9659593907135697,96.59593907135698
2024-01-09,Realty,0.019763029750216245,1.004812704639959,100.48127046399591
2024-01-10,Realty,0.005059896489171448,1.0149568494056131,101.49568494056132
2024-01-11,Realty,0.004000818658430973,1.0230183263646486,102.30183263646487
2024-01-12,Realty,0.019523598033621088,1.0625149229832407,106.25149229832407
2024-01-15,Realty,-0.0004265165960716383,1.061635226138943,106.1635226138943
2024-01-16,Realty,-0.011580089063432296,1.0377613066039446,103.77613066039446
2024-01-17,Realty,-0.012615286599200484,1.0120543637003747,101.20543637003748
2024-01-18,Realty,0.022516659724276467,1.0573591071545616,105.73591071545616
2024-01-19,Realty,-0.00026394614529492294,1.056816075148741,105.6816075148741
2024-01-23,Realty,-0.0525658812326707,0.9486977256250244,94.86977256250245
2024-01-24,Realty,0.0186549943953501,0.9850506707747906,98.50506707747905
2024-01-25,Realty,0.013272370031796592,1.0113969978091792,101.13969978091792
2024-01-29,Realty,0.011791045065330956,1.0351134704546188,103.51134704546187
2024-01-30,Realty,0.0013303215620410896,1.0378208257855648,103.78208257855648
2024-01-31,Realty,0.012896701874651369,1.0641019934496772,106.41019934496771
2024-02-01,Realty,-0.004746653835823532,1.0543044158049382,105.43044158049382
2024-02-02,Realty,0.0005798616564020032,1.0554956281662404,105.54956281662405
2024-02-05,Realty,0.010327130679229517,1.076723000128898,107.6723000128898
2024-02-06,Realty,0.030036887425850485,1.1391012950984445,113.91012950984445
2024-02-07,Realty,0.0032232693514491137,1.1459961947425805,114.59961947425805
2024-02-08,Realty,-0.008810045382215595,1.1270898708768362,112.70898708768362
2024-02-09,Realty,-0.010676228830171282,1.1043805726730156,110.43805726730156
2024-02-12,Realty,-0.02805473014573011,1.045342743582757,104.5342743582757
2024-02-13,Realty,-0.006896021040698065,1.031238016987571,103.1238016987571
2024-02-14,Realty,0.013854341275646095,1.059379481686983,105.9379481686983
2024-02-15,Realty,0.01112696949673813,1.0822941343619226,108.22941343619226
2024-02-16,Realty,0.02110450790215143,1.1262399273751673,112.62399273751673
2024-02-19,Realty,-0.0040393590522809775,1.1176512808772032,111.76512808772033
2024-02-20,Realty,0.005145196769273615,1.128547013406021,112.85470134060209
2024-02-21,Realty,0.015802347446454895,1.1621830528679764,116.21830528679764
2024-02-22,Realty,0.0038929324010935767,1.1706002853315818,117.06002853315817
2024-02-23,Realty,0.007228590126428819,1.186290665122553,118.6290665122553
2024-02-26,Realty,0.0038116941012248523,1.194624136354364,119.46241363543639
2024-02-27,Realty,0.0029782679466868744,1.2011603150746932,120.11603150746933
2024-02-28,Realty,-0.028008349629779765,1.139509447378885,113.95094473788849
2024-02-29,Realty,0.004135782965587455,1.148357994106068,114.8357994106068
2024-03-01,Realty,0.009749324347398829,1.169303033004935,116.9303033004935
2024-03-04,Realty,0.0023137409106706447,1.1743222381800402,117.43222381800402
2024-03-05,Realty,-0.0032171108264860207,1.1673272025673218,116.73272025673218
2024-03-06,Realty,-0.020635978829625493,1.1226022842982708,112.26022842982708
2024-03-07,Realty,0.006851499695046261,1.1371452932018449,113.71452932018448
2024-03-11,Realty,-0.023678005694656792,1.0865419547791024,108.65419547791024
2024-03-12,Realty,-0.035557678402500105,1.0123493669777432,101.23493669777433
2024-03-13,Realty,-0.06822365725964533,0.8750595334783895,87.50595334783895
2024-03-14,Realty,0.03691544794154977,0.9442781960738174,94.42781960738174
2024-03-15,Realty,-0.000702883945712135,0.9429115941437989,94.29115941437989
2024-03-18,Realty,0.0043331820499310295,0.9513305837881456,95.13305837881457
2024-03-19,Realty,-0.014571344748606628,0.9228970731332686,92.28970731332686
2024-03-20,Realty,0.010338290929885731,0.9427765425035461,94.27765425035462
2024-03-21,Realty,0.03155497457822919,1.0040808069134255,100.40808069134255
2024-03-22,Realty,0.024126860535362393,1.0524329850434224,105.24329850434225
2024-03-26,Realty,0.004587060147943273,1.061847618595439,106.18476185954391
2024-03-27,Realty,0.010339509066683773,1.083166110742027,108.3166110742027
2024-03-28,Realty,-0.0017001630185029815,1.0796243887591448,107.96243887591447
2024-04-01,Realty,0.046051525693227915,1.17539426473035,117.539426473035
2024-04-02,Realty,0.01801314291455279,1.214579952516436,121.45799525164361
2024-04-03,Realty,-0.00638491376851609,1.200440050486134,120.04400504861339
2024-04-04,Realty,0.009418341572867577,1.22116454649223,122.116454649223
2024-04-05,Realty,0.011910904369462828,1.2476206249943402,124.76206249943402
2024-04-08,Realty,0.003747145604052912,1.2560427867388664,125.60427867388664
2024-04-09,Realty,0.026089587124574203,1.3149020115802568,131.49020115802568
2024-04-10,Realty,0.007745419807472773,1.332831899473109,133.2831899473109
2024-04-12,Realty,0.005575001347535746,1.345837440456246,134.5837440456246
2024-04-15,Realty,0.0013309711107989536,1.3489596823201238,134.89596823201236
2024-04-16,Realty,0.00408035018054187,1.3585442603839644,135.85442603839644
2024-04-18,Realty,-0.004828801398013047,1.3471553185621468,134.71553185621468
2024-04-19,Realty,-0.006531261852051343,1.3318254325691825,133.18254325691825
2024-04-22,Realty,0.008404930010331227,1.351424262126237,135.1424262126237
2024-04-23,Realty,0.025027779119825753,1.4102751891757315,141.02751891757316
2024-04-24,Realty,0.004643002801747051,1.4214661036320555,142.14661036320555
2024-04-25,Realty,0.0032686289665947235,1.4293809778800144,142.93809778800144
2024-04-26,Realty,0.008253777945168676,1.4494325490156523,144.94325490156524
2024-04-29,Realty,-0.005484166403162731,1.4359994533235274,143.59994533235275
2024-04-30,Realty,0.0001605882555506255,1.436390646226259,143.6390646226259
2024-05-02,Realty,-0.004208825033301389,1.4261363042835202,142.61363042835202
2024-05-03,Realty,-0.0031720483529872473,1.4184404826153951,141.8440482615395
2024-05-06,Realty,0.012320551722514159,1.4482370036692802,144.82370036692802
2024-05-07,Realty,-0.027350621606639175,1.3812761997785499,138.12761997785498
2024-05-08,Realty,0.007663083757879129,1.3995241187480967,139.95241187480966
2024-05-09,Realty,-0.031058838814918492,1.32499768591139,132.499768591139
2024-05-10,Realty,0.0036423523240875152,1.3334661466361677,133.34661466361678
2024-05-13,Realty,-0.004155052823543344,1.323770471534944,132.3770471534944
2024-05-14,Realty,0.016556836453922606,1.3622447591886027,136.22447591886026
2024-05-15,Realty,0.0172640529465446,1.4030266777839322,140.30266777839321
2024-05-16,Realty,0.014462179040398732,1.4377796798368978,143.7779679836898
2024-05-17,Realty,0.01671036649802235,1.478515871728404,147.8515871728404
2024-05-21,Realty,0.005130869422347348,1.4912328130274575,149.12328130274574
2024-05-22,Realty,0.005469135677339969,1.504857703285746,150.4857703285746
2024-05-23,Realty,0.011284402725044641,1.533123526378553,153.3123526378553
2024-05-24,Realty,-0.005830105404552213,1.5183551492170149,151.83551492170147
2024-05-27,Realty,-0.0017977768196706864,1.5138277087060543,151.38277087060544
2024-05-28,Realty,-0.02470117195537859,1.4517332182071105,145.17332182071107
2024-05-29,Realty,-0.001490050155836635,1.4480800127432514,144.80800127432514
2024-05-30,Realty,-0.0060675005694485334,1.4332262858718763,143.32262858718764
2024-05-31,Realty,0.011741186889459056,1.4617952504386422,146.17952504386423
2024-06-03,Realty,0.03982927959678363,1.559846781778397,155.9846781778397
2024-06-04,Realty,-0.08332777238774722,1.3465404517988593,134.65404517988594
2024-06-05,Realty,0.030675842014334515,1.4185225559784862,141.85225559784863
2024-06-06,Realty,0.037994930867670834,1.5104141532947915,151.04141532947915
2024-06-07,Realty,0.0308211671264102,1.5877880474699957,158.77880474699958
2024-06-10,Realty,0.012115094496355894,1.6191393442016353,161.91393442016354
2024-06-11,Realty,0.015291438247057719,1.6591897517439338,165.91897517439338
2024-06-12,Realty,0.005756325360038492,1.674496913149052,167.44969131490518
2024-06-13,Realty,0.01419351162727997,1.7124574161829575,171.24574161829577
2024-06-14,Realty,0.0031014514489264983,1.7208699711665294,172.08699711665295
2024-06-18,Realty,0.004653838167179132,1.733532459686276,173.3532459686276
2024-06-19,Realty,-0.017457890991202325,1.68581074798416,168.581074798416
2024-06-20,Realty,0.026666796050114086,1.7574327154298581,175.7432715429858
2024-06-21,Realty,0.00025354624482033794,1.7581318521402003,175.81318521402002
2024-06-24,Realty,0.008998989867532226,1.782952252730928,178.2952252730928
2024-06-25,Realty,-0.010930864863187624,1.7525321777356226,175.25321777356226
2024-06-26,Realty,-0.01169593949660798,1.72033872792236,172.033872792236
2024-06-27,Realty,-0.014730150032210156,1.6802677303216322,168.02677303216322
2024-06-28,Realty,0.003933850869463594,1.6908115038629532,169.08115038629532
2024-07-01,Realty,0.0025380071909925986,1.6976408028093632,169.76408028093633
2024-07-02,Realty,0.014112064516468563,1.7357100838608668,173.57100838608667
2024-07-03,Realty,-0.0006123570078458429,1.7340348526195801,173.40348526195802
2024-07-04,Realty,0.0007501738848348025,1.7360858541662436,173.60858541662435
2024-07-05,Realty,-0.0014479081058831958,1.7321242532796037,173.21242532796037
2024-07-08,Realty,-0.007543159279903185,1.7115154048646288,171.1515404864629
2024-07-09,Realty,0.004684071728821175,1.7242163375148185,172.42163375148186
2024-07-10,Realty,-0.0011288294796499149,1.7211411618040882,172.11411618040881
2024-07-11,Realty,-0.006008948604421305,1.7047899644174325,170.47899644174325
2024-07-12,Realty,-0.01172102490244288,1.6730870538886182,167.30870538886182
2024-07-15,Realty,0.002743867513492447,1.6804216506165206,168.04216506165207
2024-07-16,Realty,0.0162819360263669,1.7240641044555476,172.40641044555477
2024-07-18,Realty,-0.012188570940546692,1.6908616558717942,169.0861655871794
2024-07-19,Realty,-0.02491917151564936,1.6238076127442405,162.38076127442406
2024-07-22,Realty,0.0017080301284119678,1.6282891551979644,162.82891551979642
2024-07-23,Realty,-0.015824999284253266,1.5866964811981457,158.66964811981455
2024-07-24,Realty,0.01877946020702502,1.6352732448344578,163.52732448344577
2024-07-25,Realty,-0.0061890688952845815,1.6189633571642772,161.89633571642773
2024-07-26,Realty,0.013764557013850688,1.655012227611151,165.5012227611151
2024-07-29,Realty,0.005462531768580026,1.669515316250445,166.9515316250445
2024-07-30,Realty,-0.0007777573781719629,1.667439081017088,166.7439081017088
2024-07-31,Realty,-0.004336435018698917,1.6558719047759194,165.58719047759195
2024-08-01,Realty,-0.010737370061430267,1.6273548252985846,162.73548252985844
2024-08-02,Realty,-0.022916737677988665,1.5671444239802192,156.71444239802193
2024-08-05,Realty,-0.03523071987588287,1.4767020778980373,147.67020778980373
2024-08-06,Realty,-0.0017748876027941646,1.4723062100841613,147.23062100841614
2024-08-07,Realty,0.013379973442620423,1.5053856015171125,150.53856015171127
2024-08-08,Realty,-0.00894766146583368,1.4829682593133633,148.29682593133634
2024-08-09,Realty,0.009129648377536347,1.5056368864534777,150.56368864534778
2024-08-12,Realty,0.011501264790641147,1.5344548797537767,153.44548797537766
2024-08-13,Realty,-0.014087040701556842,1.4987519107064258,149.8751910706426
2024-08-14,Realty,-0.0009705737155987978,1.4963266877800918,149.6326687780092
2024-08-16,Realty,0.015666147715039568,1.53543451041585,153.543451041585
2024-08-19,Realty,0.006613048343520861,1.5522014614050614,155.22014614050613
2024-08-20,Realty,0.0036170484648133244,1.5614328977829306,156.14328977829305
2024-08-21,Realty,0.0007805084404108528,1.5634321177791963,156.34321177791963
2024-08-22,Realty,0.008367687153921437,1.5848821157810868,158.4882115781087
2024-08-23,Realty,-0.014198837634368647,1.5481797943151276,154.81797943151275
2024-08-26,Realty,0.01004084722451648,1.5737656783304454,157.37656783304453
2024-08-27,Realty,0.011069703669655845,1.6022565017046944,160.22565017046944
2024-08-28,Realty,-0.009664059772358902,1.5771081393292103,157.71081393292104
2024-08-29,Realty,-0.010582539830128329,1.5498357897982111,154.98357897982112
2024-08-30,Realty,0.009619726466836377,1.5743645126314192,157.43645126314192
2024-09-02,Realty,-0.006030398610774784,1.5588400684508188,155.88400684508187
2024-09-03,Realty,-0.0027212665954240572,1.551876782449511,155.1876782449511
2024-09-04,Realty,0.003530917730509675,1.5608872494267376,156.08872494267376
2024-09-05,Realty,-0.0019446108023731881,1.5559073204178429,155.5907320417843
2024-09-06,Realty,-0.007205709703514682,1.537490194237824,153.7490194237824
2024-09-09,Realty,-0.010265380464278842,1.511441891969596,151.1441891969596
2024-09-10,Realty,0.011366548339247634,1.53998831763588,153.998831763588
2024-09-11,Realty,-0.012683854751919153,1.5077714747434152,150.77714747434152
2024-09-12,Realty,0.006803045295718409,1.5248319576774052,152.4831957677405
2024-09-13,Realty,0.020265486096064295,1.5759989046106155,157.59989046106156
2024-09-16,Realty,0.0019230714522692482,1.580952734565149,158.09527345651492
2024-09-17,Realty,0.0020564630490459215,1.586260368495116,158.6260368495116
2024-09-18,Realty,-0.0030490049697628613,1.5783748477784734,157.83748477784735
2024-09-19,Realty,-0.0019395185286279273,1.5733740419874587,157.33740419874587
2024-09-20,Realty,0.024923666191777626,1.6375119575965393,163.75119575965394
2024-09-23,Realty,0.009368840507213656,1.6622223864631303,166.22223864631303
2024-09-24,Realty,-0.0047079812926417025,1.64968869327081,164.968869327081
2024-09-25,Realty,0.0038181030380912417,1.659805477720583,165.98054777205832
2024-09-26,Realty,-0.0013763254236603684,1.656144719819605,165.61447198196052
2024-09-27,Realty,-0.008451434300730074,1.633696487226819,163.3696487226819
2024-09-30,Realty,-0.013940699499018834,1.596980915926768,159.6980915926768
2024-10-01,Realty,-0.0032025239272585673,1.5886640224048785,158.86640224048784
2024-10-03,Realty,-0.03062111114433283,1.509396253659483,150.9396253659483
2024-10-04,Realty,-0.012327234600815654,1.4784623373342147,147.84623373342149
2024-10-07,Realty,-0.02488707784122627,1.4167806522184305,141.67806522184304
2024-10-08,Realty,0.014780365859997188,1.4525015544615818,145.25015544615817
2024-10-09,Realty,0.016449791780451972,1.49284469437371,149.284469437371
2024-10-10,Realty,-0.002922698279659755,1.4855588614740052,148.5558861474005
2024-10-11,Realty,0.003982406765672547,1.4954573679004168,149.54573679004167
2024-10-14,Realty,0.0034540997947190982,1.5040769266826115,150.40769266826115
2024-10-15,Realty,0.02852127805709609,1.5754964009848846,157.54964009848845
2024-10-16,Realty,0.018247636191707432,1.6224931223231085,162.24931223231084
2024-10-17,Realty,-0.026119417592454917,1.5539951293278103,155.39951293278102
2024-10-18,Realty,0.008553337725313477,1.5758403122177569,157.5840312217757
2024-10-21,Realty,-0.007716197332171576,1.5559646200725221,155.5964620072522
2024-10-22,Realty,-0.03941836266606048,1.455212679716884,145.52126797168842
2024-10-23,Realty,0.009670271882110434,1.4789552538581514,147.89552538581515
2024-10-24,Realty,-0.01560793091256514,1.4402638915205928,144.02638915205927
2024-10-25,Realty,-0.024368395694619287,1.3807985754127277,138.07985754127276
2024-10-28,Realty,0.01159569634940677,1.408405592762314,140.8405592762314
2024-10-29,Realty,0.015428677587572624,1.4455641061531508,144.5564106153151
2024-10-30,Realty,0.006582830578087284,1.4616628403318086,146.16628403318086
2024-10-31,Realty,0.0031768681390842157,1.4694832185784263,146.94832185784264
2024-11-01,Realty,0.009821101144301014,1.4937362630422393,149.37362630422393
2024-11-04,Realty,-0.02259306366482384,1.4373951208880462,143.73951208880462
2024-11-05,Realty,0.011761234210375615,1.4660618957680374,146.60618957680373
2024-11-06,Realty,0.022723947180143964,1.522100556030436,152.2100556030436
2024-11-07,Realty,-0.00015690105993226844,1.5217048357799392,152.17048357799393
2024-11-08,Realty,-0.02493541759800047,1.4588250726408694,145.88250726408694
2024-11-11,Realty,-0.008422572506217411,1.4381154401864467,143.81154401864467
2024-11-12,Realty,-0.006865602431786695,1.4213763088913258,142.1376308891326
2024-11-13,Realty,-0.03782159556810832,1.3297959934182395,132.97959934182396
2024-11-14,Realty,0.003432814863627655,1.3377937517336655,133.77937517336656
2024-11-18,Realty,0.005499867038728491,1.3506513065321708,135.06513065321707
2024-11-19,Realty,0.010437199939992495,1.375185524207652,137.51855242076522
2024-11-21,Realty,-0.0023811285216331288,1.369529902211791,136.9529902211791
2024-11-22,Realty,0.024455710179393977,1.4274784387616908,142.74784387616907
2024-11-25,Realty,0.025084228808054866,1.4883698633462088,148.8369863346209
2024-11-26,Realty,0.012568675377620152,1.5196453763780604,151.96453763780605
2024-11-27,Realty,0.007604246249409467,1.5388053802812252,153.88053802812252
2024-11-28,Realty,0.005479818127769216,1.5527175720269684,155.27175720269685
2024-11-29,Realty,0.011967744836377553,1.5832678445683244,158.32678445683243
2024-12-02,Realty,0.01471100414924948,1.6212703085483917,162.12703085483918
2024-12-03,Realty,0.012594828635293723,1.6542847588913423,165.42847588913423
2024-12-04,Realty,0.01636284250317936,1.6977164023596711,169.7716402359671
2024-12-05,Realty,0.0011932559766821976,1.7009354685801807,170.09354685801807
2024-12-06,Realty,-0.001037907840855376,1.698132146479697,169.8132146479697
2024-12-09,Realty,-0.0007154659981028558,1.6962017246705026,169.62017246705025
2024-12-10,Realty,0.004869546539206605,1.7093310044478747,170.93310044478747
2024-12-11,Realty,-0.0075465906733243535,1.6888847923587598,168.888479235876
2024-12-12,Realty,-0.009755044080061018,1.6626546026830944,166.26546026830943
2024-12-13,Realty,-0.004643441449594374,1.6502907219350424,165.02907219350425
2024-12-16,Realty,0.0380868166458406,1.7512318587195548,175.12318587195549
2024-12-17,Realty,-0.004586292130929322,1.7386139056955474,173.86139056955474
2024-12-18,Realty,-0.009943073045634798,1.7113836675874254,171.13836675874254
2024-12-19,Realty,-0.006732930255577335,1.6931281104574478,169.31281104574478
2024-12-20,Realty,-0.0323215706717217,1.6060819799072972,160.6081979907297
2024-12-23,Realty,0.0018949189015760523,1.6110202939100802,161.10202939100802
2024-12-24,Realty,0.00371911162552091,1.6207309698396322,162.0730969839632
2024-12-26,Realty,0.0001700312925001224,1.6211765761137293,162.11765761137292
2024-12-27,Realty,0.002939900535420613,1.6288825745332782,162.8882574533278
2024-12-30,Realty,-0.010139924769180741,1.6022259030005008,160.2225903000501
2024-12-31,Realty,0.0006414579859126274,1.6038951215871293,160.38951215871293
2025-01-01,Realty,0.003379715193535422,1.6126955454919303,161.26955454919303
2025-01-02,Realty,0.004538100553838888,1.62455222059394,162.455222059394
2025-01-03,Realty,0.0033312847025766743,1.6332953512575181,163.32953512575182
2025-01-06,Realty,-0.035280677494181976,1.5403909072228732,154.0390907222873
2025-01-07,Realty,0.026002097513804952,1.6064463993156655,160.64463993156656
2025-01-08,Realty,-0.0005956931467841764,1.6048937570581328,160.48937570581327
2025-01-09,Realty,-0.02587686238183553,1.5374872797874368,153.7487279787437
2025-01-10,Realty,-0.028605933103289516,1.4649000884113894,146.49000884113894
2025-01-13,Realty,-0.06089829985288409,1.314791863719912,131.4791863719912
2025-01-14,Realty,0.00403699557900182,1.3241366682400586,132.41366682400587
2025-01-15,Realty,0.005427270191495873,1.3367503859005603,133.67503859005603
2025-01-16,Realty,0.010837989823706304,1.3620760628034922,136.20760628034924
2025-01-17,Realty,0.022807396813046908,1.415948868870451,141.59488688704508
2025-01-20,Realty,0.0054230356053987586,1.4290506456071586,142.90506456071586
2025-01-21,Realty,-0.02353675462461581,1.3718786765907383,137.18786765907382
2025-01-22,Realty,-0.036888063186959245,1.2843846660968579,128.43846660968578
2025-01-23,Realty,-0.0031910467669313894,1.2770950877936817,127.70950877936818
2025-01-24,Realty,-0.02851667227007061,1.2121599134472816,121.21599134472815
2025-01-27,Realty,-0.023203467793477456,1.1608301321415855,116.08301321415854
2025-01-28,Realty,0.010099356401646428,1.1826531257695003,118.26531257695004
2025-01-29,Realty,0.03307914205613316,1.2548534185760927,125.48534185760927
2025-01-30,Realty,0.010416100934386274,1.2783401993762276,127.83401993762276
2025-01-31,Realty,0.019726913628610877,1.3232848197059144,132.32848197059144
2025-02-01,Realty,0.02148833164591498,1.3732083344196746,137.32083344196747
2025-02-03,Realty,-0.018629377731861914,1.3289969399213675,132.89969399213675
2025-02-04,Realty,0.018346339809136726,1.3717255091956044,137.17255091956045
2025-02-05,Realty,-0.002823065834954029,1.365029971940705,136.5029971940705
2025-02-06,Realty,-0.009518458385708445,1.3425185325718343,134.25185325718343
2025-02-07,Realty,-0.006364926337167093,1.3276085746685657,132.76085746685658
2025-02-10,Realty,-0.03046187211422606,1.256705259935036,125.67052599350359
2025-02-11,Realty,-0.038855100227832354,1.1690207508755837,116.90207508755836
2025-02-12,Realty,-0.022062665885612183,1.121166370750056,112.11663707500561
2025-02-13,Realty,0.004746801286517638,1.1312351260076507,113.12351260076508
2025-02-14,Realty,-0.027188087261397098,1.0732909194272002,107.32909194272003
2025-02-17,Realty,-0.007563482329775301,1.0576096201936291,105.76096201936292
2025-02-18,Realty,-0.011308140094232859,1.0343418823492385,103.43418823492385
2025-02-19,Realty,0.017487436845222762,1.0699173075384123,106.99173075384122
2025-02-20,Realty,0.009305546717098205,1.089179019744241,108.9179019744241
2025-02-21,Realty,-0.013762761732626042,1.0604261466787,106.04261466787
2025-02-24,Realty,-0.0074700754441192965,1.0450346079159742,104.50346079159742
2025-02-25,Realty,-0.013854721799272246,1.0167012223534146,101.67012223534147
2025-02-27,Realty,-0.013677521018795664,0.9891177489960448,98.91177489960448
2025-02-28,Realty,-0.02161552176992796,0.9461219309896707,94.61219309896707
2025-03-03,Realty,-0.00046912575848361004,0.9452089550626936,94.52089550626937
2025-03-04,Realty,0.016743831581159004,0.9777792061964257,97.77792061964257
2025-03-05,Realty,0.02115485581614434,1.0196188401396795,101.96188401396795
2025-03-06,Realty,0.009495748209695225,1.0387966321252025,103.87966321252024
2025-03-07,Realty,0.0002991280086389117,1.0394064933017897,103.94064933017897
2025-03-10,Realty,-0.024274309692696713,0.9899013084940853,98.99013084940853
2025-03-11,Realty,0.01836717532445501,1.0264501747055585,102.64501747055586
2025-03-12,Realty,-0.006872130741223871,1.0125241441644062,101.25241441644062
2025-03-13,Realty,-0.012656020102594312,0.9870535981389053,98.70535981389052
2025-03-17,Realty,-0.00788760958202929,0.971380495138219,97.1380495138219
2025-03-18,Realty,0.0,0.971380495138219,97.1380495138219
2025-03-19,Realty,0.059384244878056484,1.0884494372093312,108.84494372093312
2025-03-20,Realty,0.0026091477575375666,1.0938985103751566,109.38985103751565
2025-03-21,Realty,0.02261551818505665,1.1412531102142092,114.12531102142091
2025-03-24,Realty,0.0038257226416665013,1.1494449507194946,114.94449507194946
2025-03-25,Realty,-0.017934526273431284,1.1108956737775215,111.08956737775215
2025-03-26,Realty,-0.019069754180894342,1.0706414121770709,107.06414121770709
2025-03-27,Realty,0.016894904319622643,1.1056247007160511,110.5624700716051
2025-03-28,Realty,-0.0140852976674736,1.0759663500304808,107.59663500304808
2025-04-01,Realty,-0.012006589547612127,1.0510410741510103,105.10410741510103
2025-04-02,Realty,0.022305378635055023,1.0967903219059987,109.67903219059987
2025-04-03,Realty,0.004977599582644467,1.107227304537211,110.7227304537211
2025-04-04,Realty,-0.041292134735706525,1.020215390759501,102.0215390759501
2025-04-07,Realty,-0.05294086178013139,0.9132634469912082,91.32634469912082
2025-04-08,Realty,0.022094909721220975,0.9555368301253913,95.55368301253912
2025-04-09,Realty,-0.020657449572627835,0.9151404266696594,91.51404266696595
2025-04-11,Realty,0.014970907594434708,0.943811817027697,94.3811817027697
2025-04-15,Realty,0.045650077318416415,1.0325469767674629,103.25469767674629
2025-04-16,Realty,0.009850996518191817,1.0525695899586607,105.25695899586607
2025-04-17,Realty,0.003389975847955695,1.0595277512948686,105.95277512948687
2025-04-21,Realty,0.019800636203483622,1.1003077110492372,110.03077110492372
2025-04-22,Realty,0.020611173560923485,1.1435975178130193,114.35975178130194
2025-04-23,Realty,0.007993288777352003,1.1607319117953137,116.07319117953136
2025-04-24,Realty,-0.0040235677292159225,1.1520380606035268,115.20380606035268
2025-04-25,Realty,-0.028004758310716,1.091770754840863,109.1770754840863
2025-04-28,Realty,0.005991838377220553,1.1043043071260663,110.43043071260664
2025-04-29,Realty,0.0033351278964962663,1.11132243112348,111.132243112348
2025-04-30,Realty,8.299813355570895e-05,1.1114976669445977,111.14976669445977
2025-05-02,Realty,-0.005511837799181345,1.0998594342910493,109.98594342910492
2025-05-05,Realty,0.00937677259908843,1.119549338696447,111.9549338696447
2025-05-06,Realty,-0.036964499787800024,1.0412012576159704,104.12012576159704
2025-05-07,Realty,0.0058357711474297524,1.0531132410212631,105.31132410212632
2025-05-08,Realty,-0.02158147009130098,1.0088040390161086,100.88040390161086
2025-05-09,Realty,-0.011002176355584523,0.986702822715043,98.67028227150429
2025-05-12,Realty,0.052883757812946436,1.091767133637802,109.17671336378021
2025-05-13,Realty,0.002747106803837475,1.0975134413626617,109.75134413626617
2025-05-14,Realty,0.017964786179731115,1.1351948218458539,113.51948218458539
2025-05-15,Realty,0.005537904919911435,1.1470193277547232,114.70193277547232
2025-05-16,Realty,0.022253155675464688,1.1947972830934805,119.47972830934805
2025-05-19,Realty,0.01448373464865959,1.2265861445494055,122.65861445494055
2025-05-20,Realty,-0.007785989982372614,1.2092499671330543,120.92499671330543
2025-05-21,Realty,0.00953404907255332,1.2303130647332376,123.03130647332377
2025-05-22,Realty,-0.0031958548796879108,1.2231853078420785,122.31853078420785
2025-05-23,Realty,0.006911527955678558,1.2385509152478829,123.85509152478829
2025-05-26,Realty,0.0050337704247071235,1.2498192666392587,124.98192666392586
2025-05-27,Realty,-0.0014926646986391928,1.246461040841628,124.64610408416279
2025-05-28,Realty,0.0019652833371218495,1.250875973292687,125.0875973292687
2025-05-29,Realty,0.005837753055299003,1.2640160313828757,126.40160313828757
2025-05-30,Realty,0.01263215261298465,1.2926154274095478,129.26154274095478
2025-06-02,Realty,0.011517557727285292,1.3190207579412019,131.90207579412018
2025-06-03,Realty,0.01216002641898465,1.3472201116239408,134.7220111623941
2025-06-04,Realty,0.0005917791179207293,1.348609147471163,134.8609147471163
2025-06-05,Realty,0.021851120872714687,1.3999288898353188,139.99288898353188
2025-06-06,Realty,0.044123397384724664,1.5058219059366036,150.58219059366036
2025-06-09,Realty,0.008498113274202343,1.5271166643382306,152.71166643382307
2025-06-10,Realty,-0.007225461236936147,1.5088570808388395,150.88570808388394
2025-06-11,Realty,0.0037318950794735795,1.5182198722339244,151.82198722339245
2025-06-12,Realty,-0.02019655865057357,1.4673604968893121,146.73604968893122
2025-06-13,Realty,0.0004146163866474359,1.468383504983089,146.8383504983089
2025-06-16,Realty,0.010046108092855416,1.49318115248877,149.318115248877
2025-06-17,Realty,-0.0035308135272898583,1.4843781947495782,148.43781947495782
2025-06-18,Realty,-0.00840243911316671,1.463503358234116,146.3503358234116
2025-06-19,Realty,-0.014851582943259063,1.4269164337783047,142.69164337783047
2025-06-20,Realty,0.010468952061780924,1.452323705581478,145.2323705581478
2025-06-23,Realty,0.0033547024722555066,1.4605505219793629,146.05505219793628
2025-06-24,Realty,0.0042819248426682124,1.4710864143860665,147.10864143860664
2025-06-25,Realty,0.015920041807746123,1.5104262134136461,151.04262134136462
2025-06-26,Realty,-0.012750266534364826,1.478417610077766,147.8417610077766
2025-06-27,Realty,-0.00822483221838051,1.4580330410677966,145.80330410677965
2025-06-30,Realty,-0.0006115712340995297,1.4565297787674134,145.65297787674135
2025-07-01,Realty,0.0007476892675744862,1.4583664997184749,145.8366499718475
2025-07-02,Realty,-0.014604058175718061,1.4224643723393497,142.24643723393498
2025-07-03,Realty,-0.0031391402157482026,1.4148599170069218,141.48599170069218
2025-07-04,Realty,0.00688943987481945,1.4314969492112524,143.14969492112525
2025-07-07,Realty,0.003257839906813262,1.4394183770056874,143.94183770056875
2025-07-08,Realty,0.003500828356456716,1.4479583620331709,144.7958362033171
2025-07-09,Realty,-0.007708402249502651,1.4290885142885856,142.90885142885855
2025-07-10,Realty,0.0031549699956148064,1.4367522156678585,143.67522156678584
2025-07-11,Realty,-0.011877980566089345,1.4078085202057804,140.78085202057804
2025-07-14,Realty,0.0036932592196902286,1.4167011812222792,141.6701181222279
2025-07-15,Realty,0.010394663058486887,1.4418219757141317,144.18219757141318
2025-07-16,Realty,0.004435252272450604,1.4526520721808378,145.2652072180838
2025-07-17,Realty,0.00842250268568022,1.4733095408458197,147.33095408458198
2025-07-18,Realty,-0.0017012884198432457,1.469101727965291,146.91017279652908
2025-07-21,Realty,0.0034141953515246792,1.4775317236073517,147.75317236073516
2025-07-22,Realty,-0.004084438830119101,1.4674123968325978,146.74123968325978
2025-07-23,Realty,-0.016330950860823965,1.4271172062265367,142.71172062265367
2025-07-24,Realty,-0.009974611415025918,1.4029076552357038,140.29076552357037
2025-07-25,Realty,-0.012061116593616035,1.3739259058422135,137.39259058422135
2025-07-28,Realty,-0.024681475619854946,1.315333911473827,131.5333911473827
2025-07-29,Realty,0.005501304535986018,1.32807126842334,132.80712684233401
2025-07-30,Realty,-0.0061551317666988445,1.3137416830039288,131.37416830039288
2025-07-31,Realty,-0.00326874008316784,1.3061786628225978,130.61786628225977
2025-08-01,Realty,-0.015376999975994836,1.2707165535797347,127.07165535797347
2025-08-04,Realty,0.0043073650653778495,1.2804973587359991,128.0497358735999
2025-08-05,Realty,-0.0057358038516475765,1.2674168732020887,126.74168732020887
2025-08-06,Realty,-0.0055384226499613845,1.2548589602346416,125.48589602346416
2025-08-07,Realty,-0.009150871897813592,1.2342250347418973,123.42250347418972
2025-08-08,Realty,-0.015367743109272386,1.199890038359679,119.98900383596789
2025-08-11,Realty,0.0066964292033340825,1.2146214462566745,121.46214462566745
2025-08-12,Realty,-0.001871178015215802,1.2104774952944135,121.04774952944135
2025-08-13,Realty,0.007290714274340027,1.2265934551224635,122.65934551224635
2025-08-14,Realty,-0.007489686044529216,1.2099169691947926,120.99169691947927
2025-08-18,Realty,0.010036125726402792,1.2320959737425428,123.20959737425427
2025-08-19,Realty,0.012114320772376466,1.2591363003631897,125.91363003631896
2025-08-20,Realty,0.008701520970219721,1.2787942222553847,127.87942222553848
2025-08-21,Realty,0.0031260526771396957,1.2859178530345168,128.59178530345167
2025-08-22,Realty,-0.0054939316297893045,1.2733591766386305,127.33591766386306
2025-08-25,Realty,0.008074656404558955,1.2917157708741382,129.17157708741382
2025-08-26,Realty,-0.009549840121095263,1.2698302516592976,126.98302516592976
2025-08-28,Realty,-0.010238136229483122,1.2465914203250077,124.65914203250077
2025-08-29,Realty,-0.011870443419628104,1.219923383983018,121.9923383983018
2025-09-01,Realty,0.009034674847800933,1.2399796699443346,123.99796699443345
2025-09-02,Realty,0.012144449243312233,1.2671829893520248,126.71829893520248
2025-09-03,Realty,0.006359596413036447,1.2816013581588055,128.16013581588055
2025-09-04,Realty,-0.006095313043556136,1.2676942836402247,126.76942836402247
2025-09-05,Realty,0.003013609055168266,1.2745282276677563,127.45282276677563
2025-09-08,Realty,0.0023435032086678437,1.2798585918675012,127.98585918675012
2025-09-09,Realty,-0.004912819197606749,1.268658058809546,126.8658058809546
2025-09-10,Realty,0.009039419696974138,1.289165411152048,128.9165411152048
2025-09-11,Realty,-0.0015683227649236284,1.2855752609250626,128.55752609250627
2025-09-12,Realty,-0.0013073400540331084,1.282587236839948,128.2587236839948
2025-09-15,Realty,0.014279707730939895,1.315181915452396,131.5181915452396
2025-09-16,Realty,0.005439367062355441,1.3277750397066685,132.77750397066686
2025-09-17,Realty,0.0032383411653483865,1.3353131694414215,133.53131694414216
2025-09-18,Realty,0.00723503701904208,1.3522092466733868,135.2209246673387
2025-09-19,Realty,0.001511195910738443,1.3557638956681606,135.57638956681606
2025-09-22,Realty,-0.008251680443735684,1.336324884800217,133.6324884800217
2025-09-23,Realty,-0.0027057693297794436,1.3300033285825243,133.00033285825242
2025-09-24,Realty,-0.020377781660669572,1.2825230294840364,128.25230294840364
2025-09-25,Realty,-0.011427328437327265,1.256439889160359,125.6439889160359
2025-09-26,Realty,-0.02049995157547045,1.2101829806996118,121.01829806996119
2025-09-29,Realty,0.00605885744933702,1.2235741643166214,122.35741643166213
2025-09-30,Realty,-0.0047018410285475445,1.213119272080819,121.3119272080819
2025-10-01,Realty,0.015838967763460707,1.2481727968880008,124.81727968880007
2025-10-03,Realty,-0.0008007093369645502,1.246372663938423,124.6372663938423
2025-10-06,Realty,-0.002827484086401419,1.2400210809790098,124.00210809790097
2025-10-07,Realty,0.005492798622755896,1.2523250656875557,125.23250656875558
2025-10-08,Realty,-0.011465207225370887,1.226501692070551,122.65016920705509
2025-10-09,Realty,0.00028280798539988966,1.2271313645285749,122.71313645285748
2025-10-10,Realty,0.01629530348152601,1.2634231460067933,126.34231460067933
2025-10-13,Realty,-0.0012476946027768013,1.2605990851637205,126.05990851637205
2025-10-14,Realty,-0.012372954076242101,1.232628796498195,123.2628796498195
2025-10-15,Realty,0.024652425916935325,1.2876685125038834,128.76685125038833
2025-10-16,Realty,0.017136474650444926,1.3268710859770274,132.68710859770275
2025-10-17,Realty,-0.0020168866250037873,1.3221780508056122,132.21780508056122
2025-10-20,Realty,0.002614213813840617,1.3282487207442255,132.82487207442256
2025-10-21,Realty,0.0036332068644097937,1.3367077299784866,133.67077299784867
2025-10-23,Realty,0.0015361589370847945,1.3402972844412484,134.02972844412483
2025-10-24,Realty,-0.0014526250805086266,1.3368977099100228,133.68977099100226
2025-10-27,Realty,0.006001495050676708,1.350922589949986,135.0922589949986
2025-10-28,Realty,-0.007677411523477458,1.3328735897671002,133.28735897671004
2025-10-29,Realty,0.007553418816288043,1.3504947610360682,135.04947610360682
2025-10-30,Realty,0.00393071975070982,1.3597338972172128,135.97338972172128
2025-10-31,Realty,-3.0003770169900745e-06,1.3597268171258614,135.97268171258614
2025-11-03,Realty,0.01855736332736714,1.4035171250245977,140.35171250245978
2025-11-04,Realty,-0.009753509627637769,1.380074397605478,138.00743976054778
2025-11-06,Realty,-0.019546530578691844,1.3335522006131209,133.35522006131208
2025-11-07,Realty,-0.004353779410885758,1.3233924290878645,132.33924290878645
2025-11-10,Realty,-0.006080256338113252,1.3092656075449787,130.92656075449787
2025-11-11,Realty,-0.002475343491449837,1.3035493819533133,130.35493819533133
2025-11-12,Realty,-0.0010611731835974345,1.301104917122092,130.1104917122092
2025-11-13,Realty,0.0007824002177416883,1.302905302110295,130.2905302110295
2025-11-14,Realty,-0.00023472140738065722,1.3023647609367193,130.23647609367194
2025-11-17,Realty,4.024869782875279e-05,1.3024574281202739,130.2457428120274
2025-11-18,Realty,-0.013074173401136271,1.2723547004562952,127.23547004562951
2025-11-19,Realty,-0.003410640727697499,1.2646045149671443,126.46045149671443
2025-11-20,Realty,-0.006129776445235435,1.2507229955535246,125.07229955535246
2025-11-21,Realty,-0.0163535277381597,1.2139157346148264,121.39157346148264
2025-11-24,Realty,-0.013673784475443061,1.183643128012911,118.36431280129109
2025-11-25,Realty,0.013731590982598518,1.2136280222987463,121.36280222987463
2025-11-26,Realty,0.012597361166813967,1.241513893984624,124.1513893984624
2025-11-27,Realty,-0.003794945741285992,1.2330074703786136,123.30074703786136
2025-11-28,Realty,-0.0006229698577611201,1.2316163740324124,123.16163740324124
2025-12-01,Realty,-0.0044418098159065625,1.2217039585168976,122.17039585168976
2025-12-02,Realty,-0.004757829126730631,1.211133470712093,121.1133470712093
2025-12-03,Realty,-0.005151852947081974,1.1997420362246132,119.97420362246132
2025-12-04,Realty,0.002389064818536922,1.2049973625332142,120.49973625332142
2025-12-05,Realty,-0.001856408151430608,1.2009039874555247,120.09039874555248
2025-12-08,Realty,-0.031179420086852462,1.1322810774598202,113.22810774598202
2025-12-09,Realty,0.011368294790205409,1.15652147732396,115.652147732396
2025-12-10,Realty,0.0009266673544640891,1.158519855376197,115.85198553761971
2025-12-11,Realty,0.005484263828292209,1.1703577477416873,117.03577477416873
2025-12-12,Realty,0.006346851170268855,1.1841326853528438,118.41326853528437
2025-12-15,Realty,-0.006691524681339253,1.1695175075814852,116.95175075814852
2025-12-16,Realty,-0.012302782312321132,1.1428264059629405,114.28264059629404
2025-12-17,Realty,-0.009296996122373828,1.122904557175783,112.2904557175783
2025-12-18,Realty,0.0027444665739827234,1.1287307977727075,112.87307977727075
2025-12-19,Realty,0.013287858654217236,1.1570170717263903,115.70170717263903
2025-12-22,Realty,0.009339949228222684,1.1771635016607243,117.71635016607243
2025-12-23,Realty,0.001020778465363005,1.179385903278794,117.93859032787938
2025-12-24,Realty,-0.007064052612956832,1.163990606594096,116.3990606594096
2025-12-26,Realty,-0.0009306527310242174,1.1619766828261584,116.19766828261584
2025-12-29,Realty,-0.0070339159296513715,1.1467695205972928,114.67695205972927
2025-12-30,Realty,-0.007831070376380714,1.129958017399626,112.9958017399626
2025-12-31,Realty,0.004605151303465421,1.1397667963397806,113.97667963397807
2026-01-01,Realty,0.008023464876026835,1.1569351400731014,115.69351400731014
2026-01-02,Realty,0.008478954668490711,1.175223695348656,117.52236953486559
2026-01-05,Realty,0.012368067779025056,1.2021270094472691,120.21270094472692
2026-01-06,Realty,-0.0006695201826069502,1.2006526409697802,120.06526409697801
2026-01-07,Realty,-0.0014179187369759427,1.1975322943565736,119.75322943565736
2026-01-08,Realty,-0.006442560375810438,1.1833745598723882,118.33745598723881
2026-01-09,Realty,-0.019340882442997802,1.1411461691808644,114.11461691808644
2026-01-12,Realty,-0.00769470364455227,1.1246706839493492,112.46706839493493
2026-01-13,Realty,-0.0017122841765837005,1.1210326439567715,112.10326439567714
2026-01-14,Realty,0.001989208332726755,1.1252518197661154,112.52518197661155
2026-01-15,Realty,0.0,1.1252518197661154,112.52518197661155
2026-01-16,Realty,-0.004160987153644838,1.1164086742458084,111.64086742458083
2026-01-19,Realty,-0.021459401324419848,1.0709918111386845,107.09918111386844
2026-01-20,Realty,-0.04193195896844781,0.9841510674900258,98.41510674900258
2026-01-21,Realty,-0.014142303899010097,0.9560906001120366,95.60906001120367
2026-01-22,Realty,-0.0012049664859155318,0.9537335764954873,95.37335764954872
2026-01-23,Realty,-0.026151371035287814,0.9026407648324539,90.26407648324539
2026-01-27,Realty,-0.005108109727353476,0.892921867033954,89.2921867033954
2026-01-28,Realty,0.020103777906562002,0.9309767478432793,93.09767478432794
2026-01-29,Realty,0.003483240014852,0.9377028033191157,93.77028033191156
2026-01-30,Realty,0.02338549868771643,0.9830169496833194,98.30169496833194
2026-02-02,Realty,-0.018308602215428356,0.9467106811651154,94.67106811651153
2026-02-03,Realty,0.03460459140798399,1.0140758088763926,101.40758088763926
2026-02-04,Realty,0.0164307970989106,1.0471686798338649,104.71686798338649
2026-02-05,Realty,-0.006006199539968289,1.034872976250809,103.48729762508091
2026-02-06,Realty,0.003983568946267682,1.042979033048601,104.29790330486011
2026-02-09,Realty,0.020966928713032622,1.0858140287967513,108.58140287967512
2026-02-10,Realty,0.006834294809454314,1.100069096787244,110.0069096787244
2026-02-11,Realty,0.0037547443600318905,1.107954319384083,110.79543193840831
2026-02-12,Realty,-0.011768314744222873,1.0831472494871268,108.31472494871268
2026-02-13,Realty,-0.013262418751017413,1.0555196783443983,105.55196783443984
2026-02-16,Realty,-0.00606124518778893,1.043060669585628,104.3060669585628
2026-02-17,Realty,-0.00019519517351017368,1.0426618740037363,104.26618740037364
2026-02-18,Realty,0.003547879317654025,1.0499089918194744,104.99089918194744
2026-02-19,Realty,-0.011763142222912637,1.0257956208046743,102.57956208046744
2026-02-20,Realty,-0.0023899607617281077,1.0209540487596707,102.09540487596706
2026-02-23,Realty,-0.0032621764049112836,1.014361340146397,101.43613401463969
2026-02-24,Realty,-0.020136668991689276,0.9737988126102133,97.37988126102132
2026-02-25,Realty,-0.002915574614631565,0.9680440548977771,96.80440548977771
2026-02-26,Realty,-0.0004213762642165525,0.9672147678461107,96.72147678461107
2026-02-27,Realty,-0.020743611863042424,0.9264076282506659,92.64076282506659
2026-03-02,Realty,-0.019340681621748172,0.8891495916389627,88.91495916389627
2026-03-04,Realty,-0.027409296605528877,0.8373693301495166,83.73693301495166
2026-03-05,Realty,0.006404633193293208,0.8491370067497312,84.91370067497313
2026-03-06,Realty,-0.007785928385135747,0.8347397584408736,83.47397584408736
2026-03-09,Realty,-0.021862277497911697,0.7946281687053878,79.46281687053877
2026-03-10,Realty,0.017647864147049108,0.8262995228211683,82.62995228211682
2026-03-11,Realty,-0.003192405381000886,0.8204692343971947,82.04692343971946
2026-03-12,Realty,-0.013879383340002334,0.7952022440343154,79.52022440343154
2026-03-13,Realty,-0.024162979338312886,0.7518248093036213,75.18248093036213
2026-03-16,Realty,-0.01559504162068797,0.7245050284903776,72.45050284903776
2026-03-17,Realty,0.010924329299705729,0.7433440893006047,74.33440893006048
2026-03-18,Realty,0.02368038543740278,0.784627149285261,78.4627149285261
2026-03-19,Realty,-0.033024988484402454,0.7256898582311633,72.56898582311632
2026-03-20,Realty,-0.010796543441571438,0.7070583727100912,70.70583727100912
2026-03-23,Realty,-0.04739608051715828,0.6261504966296345,62.61504966296345
2026-03-24,Realty,0.01321829525922593,0.647645434030022,64.7645434030022
2026-03-25,Realty,0.0237219349286368,0.6867307718015476,68.67307718015476
2026-03-27,Realty,-0.03277908819610283,0.6314412750695841,63.14412750695841
2026-03-30,Realty,-0.04305640004861094,0.5611972868743722,56.11972868743722
2026-04-01,Realty,0.040675008471316484,0.6246989997433836,62.46989997433836
2026-04-02,Realty,0.015303628943022403,0.649562790379556,64.9562790379556
2026-04-06,Realty,0.021808622652568478,0.6855374828166616,68.55374828166616
2026-04-07,Realty,0.01434454919186521,0.709715758153658,70.9715758153658
2026-04-08,Realty,0.05284523731525448,0.8000660931349184,80.00660931349184
2026-04-09,Realty,0.001956593240048668,0.803588090284387,80.3588090284387
2026-04-10,Realty,0.016885318548093012,0.8340422497183857,83.40422497183857
2026-04-13,Realty,0.001352718698676661,0.8365231929637427,83.65231929637427
2026-04-15,Realty,0.025877795266747355,0.8840483641538914,88.40483641538914
2026-04-16,Realty,0.0021610269990425326,0.88811984353633,88.811984353633
2026-04-17,Realty,0.007080351032772596,0.9014883948205108,90.14883948205107
2026-04-20,Realty,-0.006912861209543257,0.8883436694555593,88.83436694555593
2026-04-21,Realty,0.021858836937764525,0.9296206658086483,92.96206658086483
2026-04-22,Realty,0.008007245547311664,0.9450716122929452,94.50716122929452
2026-04-23,Realty,-0.0026300516249047265,0.9399559735384782,93.99559735384781
2026-04-24,Realty,-0.010812158973510184,0.9189808611509693,91.89808611509693
2026-04-27,Realty,0.015727160053464494,0.9491609802938259,94.9160980293826
2026-04-28,Realty,0.00037478915237316307,0.949891504685469,94.9891504685469
2026-04-29,Realty,0.008826044631496888,0.9671013341323997,96.71013341323997
2026-04-30,Realty,-0.008851841745388368,0.9496888644255175,94.96888644255175
2026-05-01,Realty,0.0,0.9496888644255175,94.96888644255175
2026-05-04,Realty,0.019303673326901166,0.9873250213534845,98.73250213534845
2026-05-05,Realty,-0.012272709853478433,0.9629351579818555,96.29351579818555
2026-05-06,Realty,0.033309585730964805,1.0283197149109773,102.83197149109773
2026-05-07,Realty,0.02494127571786462,1.0789085961645526,107.89085961645526
2026-05-08,Realty,-0.007217375313163472,1.0639043325842712,106.39043325842712
2026-05-11,Realty,-0.022464369182137643,1.0175400237004846,101.75400237004845
2026-05-12,Realty,-0.03360229034083138,0.9497460580498531,94.97460580498532
